[0.000000] (-) TimerEvent: {}
[0.000129] (my_interfaces) JobQueued: {'identifier': 'my_interfaces', 'dependencies': OrderedDict()}
[0.000148] (ergodic_exploration) JobQueued: {'identifier': 'ergodic_exploration', 'dependencies': OrderedDict([('my_interfaces', '/home/avavvas/dipl/install/my_interfaces')])}
[0.000162] (my_interfaces) JobStarted: {'identifier': 'my_interfaces'}
[0.007955] (my_interfaces) JobProgress: {'identifier': 'my_interfaces', 'progress': 'cmake'}
[0.008322] (my_interfaces) Command: {'cmd': ['/usr/bin/cmake', '/home/avavvas/dipl/src/my_interfaces', '-DAMENT_CMAKE_SYMLINK_INSTALL=1', '-DCMAKE_INSTALL_PREFIX=/home/avavvas/dipl/install/my_interfaces'], 'cwd': '/home/avavvas/dipl/build/my_interfaces', 'env': OrderedDict([('LESSOPEN', '| /usr/bin/lesspipe %s'), ('USER', 'avavvas'), ('LC_TIME', 'el_GR.UTF-8'), ('XDG_SESSION_TYPE', 'wayland'), ('SHLVL', '2'), ('LD_LIBRARY_PATH', '/home/avavvas/dipl/install/my_interfaces/lib:/opt/ros/humble/opt/rviz_ogre_vendor/lib:/opt/ros/humble/lib/x86_64-linux-gnu:/opt/ros/humble/lib'), ('HOME', '/home/avavvas'), ('DESKTOP_SESSION', 'ubuntu'), ('ROS_PYTHON_VERSION', '3'), ('GNOME_SHELL_SESSION_MODE', 'ubuntu'), ('GTK_MODULES', 'gail:atk-bridge'), ('LC_MONETARY', 'el_GR.UTF-8'), ('MANAGERPID', '3548'), ('SYSTEMD_EXEC_PID', '4297'), ('IM_CONFIG_CHECK_ENV', '1'), ('DBUS_SESSION_BUS_ADDRESS', 'unix:path=/run/user/1000/bus'), ('COLORTERM', 'truecolor'), ('GIO_LAUNCHED_DESKTOP_FILE_PID', '7903'), ('IM_CONFIG_PHASE', '1'), ('WAYLAND_DISPLAY', 'wayland-0'), ('COLCON_PREFIX_PATH', '/home/avavvas/dipl/install'), ('ROS_DISTRO', 'humble'), ('LOGNAME', 'avavvas'), ('_', '/home/avavvas/venvs/venv/bin/colcon'), ('JOURNAL_STREAM', '8:20209'), ('ROS_VERSION', '2'), ('XDG_SESSION_CLASS', 'user'), ('USERNAME', 'avavvas'), ('TERM', 'xterm-256color'), ('GNOME_DESKTOP_SESSION_ID', 'this-is-deprecated'), ('ROS_LOCALHOST_ONLY', '0'), ('PATH', '/home/avavvas/venvs/venv/bin:/home/avavvas/.local/bin:/home/avavvas/.local/bin:/opt/ros/humble/bin:/home/avavvas/.local/bin:/usr/local/sbin:/usr/local/bin:/usr/sbin:/usr/bin:/sbin:/bin:/usr/games:/usr/local/games:/snap/bin:/snap/bin'), ('SESSION_MANAGER', 'local/vavvas-ubuntu:@/tmp/.ICE-unix/3799,unix/vavvas-ubuntu:/tmp/.ICE-unix/3799'), ('INVOCATION_ID', 'a2856b58551e4aed855b2ea2efe8a9e1'), ('XDG_MENU_PREFIX', 'gnome-'), ('LC_ADDRESS', 'el_GR.UTF-8'), ('GNOME_SETUP_DISPLAY', ':1'), ('XDG_RUNTIME_DIR', '/run/user/1000'), ('DISPLAY', ':0'), ('LANG', 'en_US.UTF-8'), ('XDG_CURRENT_DESKTOP', 'ubuntu:GNOME'), ('LC_TELEPHONE', 'el_GR.UTF-8'), ('VIRTUAL_ENV_PROMPT', '(venv)'), ('TILIX_ID', '0a27dbe0-c755-4e60-961f-26c42756252d'), ('XMODIFIERS', '@im=ibus'), ('XDG_SESSION_DESKTOP', 'ubuntu'), ('XAUTHORITY', '/run/user/1000/.mutter-Xwaylandauth.7C5RG3'), ('LS_COLORS', 'rs=0:di=01;34:ln=01;36:mh=00:pi=40;33:so=01;35:do=01;35:bd=40;33;01:cd=40;33;01:or=40;31;01:mi=00:su=37;41:sg=30;43:ca=30;41:tw=30;42:ow=34;42:st=37;44:ex=01;32:*.tar=01;31:*.tgz=01;31:*.arc=01;31:*.arj=01;31:*.taz=01;31:*.lha=01;31:*.lz4=01;31:*.lzh=01;31:*.lzma=01;31:*.tlz=01;31:*.txz=01;31:*.tzo=01;31:*.t7z=01;31:*.zip=01;31:*.z=01;31:*.dz=01;31:*.gz=01;31:*.lrz=01;31:*.lz=01;31:*.lzo=01;31:*.xz=01;31:*.zst=01;31:*.tzst=01;31:*.bz2=01;31:*.bz=01;31:*.tbz=01;31:*.tbz2=01;31:*.tz=01;31:*.deb=01;31:*.rpm=01;31:*.jar=01;31:*.war=01;31:*.ear=01;31:*.sar=01;31:*.rar=01;31:*.alz=01;31:*.ace=01;31:*.zoo=01;31:*.cpio=01;31:*.7z=01;31:*.rz=01;31:*.cab=01;31:*.wim=01;31:*.swm=01;31:*.dwm=01;31:*.esd=01;31:*.jpg=01;35:*.jpeg=01;35:*.mjpg=01;35:*.mjpeg=01;35:*.gif=01;35:*.bmp=01;35:*.pbm=01;35:*.pgm=01;35:*.ppm=01;35:*.tga=01;35:*.xbm=01;35:*.xpm=01;35:*.tif=01;35:*.tiff=01;35:*.png=01;35:*.svg=01;35:*.svgz=01;35:*.mng=01;35:*.pcx=01;35:*.mov=01;35:*.mpg=01;35:*.mpeg=01;35:*.m2v=01;35:*.mkv=01;35:*.webm=01;35:*.webp=01;35:*.ogm=01;35:*.mp4=01;35:*.m4v=01;35:*.mp4v=01;35:*.vob=01;35:*.qt=01;35:*.nuv=01;35:*.wmv=01;35:*.asf=01;35:*.rm=01;35:*.rmvb=01;35:*.flc=01;35:*.avi=01;35:*.fli=01;35:*.flv=01;35:*.gl=01;35:*.dl=01;35:*.xcf=01;35:*.xwd=01;35:*.yuv=01;35:*.cgm=01;35:*.emf=01;35:*.ogv=01;35:*.ogx=01;35:*.aac=00;36:*.au=00;36:*.flac=00;36:*.m4a=00;36:*.mid=00;36:*.midi=00;36:*.mka=00;36:*.mp3=00;36:*.mpc=00;36:*.ogg=00;36:*.ra=00;36:*.wav=00;36:*.oga=00;36:*.opus=00;36:*.spx=00;36:*.xspf=00;36:'), ('SSH_AGENT_LAUNCHER', 'gnome-keyring'), ('SSH_AUTH_SOCK', '/run/user/1000/keyring/ssh'), ('AMENT_PREFIX_PATH', '/home/avavvas/dipl/install/ergodic_exploration:/home/avavvas/dipl/install/my_interfaces:/opt/ros/humble'), ('SHELL', '/bin/bash'), ('LC_NAME', 'el_GR.UTF-8'), ('QT_ACCESSIBILITY', '1'), ('GDMSESSION', 'ubuntu'), ('LESSCLOSE', '/usr/bin/lesspipe %s %s'), ('LC_MEASUREMENT', 'el_GR.UTF-8'), ('LC_IDENTIFICATION', 'el_GR.UTF-8'), ('VIRTUAL_ENV', '/home/avavvas/venvs/venv'), ('QT_IM_MODULE', 'ibus'), ('PWD', '/home/avavvas/dipl/build/my_interfaces'), ('LC_ALL', 'en_US.UTF-8'), ('XDG_CONFIG_DIRS', '/etc/xdg/xdg-ubuntu:/etc/xdg'), ('XDG_DATA_DIRS', '/usr/share/ubuntu:/usr/local/share/:/usr/share/:/var/lib/snapd/desktop'), ('PYTHONPATH', '/home/avavvas/dipl/build/ergodic_exploration:/home/avavvas/dipl/install/ergodic_exploration/lib/python3.10/site-packages:/home/avavvas/dipl/install/my_interfaces/lib/python3.10/site-packages:/opt/ros/humble/lib/python3.10/site-packages:/opt/ros/humble/local/lib/python3.10/dist-packages'), ('LC_NUMERIC', 'el_GR.UTF-8'), ('LC_PAPER', 'el_GR.UTF-8'), ('COLCON', '1'), ('VTE_VERSION', '6800'), ('CMAKE_PREFIX_PATH', '/home/avavvas/dipl/install/my_interfaces:/home/avavvas/dipl/install/ergodic_exploration:/opt/ros/humble')]), 'shell': False}
[0.065422] (my_interfaces) StdoutLine: {'line': b'-- The C compiler identification is GNU 11.4.0\n'}
[0.099647] (-) TimerEvent: {}
[0.123912] (my_interfaces) StdoutLine: {'line': b'-- The CXX compiler identification is GNU 11.4.0\n'}
[0.128379] (my_interfaces) StdoutLine: {'line': b'-- Detecting C compiler ABI info\n'}
[0.199865] (-) TimerEvent: {}
[0.210791] (my_interfaces) StdoutLine: {'line': b'-- Detecting C compiler ABI info - done\n'}
[0.222869] (my_interfaces) StdoutLine: {'line': b'-- Check for working C compiler: /usr/bin/cc - skipped\n'}
[0.223122] (my_interfaces) StdoutLine: {'line': b'-- Detecting C compile features\n'}
[0.223819] (my_interfaces) StdoutLine: {'line': b'-- Detecting C compile features - done\n'}
[0.228200] (my_interfaces) StdoutLine: {'line': b'-- Detecting CXX compiler ABI info\n'}
[0.300098] (-) TimerEvent: {}
[0.319126] (my_interfaces) StdoutLine: {'line': b'-- Detecting CXX compiler ABI info - done\n'}
[0.326795] (my_interfaces) StdoutLine: {'line': b'-- Check for working CXX compiler: /usr/bin/c++ - skipped\n'}
[0.326985] (my_interfaces) StdoutLine: {'line': b'-- Detecting CXX compile features\n'}
[0.327608] (my_interfaces) StdoutLine: {'line': b'-- Detecting CXX compile features - done\n'}
[0.328868] (my_interfaces) StdoutLine: {'line': b'-- Found ament_cmake: 1.3.12 (/opt/ros/humble/share/ament_cmake/cmake)\n'}
[0.400230] (-) TimerEvent: {}
[0.500565] (-) TimerEvent: {}
[0.558658] (my_interfaces) StdoutLine: {'line': b'-- Found Python3: /home/avavvas/venvs/venv/bin/python3 (found version "3.10.12") found components: Interpreter \n'}
[0.596625] (my_interfaces) StdoutLine: {'line': b'-- Override CMake install command with custom implementation using symlinks instead of copying resources\n'}
[0.600620] (-) TimerEvent: {}
[0.608953] (my_interfaces) StdoutLine: {'line': b'-- Found rosidl_default_generators: 1.2.0 (/opt/ros/humble/share/rosidl_default_generators/cmake)\n'}
[0.610251] (my_interfaces) StdoutLine: {'line': b'-- Using all available rosidl_typesupport_c: rosidl_typesupport_fastrtps_c;rosidl_typesupport_introspection_c\n'}
[0.613170] (my_interfaces) StdoutLine: {'line': b'-- Found rosidl_adapter: 3.1.7 (/opt/ros/humble/share/rosidl_adapter/cmake)\n'}
[0.633771] (my_interfaces) StdoutLine: {'line': b'-- Using all available rosidl_typesupport_cpp: rosidl_typesupport_fastrtps_cpp;rosidl_typesupport_introspection_cpp\n'}
[0.650797] (my_interfaces) StdoutLine: {'line': b'-- Found std_msgs: 4.9.0 (/opt/ros/humble/share/std_msgs/cmake)\n'}
[0.664522] (my_interfaces) StdoutLine: {'line': b'-- Found geometry_msgs: 4.9.0 (/opt/ros/humble/share/geometry_msgs/cmake)\n'}
[0.700838] (-) TimerEvent: {}
[0.801148] (-) TimerEvent: {}
[0.869582] (my_interfaces) StdoutLine: {'line': b'-- Found ament_cmake_ros: 0.10.0 (/opt/ros/humble/share/ament_cmake_ros/cmake)\n'}
[0.901288] (-) TimerEvent: {}
[1.001533] (-) TimerEvent: {}
[1.038517] (my_interfaces) StdoutLine: {'line': b'-- Using all available rosidl_typesupport_c: rosidl_typesupport_fastrtps_c;rosidl_typesupport_introspection_c\n'}
[1.101694] (-) TimerEvent: {}
[1.202054] (-) TimerEvent: {}
[1.265296] (my_interfaces) StdoutLine: {'line': b'-- Using all available rosidl_typesupport_cpp: rosidl_typesupport_fastrtps_cpp;rosidl_typesupport_introspection_cpp\n'}
[1.285379] (my_interfaces) StdoutLine: {'line': b'-- Found PythonInterp: /home/avavvas/venvs/venv/bin/python3 (found suitable version "3.10.12", minimum required is "3.6") \n'}
[1.286698] (my_interfaces) StdoutLine: {'line': b'-- Found python_cmake_module: 0.10.0 (/opt/ros/humble/share/python_cmake_module/cmake)\n'}
[1.302177] (-) TimerEvent: {}
[1.305605] (my_interfaces) StdoutLine: {'line': b'-- Found PythonLibs: /usr/lib/x86_64-linux-gnu/libpython3.10.so (found suitable version "3.10.12", minimum required is "3.5") \n'}
[1.305817] (my_interfaces) StdoutLine: {'line': b'-- Using PYTHON_EXECUTABLE: /home/avavvas/venvs/venv/bin/python3\n'}
[1.305932] (my_interfaces) StdoutLine: {'line': b'-- Using PYTHON_INCLUDE_DIRS: /usr/include/python3.10\n'}
[1.306039] (my_interfaces) StdoutLine: {'line': b'-- Using PYTHON_LIBRARIES: /usr/lib/x86_64-linux-gnu/libpython3.10.so\n'}
[1.330448] (my_interfaces) StdoutLine: {'line': b'-- Found PythonExtra: .so  \n'}
[1.391441] (my_interfaces) StdoutLine: {'line': b'-- Found ament_lint_auto: 0.12.14 (/opt/ros/humble/share/ament_lint_auto/cmake)\n'}
[1.400272] (my_interfaces) StdoutLine: {'line': b"-- Added test 'lint_cmake' to check CMake code style\n"}
[1.400751] (my_interfaces) StdoutLine: {'line': b"-- Added test 'xmllint' to check XML markup files\n"}
[1.402177] (my_interfaces) StdoutLine: {'line': b'-- Configuring done\n'}
[1.402266] (-) TimerEvent: {}
[1.426164] (my_interfaces) StdoutLine: {'line': b'-- Generating done\n'}
[1.432801] (my_interfaces) StdoutLine: {'line': b'-- Build files have been written to: /home/avavvas/dipl/build/my_interfaces\n'}
[1.438456] (my_interfaces) CommandEnded: {'returncode': 0}
[1.439018] (my_interfaces) JobProgress: {'identifier': 'my_interfaces', 'progress': 'build'}
[1.439830] (my_interfaces) Command: {'cmd': ['/usr/bin/cmake', '--build', '/home/avavvas/dipl/build/my_interfaces', '--', '-j12', '-l12'], 'cwd': '/home/avavvas/dipl/build/my_interfaces', 'env': OrderedDict([('LESSOPEN', '| /usr/bin/lesspipe %s'), ('USER', 'avavvas'), ('LC_TIME', 'el_GR.UTF-8'), ('XDG_SESSION_TYPE', 'wayland'), ('SHLVL', '2'), ('LD_LIBRARY_PATH', '/home/avavvas/dipl/install/my_interfaces/lib:/opt/ros/humble/opt/rviz_ogre_vendor/lib:/opt/ros/humble/lib/x86_64-linux-gnu:/opt/ros/humble/lib'), ('HOME', '/home/avavvas'), ('DESKTOP_SESSION', 'ubuntu'), ('ROS_PYTHON_VERSION', '3'), ('GNOME_SHELL_SESSION_MODE', 'ubuntu'), ('GTK_MODULES', 'gail:atk-bridge'), ('LC_MONETARY', 'el_GR.UTF-8'), ('MANAGERPID', '3548'), ('SYSTEMD_EXEC_PID', '4297'), ('IM_CONFIG_CHECK_ENV', '1'), ('DBUS_SESSION_BUS_ADDRESS', 'unix:path=/run/user/1000/bus'), ('COLORTERM', 'truecolor'), ('GIO_LAUNCHED_DESKTOP_FILE_PID', '7903'), ('IM_CONFIG_PHASE', '1'), ('WAYLAND_DISPLAY', 'wayland-0'), ('COLCON_PREFIX_PATH', '/home/avavvas/dipl/install'), ('ROS_DISTRO', 'humble'), ('LOGNAME', 'avavvas'), ('_', '/home/avavvas/venvs/venv/bin/colcon'), ('JOURNAL_STREAM', '8:20209'), ('ROS_VERSION', '2'), ('XDG_SESSION_CLASS', 'user'), ('USERNAME', 'avavvas'), ('TERM', 'xterm-256color'), ('GNOME_DESKTOP_SESSION_ID', 'this-is-deprecated'), ('ROS_LOCALHOST_ONLY', '0'), ('PATH', '/home/avavvas/venvs/venv/bin:/home/avavvas/.local/bin:/home/avavvas/.local/bin:/opt/ros/humble/bin:/home/avavvas/.local/bin:/usr/local/sbin:/usr/local/bin:/usr/sbin:/usr/bin:/sbin:/bin:/usr/games:/usr/local/games:/snap/bin:/snap/bin'), ('SESSION_MANAGER', 'local/vavvas-ubuntu:@/tmp/.ICE-unix/3799,unix/vavvas-ubuntu:/tmp/.ICE-unix/3799'), ('INVOCATION_ID', 'a2856b58551e4aed855b2ea2efe8a9e1'), ('XDG_MENU_PREFIX', 'gnome-'), ('LC_ADDRESS', 'el_GR.UTF-8'), ('GNOME_SETUP_DISPLAY', ':1'), ('XDG_RUNTIME_DIR', '/run/user/1000'), ('DISPLAY', ':0'), ('LANG', 'en_US.UTF-8'), ('XDG_CURRENT_DESKTOP', 'ubuntu:GNOME'), ('LC_TELEPHONE', 'el_GR.UTF-8'), ('VIRTUAL_ENV_PROMPT', '(venv)'), ('TILIX_ID', '0a27dbe0-c755-4e60-961f-26c42756252d'), ('XMODIFIERS', '@im=ibus'), ('XDG_SESSION_DESKTOP', 'ubuntu'), ('XAUTHORITY', '/run/user/1000/.mutter-Xwaylandauth.7C5RG3'), ('LS_COLORS', 'rs=0:di=01;34:ln=01;36:mh=00:pi=40;33:so=01;35:do=01;35:bd=40;33;01:cd=40;33;01:or=40;31;01:mi=00:su=37;41:sg=30;43:ca=30;41:tw=30;42:ow=34;42:st=37;44:ex=01;32:*.tar=01;31:*.tgz=01;31:*.arc=01;31:*.arj=01;31:*.taz=01;31:*.lha=01;31:*.lz4=01;31:*.lzh=01;31:*.lzma=01;31:*.tlz=01;31:*.txz=01;31:*.tzo=01;31:*.t7z=01;31:*.zip=01;31:*.z=01;31:*.dz=01;31:*.gz=01;31:*.lrz=01;31:*.lz=01;31:*.lzo=01;31:*.xz=01;31:*.zst=01;31:*.tzst=01;31:*.bz2=01;31:*.bz=01;31:*.tbz=01;31:*.tbz2=01;31:*.tz=01;31:*.deb=01;31:*.rpm=01;31:*.jar=01;31:*.war=01;31:*.ear=01;31:*.sar=01;31:*.rar=01;31:*.alz=01;31:*.ace=01;31:*.zoo=01;31:*.cpio=01;31:*.7z=01;31:*.rz=01;31:*.cab=01;31:*.wim=01;31:*.swm=01;31:*.dwm=01;31:*.esd=01;31:*.jpg=01;35:*.jpeg=01;35:*.mjpg=01;35:*.mjpeg=01;35:*.gif=01;35:*.bmp=01;35:*.pbm=01;35:*.pgm=01;35:*.ppm=01;35:*.tga=01;35:*.xbm=01;35:*.xpm=01;35:*.tif=01;35:*.tiff=01;35:*.png=01;35:*.svg=01;35:*.svgz=01;35:*.mng=01;35:*.pcx=01;35:*.mov=01;35:*.mpg=01;35:*.mpeg=01;35:*.m2v=01;35:*.mkv=01;35:*.webm=01;35:*.webp=01;35:*.ogm=01;35:*.mp4=01;35:*.m4v=01;35:*.mp4v=01;35:*.vob=01;35:*.qt=01;35:*.nuv=01;35:*.wmv=01;35:*.asf=01;35:*.rm=01;35:*.rmvb=01;35:*.flc=01;35:*.avi=01;35:*.fli=01;35:*.flv=01;35:*.gl=01;35:*.dl=01;35:*.xcf=01;35:*.xwd=01;35:*.yuv=01;35:*.cgm=01;35:*.emf=01;35:*.ogv=01;35:*.ogx=01;35:*.aac=00;36:*.au=00;36:*.flac=00;36:*.m4a=00;36:*.mid=00;36:*.midi=00;36:*.mka=00;36:*.mp3=00;36:*.mpc=00;36:*.ogg=00;36:*.ra=00;36:*.wav=00;36:*.oga=00;36:*.opus=00;36:*.spx=00;36:*.xspf=00;36:'), ('SSH_AGENT_LAUNCHER', 'gnome-keyring'), ('SSH_AUTH_SOCK', '/run/user/1000/keyring/ssh'), ('AMENT_PREFIX_PATH', '/home/avavvas/dipl/install/ergodic_exploration:/home/avavvas/dipl/install/my_interfaces:/opt/ros/humble'), ('SHELL', '/bin/bash'), ('LC_NAME', 'el_GR.UTF-8'), ('QT_ACCESSIBILITY', '1'), ('GDMSESSION', 'ubuntu'), ('LESSCLOSE', '/usr/bin/lesspipe %s %s'), ('LC_MEASUREMENT', 'el_GR.UTF-8'), ('LC_IDENTIFICATION', 'el_GR.UTF-8'), ('VIRTUAL_ENV', '/home/avavvas/venvs/venv'), ('QT_IM_MODULE', 'ibus'), ('PWD', '/home/avavvas/dipl/build/my_interfaces'), ('LC_ALL', 'en_US.UTF-8'), ('XDG_CONFIG_DIRS', '/etc/xdg/xdg-ubuntu:/etc/xdg'), ('XDG_DATA_DIRS', '/usr/share/ubuntu:/usr/local/share/:/usr/share/:/var/lib/snapd/desktop'), ('PYTHONPATH', '/home/avavvas/dipl/build/ergodic_exploration:/home/avavvas/dipl/install/ergodic_exploration/lib/python3.10/site-packages:/home/avavvas/dipl/install/my_interfaces/lib/python3.10/site-packages:/opt/ros/humble/lib/python3.10/site-packages:/opt/ros/humble/local/lib/python3.10/dist-packages'), ('LC_NUMERIC', 'el_GR.UTF-8'), ('LC_PAPER', 'el_GR.UTF-8'), ('COLCON', '1'), ('VTE_VERSION', '6800'), ('CMAKE_PREFIX_PATH', '/home/avavvas/dipl/install/my_interfaces:/home/avavvas/dipl/install/ergodic_exploration:/opt/ros/humble')]), 'shell': False}
[1.478695] (my_interfaces) StdoutLine: {'line': b'[  1%] \x1b[34m\x1b[1mGenerating C code for ROS interfaces\x1b[0m\n'}
[1.488378] (my_interfaces) StdoutLine: {'line': b'[  2%] \x1b[34m\x1b[1mGenerating C++ code for ROS interfaces\x1b[0m\n'}
[1.496345] (my_interfaces) StdoutLine: {'line': b'[  2%] Built target ament_cmake_python_symlink_my_interfaces\n'}
[1.502377] (-) TimerEvent: {}
[1.602657] (-) TimerEvent: {}
[1.636193] (my_interfaces) StdoutLine: {'line': b'running egg_info\n'}
[1.643388] (my_interfaces) StdoutLine: {'line': b'creating my_interfaces.egg-info\n'}
[1.643493] (my_interfaces) StdoutLine: {'line': b'writing my_interfaces.egg-info/PKG-INFO\n'}
[1.643712] (my_interfaces) StdoutLine: {'line': b'writing dependency_links to my_interfaces.egg-info/dependency_links.txt\n'}
[1.643837] (my_interfaces) StdoutLine: {'line': b'writing top-level names to my_interfaces.egg-info/top_level.txt\n'}
[1.643903] (my_interfaces) StdoutLine: {'line': b"writing manifest file 'my_interfaces.egg-info/SOURCES.txt'\n"}
[1.665058] (my_interfaces) StdoutLine: {'line': b"reading manifest file 'my_interfaces.egg-info/SOURCES.txt'\n"}
[1.665642] (my_interfaces) StdoutLine: {'line': b"writing manifest file 'my_interfaces.egg-info/SOURCES.txt'\n"}
[1.686820] (my_interfaces) StdoutLine: {'line': b'[  2%] Built target ament_cmake_python_build_my_interfaces_egg\n'}
[1.702806] (-) TimerEvent: {}
[1.803194] (-) TimerEvent: {}
[1.903505] (-) TimerEvent: {}
[2.003866] (-) TimerEvent: {}
[2.104162] (-) TimerEvent: {}
[2.204433] (-) TimerEvent: {}
[2.304781] (-) TimerEvent: {}
[2.369127] (my_interfaces) StdoutLine: {'line': b'[  4%] \x1b[32mBuilding C object CMakeFiles/my_interfaces__rosidl_generator_c.dir/rosidl_generator_c/my_interfaces/msg/detail/multiple_obstacles__functions.c.o\x1b[0m\n'}
[2.369271] (my_interfaces) StdoutLine: {'line': b'[  4%] \x1b[32mBuilding C object CMakeFiles/my_interfaces__rosidl_generator_c.dir/rosidl_generator_c/my_interfaces/msg/detail/ck_table__functions.c.o\x1b[0m\n'}
[2.369310] (my_interfaces) StdoutLine: {'line': b'[  5%] \x1b[32mBuilding C object CMakeFiles/my_interfaces__rosidl_generator_c.dir/rosidl_generator_c/my_interfaces/msg/detail/agent_data__functions.c.o\x1b[0m\n'}
[2.369410] (my_interfaces) StdoutLine: {'line': b'[  7%] \x1b[32mBuilding C object CMakeFiles/my_interfaces__rosidl_generator_c.dir/rosidl_generator_c/my_interfaces/msg/detail/single_obstacle__functions.c.o\x1b[0m\n'}
[2.369462] (my_interfaces) StdoutLine: {'line': b'[  7%] \x1b[32mBuilding C object CMakeFiles/my_interfaces__rosidl_generator_c.dir/rosidl_generator_c/my_interfaces/msg/detail/aircraft_data__functions.c.o\x1b[0m\n'}
[2.370103] (my_interfaces) StdoutLine: {'line': b'[  9%] \x1b[32mBuilding C object CMakeFiles/my_interfaces__rosidl_generator_c.dir/rosidl_generator_c/my_interfaces/msg/detail/joystick_data__functions.c.o\x1b[0m\n'}
[2.370380] (my_interfaces) StdoutLine: {'line': b'[  9%] \x1b[32mBuilding C object CMakeFiles/my_interfaces__rosidl_generator_c.dir/rosidl_generator_c/my_interfaces/msg/detail/single_target_estimate__functions.c.o\x1b[0m\n'}
[2.370488] (my_interfaces) StdoutLine: {'line': b'[ 10%] \x1b[32mBuilding C object CMakeFiles/my_interfaces__rosidl_generator_c.dir/rosidl_generator_c/my_interfaces/msg/detail/multiple_target_estimates__functions.c.o\x1b[0m\n'}
[2.371474] (my_interfaces) StdoutLine: {'line': b'[ 11%] \x1b[32mBuilding C object CMakeFiles/my_interfaces__rosidl_generator_c.dir/rosidl_generator_c/my_interfaces/msg/detail/obs_avoidance_debug__functions.c.o\x1b[0m\n'}
[2.404929] (-) TimerEvent: {}
[2.419216] (my_interfaces) StdoutLine: {'line': b'[ 12%] \x1b[32m\x1b[1mLinking C shared library libmy_interfaces__rosidl_generator_c.so\x1b[0m\n'}
[2.443886] (my_interfaces) StdoutLine: {'line': b'[ 12%] Built target my_interfaces__cpp\n'}
[2.453758] (my_interfaces) StdoutLine: {'line': b'[ 15%] \x1b[34m\x1b[1mGenerating C++ type support for eProsima Fast-RTPS\x1b[0m\n'}
[2.453951] (my_interfaces) StdoutLine: {'line': b'[ 15%] \x1b[34m\x1b[1mGenerating C++ introspection for ROS interfaces\x1b[0m\n'}
[2.454026] (my_interfaces) StdoutLine: {'line': b'[ 15%] \x1b[34m\x1b[1mGenerating C++ type support dispatch for ROS interfaces\x1b[0m\n'}
[2.456869] (my_interfaces) StdoutLine: {'line': b'[ 15%] Built target my_interfaces__rosidl_generator_c\n'}
[2.464818] (my_interfaces) StdoutLine: {'line': b'[ 16%] \x1b[34m\x1b[1mGenerating C introspection for ROS interfaces\x1b[0m\n'}
[2.466524] (my_interfaces) StdoutLine: {'line': b'[ 17%] \x1b[34m\x1b[1mGenerating C type support dispatch for ROS interfaces\x1b[0m\n'}
[2.466822] (my_interfaces) StdoutLine: {'line': b'[ 18%] \x1b[34m\x1b[1mGenerating C type support for eProsima Fast-RTPS\x1b[0m\n'}
[2.505019] (-) TimerEvent: {}
[2.605292] (-) TimerEvent: {}
[2.705584] (-) TimerEvent: {}
[2.805848] (-) TimerEvent: {}
[2.906110] (-) TimerEvent: {}
[3.006374] (-) TimerEvent: {}
[3.106642] (-) TimerEvent: {}
[3.206948] (-) TimerEvent: {}
[3.247060] (my_interfaces) StdoutLine: {'line': b'[ 21%] \x1b[32mBuilding CXX object CMakeFiles/my_interfaces__rosidl_typesupport_introspection_cpp.dir/rosidl_typesupport_introspection_cpp/my_interfaces/msg/detail/ck_table__type_support.cpp.o\x1b[0m\n'}
[3.247278] (my_interfaces) StdoutLine: {'line': b'[ 23%] \x1b[32mBuilding CXX object CMakeFiles/my_interfaces__rosidl_typesupport_introspection_cpp.dir/rosidl_typesupport_introspection_cpp/my_interfaces/msg/detail/single_obstacle__type_support.cpp.o\x1b[0m\n'}
[3.247368] (my_interfaces) StdoutLine: {'line': b'[ 23%] \x1b[32mBuilding CXX object CMakeFiles/my_interfaces__rosidl_typesupport_introspection_cpp.dir/rosidl_typesupport_introspection_cpp/my_interfaces/msg/detail/multiple_obstacles__type_support.cpp.o\x1b[0m\n'}
[3.247443] (my_interfaces) StdoutLine: {'line': b'[ 23%] \x1b[32mBuilding CXX object CMakeFiles/my_interfaces__rosidl_typesupport_introspection_cpp.dir/rosidl_typesupport_introspection_cpp/my_interfaces/msg/detail/aircraft_data__type_support.cpp.o\x1b[0m\n'}
[3.247631] (my_interfaces) StdoutLine: {'line': b'[ 24%] \x1b[32mBuilding CXX object CMakeFiles/my_interfaces__rosidl_typesupport_introspection_cpp.dir/rosidl_typesupport_introspection_cpp/my_interfaces/msg/detail/single_target_estimate__type_support.cpp.o\x1b[0m\n'}
[3.248388] (my_interfaces) StdoutLine: {'line': b'[ 25%] \x1b[32mBuilding CXX object CMakeFiles/my_interfaces__rosidl_typesupport_introspection_cpp.dir/rosidl_typesupport_introspection_cpp/my_interfaces/msg/detail/agent_data__type_support.cpp.o\x1b[0m\n'}
[3.250297] (my_interfaces) StdoutLine: {'line': b'[ 26%] \x1b[32mBuilding CXX object CMakeFiles/my_interfaces__rosidl_typesupport_introspection_cpp.dir/rosidl_typesupport_introspection_cpp/my_interfaces/msg/detail/multiple_target_estimates__type_support.cpp.o\x1b[0m\n'}
[3.310132] (-) TimerEvent: {}
[3.410444] (-) TimerEvent: {}
[3.439192] (my_interfaces) StdoutLine: {'line': b'[ 27%] \x1b[32mBuilding CXX object CMakeFiles/my_interfaces__rosidl_typesupport_fastrtps_c.dir/rosidl_typesupport_fastrtps_c/my_interfaces/msg/detail/ck_table__type_support_c.cpp.o\x1b[0m\n'}
[3.510555] (-) TimerEvent: {}
[3.610895] (-) TimerEvent: {}
[3.620941] (my_interfaces) StdoutLine: {'line': b'[ 28%] \x1b[32mBuilding CXX object CMakeFiles/my_interfaces__rosidl_typesupport_fastrtps_c.dir/rosidl_typesupport_fastrtps_c/my_interfaces/msg/detail/agent_data__type_support_c.cpp.o\x1b[0m\n'}
[3.690926] (my_interfaces) StdoutLine: {'line': b'[ 29%] \x1b[32mBuilding CXX object CMakeFiles/my_interfaces__rosidl_typesupport_fastrtps_c.dir/rosidl_typesupport_fastrtps_c/my_interfaces/msg/detail/aircraft_data__type_support_c.cpp.o\x1b[0m\n'}
[3.706137] (my_interfaces) StdoutLine: {'line': b'[ 30%] \x1b[32mBuilding CXX object CMakeFiles/my_interfaces__rosidl_typesupport_introspection_cpp.dir/rosidl_typesupport_introspection_cpp/my_interfaces/msg/detail/obs_avoidance_debug__type_support.cpp.o\x1b[0m\n'}
[3.711001] (-) TimerEvent: {}
[3.736292] (my_interfaces) StdoutLine: {'line': b'[ 31%] \x1b[32mBuilding CXX object CMakeFiles/my_interfaces__rosidl_typesupport_introspection_cpp.dir/rosidl_typesupport_introspection_cpp/my_interfaces/msg/detail/joystick_data__type_support.cpp.o\x1b[0m\n'}
[3.749194] (my_interfaces) StdoutLine: {'line': b'[ 32%] \x1b[32mBuilding CXX object CMakeFiles/my_interfaces__rosidl_typesupport_fastrtps_c.dir/rosidl_typesupport_fastrtps_c/my_interfaces/msg/detail/single_obstacle__type_support_c.cpp.o\x1b[0m\n'}
[3.768519] (my_interfaces) StdoutLine: {'line': b'[ 33%] \x1b[32mBuilding CXX object CMakeFiles/my_interfaces__rosidl_typesupport_fastrtps_c.dir/rosidl_typesupport_fastrtps_c/my_interfaces/msg/detail/multiple_obstacles__type_support_c.cpp.o\x1b[0m\n'}
[3.811128] (-) TimerEvent: {}
[3.828130] (my_interfaces) StdoutLine: {'line': b'[ 34%] \x1b[32mBuilding CXX object CMakeFiles/my_interfaces__rosidl_typesupport_fastrtps_c.dir/rosidl_typesupport_fastrtps_c/my_interfaces/msg/detail/single_target_estimate__type_support_c.cpp.o\x1b[0m\n'}
[3.855041] (my_interfaces) StdoutLine: {'line': b'[ 35%] \x1b[32mBuilding CXX object CMakeFiles/my_interfaces__rosidl_typesupport_fastrtps_c.dir/rosidl_typesupport_fastrtps_c/my_interfaces/msg/detail/multiple_target_estimates__type_support_c.cpp.o\x1b[0m\n'}
[3.892568] (my_interfaces) StdoutLine: {'line': b'[ 36%] \x1b[32mBuilding CXX object CMakeFiles/my_interfaces__rosidl_typesupport_cpp.dir/rosidl_typesupport_cpp/my_interfaces/msg/ck_table__type_support.cpp.o\x1b[0m\n'}
[3.911242] (-) TimerEvent: {}
[3.976235] (my_interfaces) StdoutLine: {'line': b'[ 37%] \x1b[32mBuilding CXX object CMakeFiles/my_interfaces__rosidl_typesupport_cpp.dir/rosidl_typesupport_cpp/my_interfaces/msg/agent_data__type_support.cpp.o\x1b[0m\n'}
[4.011505] (-) TimerEvent: {}
[4.063714] (my_interfaces) StdoutLine: {'line': b'[ 38%] \x1b[32mBuilding CXX object CMakeFiles/my_interfaces__rosidl_typesupport_c.dir/rosidl_typesupport_c/my_interfaces/msg/ck_table__type_support.cpp.o\x1b[0m\n'}
[4.068490] (my_interfaces) StdoutLine: {'line': b'[ 40%] \x1b[32mBuilding C object CMakeFiles/my_interfaces__rosidl_typesupport_introspection_c.dir/rosidl_typesupport_introspection_c/my_interfaces/msg/detail/ck_table__type_support.c.o\x1b[0m\n'}
[4.102480] (my_interfaces) StdoutLine: {'line': b'[ 41%] \x1b[32mBuilding CXX object CMakeFiles/my_interfaces__rosidl_typesupport_fastrtps_c.dir/rosidl_typesupport_fastrtps_c/my_interfaces/msg/detail/obs_avoidance_debug__type_support_c.cpp.o\x1b[0m\n'}
[4.107147] (my_interfaces) StdoutLine: {'line': b'[ 42%] \x1b[32mBuilding CXX object CMakeFiles/my_interfaces__rosidl_typesupport_c.dir/rosidl_typesupport_c/my_interfaces/msg/agent_data__type_support.cpp.o\x1b[0m\n'}
[4.111630] (-) TimerEvent: {}
[4.130960] (my_interfaces) StdoutLine: {'line': b'[ 43%] \x1b[32mBuilding C object CMakeFiles/my_interfaces__rosidl_typesupport_introspection_c.dir/rosidl_typesupport_introspection_c/my_interfaces/msg/detail/agent_data__type_support.c.o\x1b[0m\n'}
[4.138185] (my_interfaces) StdoutLine: {'line': b'[ 44%] \x1b[32mBuilding CXX object CMakeFiles/my_interfaces__rosidl_typesupport_c.dir/rosidl_typesupport_c/my_interfaces/msg/aircraft_data__type_support.cpp.o\x1b[0m\n'}
[4.142712] (my_interfaces) StdoutLine: {'line': b'[ 46%] \x1b[32mBuilding CXX object CMakeFiles/my_interfaces__rosidl_typesupport_cpp.dir/rosidl_typesupport_cpp/my_interfaces/msg/aircraft_data__type_support.cpp.o\x1b[0m\n'}
[4.142932] (my_interfaces) StdoutLine: {'line': b'[ 46%] \x1b[32mBuilding CXX object CMakeFiles/my_interfaces__rosidl_typesupport_cpp.dir/rosidl_typesupport_cpp/my_interfaces/msg/single_obstacle__type_support.cpp.o\x1b[0m\n'}
[4.160579] (my_interfaces) StdoutLine: {'line': b'[ 47%] \x1b[32mBuilding CXX object CMakeFiles/my_interfaces__rosidl_typesupport_fastrtps_cpp.dir/rosidl_typesupport_fastrtps_cpp/my_interfaces/msg/detail/dds_fastrtps/ck_table__type_support.cpp.o\x1b[0m\n'}
[4.165404] (my_interfaces) StdoutLine: {'line': b'[ 48%] \x1b[32mBuilding CXX object CMakeFiles/my_interfaces__rosidl_typesupport_fastrtps_c.dir/rosidl_typesupport_fastrtps_c/my_interfaces/msg/detail/joystick_data__type_support_c.cpp.o\x1b[0m\n'}
[4.173630] (my_interfaces) StdoutLine: {'line': b'[ 49%] \x1b[32mBuilding CXX object CMakeFiles/my_interfaces__rosidl_typesupport_c.dir/rosidl_typesupport_c/my_interfaces/msg/single_obstacle__type_support.cpp.o\x1b[0m\n'}
[4.178496] (my_interfaces) StdoutLine: {'line': b'[ 50%] \x1b[32mBuilding CXX object CMakeFiles/my_interfaces__rosidl_typesupport_fastrtps_cpp.dir/rosidl_typesupport_fastrtps_cpp/my_interfaces/msg/detail/dds_fastrtps/agent_data__type_support.cpp.o\x1b[0m\n'}
[4.181905] (my_interfaces) StdoutLine: {'line': b'[ 51%] \x1b[32mBuilding C object CMakeFiles/my_interfaces__rosidl_typesupport_introspection_c.dir/rosidl_typesupport_introspection_c/my_interfaces/msg/detail/aircraft_data__type_support.c.o\x1b[0m\n'}
[4.204383] (my_interfaces) StdoutLine: {'line': b'[ 52%] \x1b[32mBuilding CXX object CMakeFiles/my_interfaces__rosidl_typesupport_fastrtps_cpp.dir/rosidl_typesupport_fastrtps_cpp/my_interfaces/msg/detail/dds_fastrtps/aircraft_data__type_support.cpp.o\x1b[0m\n'}
[4.208140] (my_interfaces) StdoutLine: {'line': b'[ 53%] \x1b[32mBuilding CXX object CMakeFiles/my_interfaces__rosidl_typesupport_c.dir/rosidl_typesupport_c/my_interfaces/msg/multiple_obstacles__type_support.cpp.o\x1b[0m\n'}
[4.211747] (-) TimerEvent: {}
[4.219113] (my_interfaces) StdoutLine: {'line': b'[ 54%] \x1b[32mBuilding C object CMakeFiles/my_interfaces__rosidl_typesupport_introspection_c.dir/rosidl_typesupport_introspection_c/my_interfaces/msg/detail/single_obstacle__type_support.c.o\x1b[0m\n'}
[4.226278] (my_interfaces) StdoutLine: {'line': b'[ 56%] \x1b[32mBuilding CXX object CMakeFiles/my_interfaces__rosidl_typesupport_c.dir/rosidl_typesupport_c/my_interfaces/msg/single_target_estimate__type_support.cpp.o\x1b[0m\n'}
[4.226562] (my_interfaces) StdoutLine: {'line': b'[ 56%] \x1b[32m\x1b[1mLinking CXX shared library libmy_interfaces__rosidl_typesupport_introspection_cpp.so\x1b[0m\n'}
[4.238173] (my_interfaces) StdoutLine: {'line': b'[ 57%] \x1b[32mBuilding CXX object CMakeFiles/my_interfaces__rosidl_typesupport_fastrtps_cpp.dir/rosidl_typesupport_fastrtps_cpp/my_interfaces/msg/detail/dds_fastrtps/single_obstacle__type_support.cpp.o\x1b[0m\n'}
[4.252190] (my_interfaces) StdoutLine: {'line': b'[ 60%] \x1b[32mBuilding CXX object CMakeFiles/my_interfaces__rosidl_typesupport_c.dir/rosidl_typesupport_c/my_interfaces/msg/multiple_target_estimates__type_support.cpp.o\x1b[0m\n'}
[4.252468] (my_interfaces) StdoutLine: {'line': b'[ 60%] \x1b[32mBuilding C object CMakeFiles/my_interfaces__rosidl_typesupport_introspection_c.dir/rosidl_typesupport_introspection_c/my_interfaces/msg/detail/multiple_obstacles__type_support.c.o\x1b[0m\n'}
[4.281343] (my_interfaces) StdoutLine: {'line': b'[ 61%] \x1b[32mBuilding CXX object CMakeFiles/my_interfaces__rosidl_typesupport_c.dir/rosidl_typesupport_c/my_interfaces/msg/obs_avoidance_debug__type_support.cpp.o\x1b[0m\n'}
[4.286545] (my_interfaces) StdoutLine: {'line': b'[ 62%] \x1b[32mBuilding C object CMakeFiles/my_interfaces__rosidl_typesupport_introspection_c.dir/rosidl_typesupport_introspection_c/my_interfaces/msg/detail/single_target_estimate__type_support.c.o\x1b[0m\n'}
[4.289393] (my_interfaces) StdoutLine: {'line': b'[ 63%] \x1b[32mBuilding CXX object CMakeFiles/my_interfaces__rosidl_typesupport_c.dir/rosidl_typesupport_c/my_interfaces/msg/joystick_data__type_support.cpp.o\x1b[0m\n'}
[4.311711] (my_interfaces) StdoutLine: {'line': b'[ 64%] \x1b[32mBuilding CXX object CMakeFiles/my_interfaces__rosidl_typesupport_cpp.dir/rosidl_typesupport_cpp/my_interfaces/msg/multiple_obstacles__type_support.cpp.o\x1b[0m\n'}
[4.311943] (-) TimerEvent: {}
[4.319335] (my_interfaces) StdoutLine: {'line': b'[ 65%] \x1b[32m\x1b[1mLinking CXX shared library libmy_interfaces__rosidl_typesupport_c.so\x1b[0m\n'}
[4.319603] (my_interfaces) StdoutLine: {'line': b'[ 66%] \x1b[32mBuilding C object CMakeFiles/my_interfaces__rosidl_typesupport_introspection_c.dir/rosidl_typesupport_introspection_c/my_interfaces/msg/detail/multiple_target_estimates__type_support.c.o\x1b[0m\n'}
[4.349050] (my_interfaces) StdoutLine: {'line': b'[ 66%] Built target my_interfaces__rosidl_typesupport_introspection_cpp\n'}
[4.358418] (my_interfaces) StdoutLine: {'line': b'[ 67%] \x1b[32mBuilding CXX object CMakeFiles/my_interfaces__rosidl_typesupport_fastrtps_cpp.dir/rosidl_typesupport_fastrtps_cpp/my_interfaces/msg/detail/dds_fastrtps/multiple_obstacles__type_support.cpp.o\x1b[0m\n'}
[4.364146] (my_interfaces) StdoutLine: {'line': b'[ 68%] \x1b[32mBuilding C object CMakeFiles/my_interfaces__rosidl_typesupport_introspection_c.dir/rosidl_typesupport_introspection_c/my_interfaces/msg/detail/obs_avoidance_debug__type_support.c.o\x1b[0m\n'}
[4.368733] (my_interfaces) StdoutLine: {'line': b'[ 68%] Built target my_interfaces__rosidl_typesupport_c\n'}
[4.382213] (my_interfaces) StdoutLine: {'line': b'[ 69%] \x1b[32mBuilding CXX object CMakeFiles/my_interfaces__rosidl_typesupport_fastrtps_cpp.dir/rosidl_typesupport_fastrtps_cpp/my_interfaces/msg/detail/dds_fastrtps/single_target_estimate__type_support.cpp.o\x1b[0m\n'}
[4.401479] (my_interfaces) StdoutLine: {'line': b'[ 70%] \x1b[32mBuilding C object CMakeFiles/my_interfaces__rosidl_typesupport_introspection_c.dir/rosidl_typesupport_introspection_c/my_interfaces/msg/detail/joystick_data__type_support.c.o\x1b[0m\n'}
[4.413145] (-) TimerEvent: {}
[4.434837] (my_interfaces) StdoutLine: {'line': b'[ 71%] \x1b[32m\x1b[1mLinking C shared library libmy_interfaces__rosidl_typesupport_introspection_c.so\x1b[0m\n'}
[4.454158] (my_interfaces) StdoutLine: {'line': b'[ 72%] \x1b[32mBuilding CXX object CMakeFiles/my_interfaces__rosidl_typesupport_cpp.dir/rosidl_typesupport_cpp/my_interfaces/msg/single_target_estimate__type_support.cpp.o\x1b[0m\n'}
[4.454874] (my_interfaces) StdoutLine: {'line': b'[ 73%] \x1b[32mBuilding CXX object CMakeFiles/my_interfaces__rosidl_typesupport_fastrtps_cpp.dir/rosidl_typesupport_fastrtps_cpp/my_interfaces/msg/detail/dds_fastrtps/multiple_target_estimates__type_support.cpp.o\x1b[0m\n'}
[4.462110] (my_interfaces) StdoutLine: {'line': b'[ 74%] \x1b[32mBuilding CXX object CMakeFiles/my_interfaces__rosidl_typesupport_fastrtps_cpp.dir/rosidl_typesupport_fastrtps_cpp/my_interfaces/msg/detail/dds_fastrtps/obs_avoidance_debug__type_support.cpp.o\x1b[0m\n'}
[4.473149] (my_interfaces) StdoutLine: {'line': b'[ 74%] Built target my_interfaces__rosidl_typesupport_introspection_c\n'}
[4.480920] (my_interfaces) StdoutLine: {'line': b'[ 75%] \x1b[32mBuilding CXX object CMakeFiles/my_interfaces__rosidl_typesupport_cpp.dir/rosidl_typesupport_cpp/my_interfaces/msg/multiple_target_estimates__type_support.cpp.o\x1b[0m\n'}
[4.518985] (-) TimerEvent: {}
[4.556815] (my_interfaces) StdoutLine: {'line': b'[ 76%] \x1b[32mBuilding CXX object CMakeFiles/my_interfaces__rosidl_typesupport_fastrtps_cpp.dir/rosidl_typesupport_fastrtps_cpp/my_interfaces/msg/detail/dds_fastrtps/joystick_data__type_support.cpp.o\x1b[0m\n'}
[4.571656] (my_interfaces) StdoutLine: {'line': b'[ 77%] \x1b[32m\x1b[1mLinking CXX shared library libmy_interfaces__rosidl_typesupport_fastrtps_c.so\x1b[0m\n'}
[4.612882] (my_interfaces) StdoutLine: {'line': b'[ 78%] \x1b[32mBuilding CXX object CMakeFiles/my_interfaces__rosidl_typesupport_cpp.dir/rosidl_typesupport_cpp/my_interfaces/msg/obs_avoidance_debug__type_support.cpp.o\x1b[0m\n'}
[4.619158] (-) TimerEvent: {}
[4.672128] (my_interfaces) StdoutLine: {'line': b'[ 80%] \x1b[32mBuilding CXX object CMakeFiles/my_interfaces__rosidl_typesupport_cpp.dir/rosidl_typesupport_cpp/my_interfaces/msg/joystick_data__type_support.cpp.o\x1b[0m\n'}
[4.681948] (my_interfaces) StdoutLine: {'line': b'[ 80%] Built target my_interfaces__rosidl_typesupport_fastrtps_c\n'}
[4.719271] (-) TimerEvent: {}
[4.819587] (-) TimerEvent: {}
[4.896008] (my_interfaces) StdoutLine: {'line': b'[ 81%] \x1b[32m\x1b[1mLinking CXX shared library libmy_interfaces__rosidl_typesupport_cpp.so\x1b[0m\n'}
[4.919730] (-) TimerEvent: {}
[4.928710] (my_interfaces) StdoutLine: {'line': b'[ 81%] Built target my_interfaces__rosidl_typesupport_cpp\n'}
[4.963078] (my_interfaces) StdoutLine: {'line': b'[ 82%] \x1b[32m\x1b[1mLinking CXX shared library libmy_interfaces__rosidl_typesupport_fastrtps_cpp.so\x1b[0m\n'}
[5.019830] (-) TimerEvent: {}
[5.023977] (my_interfaces) StdoutLine: {'line': b'[ 82%] Built target my_interfaces__rosidl_typesupport_fastrtps_cpp\n'}
[5.044997] (my_interfaces) StdoutLine: {'line': b'[ 82%] Built target my_interfaces\n'}
[5.083950] (my_interfaces) StdoutLine: {'line': b'[ 83%] \x1b[34m\x1b[1mGenerating Python code for ROS interfaces\x1b[0m\n'}
[5.120038] (-) TimerEvent: {}
[5.220347] (-) TimerEvent: {}
[5.320660] (-) TimerEvent: {}
[5.420946] (-) TimerEvent: {}
[5.521213] (-) TimerEvent: {}
[5.621499] (-) TimerEvent: {}
[5.721795] (-) TimerEvent: {}
[5.822080] (-) TimerEvent: {}
[5.922329] (-) TimerEvent: {}
[6.022638] (-) TimerEvent: {}
[6.122914] (-) TimerEvent: {}
[6.223172] (-) TimerEvent: {}
[6.323438] (-) TimerEvent: {}
[6.423768] (-) TimerEvent: {}
[6.524116] (-) TimerEvent: {}
[6.624705] (-) TimerEvent: {}
[6.627526] (my_interfaces) StdoutLine: {'line': b'[ 83%] Built target my_interfaces__py\n'}
[6.656275] (my_interfaces) StdoutLine: {'line': b'[ 84%] \x1b[32mBuilding C object CMakeFiles/my_interfaces__rosidl_generator_py.dir/rosidl_generator_py/my_interfaces/msg/_multiple_target_estimates_s.c.o\x1b[0m\n'}
[6.656930] (my_interfaces) StdoutLine: {'line': b'[ 87%] \x1b[32mBuilding C object CMakeFiles/my_interfaces__rosidl_generator_py.dir/rosidl_generator_py/my_interfaces/msg/_agent_data_s.c.o\x1b[0m\n'}
[6.657189] (my_interfaces) StdoutLine: {'line': b'[ 87%] \x1b[32mBuilding C object CMakeFiles/my_interfaces__rosidl_generator_py.dir/rosidl_generator_py/my_interfaces/msg/_single_obstacle_s.c.o\x1b[0m\n'}
[6.658081] (my_interfaces) StdoutLine: {'line': b'[ 87%] \x1b[32mBuilding C object CMakeFiles/my_interfaces__rosidl_generator_py.dir/rosidl_generator_py/my_interfaces/msg/_ck_table_s.c.o\x1b[0m\n'}
[6.658340] (my_interfaces) StdoutLine: {'line': b'[ 88%] \x1b[32mBuilding C object CMakeFiles/my_interfaces__rosidl_generator_py.dir/rosidl_generator_py/my_interfaces/msg/_aircraft_data_s.c.o\x1b[0m\n'}
[6.658502] (my_interfaces) StdoutLine: {'line': b'[ 90%] \x1b[32mBuilding C object CMakeFiles/my_interfaces__rosidl_generator_py.dir/rosidl_generator_py/my_interfaces/msg/_joystick_data_s.c.o\x1b[0m\n'}
[6.658655] (my_interfaces) StdoutLine: {'line': b'[ 90%] \x1b[32mBuilding C object CMakeFiles/my_interfaces__rosidl_generator_py.dir/rosidl_generator_py/my_interfaces/msg/_multiple_obstacles_s.c.o\x1b[0m\n'}
[6.659882] (my_interfaces) StdoutLine: {'line': b'[ 91%] \x1b[32mBuilding C object CMakeFiles/my_interfaces__rosidl_generator_py.dir/rosidl_generator_py/my_interfaces/msg/_single_target_estimate_s.c.o\x1b[0m\n'}
[6.661274] (my_interfaces) StdoutLine: {'line': b'[ 92%] \x1b[32mBuilding C object CMakeFiles/my_interfaces__rosidl_generator_py.dir/rosidl_generator_py/my_interfaces/msg/_obs_avoidance_debug_s.c.o\x1b[0m\n'}
[6.724861] (-) TimerEvent: {}
[6.804830] (my_interfaces) StdoutLine: {'line': b'[ 93%] \x1b[32m\x1b[1mLinking C shared library rosidl_generator_py/my_interfaces/libmy_interfaces__rosidl_generator_py.so\x1b[0m\n'}
[6.825032] (-) TimerEvent: {}
[6.845904] (my_interfaces) StdoutLine: {'line': b'[ 93%] Built target my_interfaces__rosidl_generator_py\n'}
[6.867529] (my_interfaces) StdoutLine: {'line': b'[ 94%] \x1b[32mBuilding C object CMakeFiles/my_interfaces__rosidl_typesupport_fastrtps_c__pyext.dir/rosidl_generator_py/my_interfaces/_my_interfaces_s.ep.rosidl_typesupport_fastrtps_c.c.o\x1b[0m\n'}
[6.869250] (my_interfaces) StdoutLine: {'line': b'[ 95%] \x1b[32mBuilding C object CMakeFiles/my_interfaces__rosidl_typesupport_c__pyext.dir/rosidl_generator_py/my_interfaces/_my_interfaces_s.ep.rosidl_typesupport_c.c.o\x1b[0m\n'}
[6.870333] (my_interfaces) StdoutLine: {'line': b'[ 96%] \x1b[32mBuilding C object CMakeFiles/my_interfaces__rosidl_typesupport_introspection_c__pyext.dir/rosidl_generator_py/my_interfaces/_my_interfaces_s.ep.rosidl_typesupport_introspection_c.c.o\x1b[0m\n'}
[6.925135] (-) TimerEvent: {}
[6.938199] (my_interfaces) StdoutLine: {'line': b'[ 97%] \x1b[32m\x1b[1mLinking C shared library rosidl_generator_py/my_interfaces/my_interfaces_s__rosidl_typesupport_fastrtps_c.cpython-310-x86_64-linux-gnu.so\x1b[0m\n'}
[6.939097] (my_interfaces) StdoutLine: {'line': b'[ 98%] \x1b[32m\x1b[1mLinking C shared library rosidl_generator_py/my_interfaces/my_interfaces_s__rosidl_typesupport_introspection_c.cpython-310-x86_64-linux-gnu.so\x1b[0m\n'}
[6.966195] (my_interfaces) StdoutLine: {'line': b'[ 98%] Built target my_interfaces__rosidl_typesupport_introspection_c__pyext\n'}
[6.973260] (my_interfaces) StdoutLine: {'line': b'[ 98%] Built target my_interfaces__rosidl_typesupport_fastrtps_c__pyext\n'}
[6.973486] (my_interfaces) StdoutLine: {'line': b'[100%] \x1b[32m\x1b[1mLinking C shared library rosidl_generator_py/my_interfaces/my_interfaces_s__rosidl_typesupport_c.cpython-310-x86_64-linux-gnu.so\x1b[0m\n'}
[7.018542] (my_interfaces) StdoutLine: {'line': b'[100%] Built target my_interfaces__rosidl_typesupport_c__pyext\n'}
[7.025223] (-) TimerEvent: {}
[7.035594] (my_interfaces) CommandEnded: {'returncode': 0}
[7.036634] (my_interfaces) JobProgress: {'identifier': 'my_interfaces', 'progress': 'install'}
[7.047964] (my_interfaces) Command: {'cmd': ['/usr/bin/cmake', '--install', '/home/avavvas/dipl/build/my_interfaces'], 'cwd': '/home/avavvas/dipl/build/my_interfaces', 'env': OrderedDict([('LESSOPEN', '| /usr/bin/lesspipe %s'), ('USER', 'avavvas'), ('LC_TIME', 'el_GR.UTF-8'), ('XDG_SESSION_TYPE', 'wayland'), ('SHLVL', '2'), ('LD_LIBRARY_PATH', '/home/avavvas/dipl/install/my_interfaces/lib:/opt/ros/humble/opt/rviz_ogre_vendor/lib:/opt/ros/humble/lib/x86_64-linux-gnu:/opt/ros/humble/lib'), ('HOME', '/home/avavvas'), ('DESKTOP_SESSION', 'ubuntu'), ('ROS_PYTHON_VERSION', '3'), ('GNOME_SHELL_SESSION_MODE', 'ubuntu'), ('GTK_MODULES', 'gail:atk-bridge'), ('LC_MONETARY', 'el_GR.UTF-8'), ('MANAGERPID', '3548'), ('SYSTEMD_EXEC_PID', '4297'), ('IM_CONFIG_CHECK_ENV', '1'), ('DBUS_SESSION_BUS_ADDRESS', 'unix:path=/run/user/1000/bus'), ('COLORTERM', 'truecolor'), ('GIO_LAUNCHED_DESKTOP_FILE_PID', '7903'), ('IM_CONFIG_PHASE', '1'), ('WAYLAND_DISPLAY', 'wayland-0'), ('COLCON_PREFIX_PATH', '/home/avavvas/dipl/install'), ('ROS_DISTRO', 'humble'), ('LOGNAME', 'avavvas'), ('_', '/home/avavvas/venvs/venv/bin/colcon'), ('JOURNAL_STREAM', '8:20209'), ('ROS_VERSION', '2'), ('XDG_SESSION_CLASS', 'user'), ('USERNAME', 'avavvas'), ('TERM', 'xterm-256color'), ('GNOME_DESKTOP_SESSION_ID', 'this-is-deprecated'), ('ROS_LOCALHOST_ONLY', '0'), ('PATH', '/home/avavvas/venvs/venv/bin:/home/avavvas/.local/bin:/home/avavvas/.local/bin:/opt/ros/humble/bin:/home/avavvas/.local/bin:/usr/local/sbin:/usr/local/bin:/usr/sbin:/usr/bin:/sbin:/bin:/usr/games:/usr/local/games:/snap/bin:/snap/bin'), ('SESSION_MANAGER', 'local/vavvas-ubuntu:@/tmp/.ICE-unix/3799,unix/vavvas-ubuntu:/tmp/.ICE-unix/3799'), ('INVOCATION_ID', 'a2856b58551e4aed855b2ea2efe8a9e1'), ('XDG_MENU_PREFIX', 'gnome-'), ('LC_ADDRESS', 'el_GR.UTF-8'), ('GNOME_SETUP_DISPLAY', ':1'), ('XDG_RUNTIME_DIR', '/run/user/1000'), ('DISPLAY', ':0'), ('LANG', 'en_US.UTF-8'), ('XDG_CURRENT_DESKTOP', 'ubuntu:GNOME'), ('LC_TELEPHONE', 'el_GR.UTF-8'), ('VIRTUAL_ENV_PROMPT', '(venv)'), ('TILIX_ID', '0a27dbe0-c755-4e60-961f-26c42756252d'), ('XMODIFIERS', '@im=ibus'), ('XDG_SESSION_DESKTOP', 'ubuntu'), ('XAUTHORITY', '/run/user/1000/.mutter-Xwaylandauth.7C5RG3'), ('LS_COLORS', 'rs=0:di=01;34:ln=01;36:mh=00:pi=40;33:so=01;35:do=01;35:bd=40;33;01:cd=40;33;01:or=40;31;01:mi=00:su=37;41:sg=30;43:ca=30;41:tw=30;42:ow=34;42:st=37;44:ex=01;32:*.tar=01;31:*.tgz=01;31:*.arc=01;31:*.arj=01;31:*.taz=01;31:*.lha=01;31:*.lz4=01;31:*.lzh=01;31:*.lzma=01;31:*.tlz=01;31:*.txz=01;31:*.tzo=01;31:*.t7z=01;31:*.zip=01;31:*.z=01;31:*.dz=01;31:*.gz=01;31:*.lrz=01;31:*.lz=01;31:*.lzo=01;31:*.xz=01;31:*.zst=01;31:*.tzst=01;31:*.bz2=01;31:*.bz=01;31:*.tbz=01;31:*.tbz2=01;31:*.tz=01;31:*.deb=01;31:*.rpm=01;31:*.jar=01;31:*.war=01;31:*.ear=01;31:*.sar=01;31:*.rar=01;31:*.alz=01;31:*.ace=01;31:*.zoo=01;31:*.cpio=01;31:*.7z=01;31:*.rz=01;31:*.cab=01;31:*.wim=01;31:*.swm=01;31:*.dwm=01;31:*.esd=01;31:*.jpg=01;35:*.jpeg=01;35:*.mjpg=01;35:*.mjpeg=01;35:*.gif=01;35:*.bmp=01;35:*.pbm=01;35:*.pgm=01;35:*.ppm=01;35:*.tga=01;35:*.xbm=01;35:*.xpm=01;35:*.tif=01;35:*.tiff=01;35:*.png=01;35:*.svg=01;35:*.svgz=01;35:*.mng=01;35:*.pcx=01;35:*.mov=01;35:*.mpg=01;35:*.mpeg=01;35:*.m2v=01;35:*.mkv=01;35:*.webm=01;35:*.webp=01;35:*.ogm=01;35:*.mp4=01;35:*.m4v=01;35:*.mp4v=01;35:*.vob=01;35:*.qt=01;35:*.nuv=01;35:*.wmv=01;35:*.asf=01;35:*.rm=01;35:*.rmvb=01;35:*.flc=01;35:*.avi=01;35:*.fli=01;35:*.flv=01;35:*.gl=01;35:*.dl=01;35:*.xcf=01;35:*.xwd=01;35:*.yuv=01;35:*.cgm=01;35:*.emf=01;35:*.ogv=01;35:*.ogx=01;35:*.aac=00;36:*.au=00;36:*.flac=00;36:*.m4a=00;36:*.mid=00;36:*.midi=00;36:*.mka=00;36:*.mp3=00;36:*.mpc=00;36:*.ogg=00;36:*.ra=00;36:*.wav=00;36:*.oga=00;36:*.opus=00;36:*.spx=00;36:*.xspf=00;36:'), ('SSH_AGENT_LAUNCHER', 'gnome-keyring'), ('SSH_AUTH_SOCK', '/run/user/1000/keyring/ssh'), ('AMENT_PREFIX_PATH', '/home/avavvas/dipl/install/ergodic_exploration:/home/avavvas/dipl/install/my_interfaces:/opt/ros/humble'), ('SHELL', '/bin/bash'), ('LC_NAME', 'el_GR.UTF-8'), ('QT_ACCESSIBILITY', '1'), ('GDMSESSION', 'ubuntu'), ('LESSCLOSE', '/usr/bin/lesspipe %s %s'), ('LC_MEASUREMENT', 'el_GR.UTF-8'), ('LC_IDENTIFICATION', 'el_GR.UTF-8'), ('VIRTUAL_ENV', '/home/avavvas/venvs/venv'), ('QT_IM_MODULE', 'ibus'), ('PWD', '/home/avavvas/dipl/build/my_interfaces'), ('LC_ALL', 'en_US.UTF-8'), ('XDG_CONFIG_DIRS', '/etc/xdg/xdg-ubuntu:/etc/xdg'), ('XDG_DATA_DIRS', '/usr/share/ubuntu:/usr/local/share/:/usr/share/:/var/lib/snapd/desktop'), ('PYTHONPATH', '/home/avavvas/dipl/build/ergodic_exploration:/home/avavvas/dipl/install/ergodic_exploration/lib/python3.10/site-packages:/home/avavvas/dipl/install/my_interfaces/lib/python3.10/site-packages:/opt/ros/humble/lib/python3.10/site-packages:/opt/ros/humble/local/lib/python3.10/dist-packages'), ('LC_NUMERIC', 'el_GR.UTF-8'), ('LC_PAPER', 'el_GR.UTF-8'), ('COLCON', '1'), ('VTE_VERSION', '6800'), ('CMAKE_PREFIX_PATH', '/home/avavvas/dipl/install/my_interfaces:/home/avavvas/dipl/install/ergodic_exploration:/opt/ros/humble')]), 'shell': False}
[7.057110] (my_interfaces) StdoutLine: {'line': b'-- Install configuration: ""\n'}
[7.057506] (my_interfaces) StdoutLine: {'line': b'-- Execute custom install script\n'}
[7.057785] (my_interfaces) StdoutLine: {'line': b'-- Symlinking: /home/avavvas/dipl/install/my_interfaces/share/ament_index/resource_index/rosidl_interfaces/my_interfaces\n'}
[7.067431] (my_interfaces) StdoutLine: {'line': b'-- Symlinking: /home/avavvas/dipl/install/my_interfaces/include/my_interfaces/my_interfaces/msg/agent_data.h\n'}
[7.076310] (my_interfaces) StdoutLine: {'line': b'-- Symlinking: /home/avavvas/dipl/install/my_interfaces/include/my_interfaces/my_interfaces/msg/aircraft_data.h\n'}
[7.087376] (my_interfaces) StdoutLine: {'line': b'-- Symlinking: /home/avavvas/dipl/install/my_interfaces/include/my_interfaces/my_interfaces/msg/ck_table.h\n'}
[7.099709] (my_interfaces) StdoutLine: {'line': b'-- Symlinking: /home/avavvas/dipl/install/my_interfaces/include/my_interfaces/my_interfaces/msg/detail/agent_data__functions.h\n'}
[7.109311] (my_interfaces) StdoutLine: {'line': b'-- Symlinking: /home/avavvas/dipl/install/my_interfaces/include/my_interfaces/my_interfaces/msg/detail/agent_data__struct.h\n'}
[7.117626] (my_interfaces) StdoutLine: {'line': b'-- Symlinking: /home/avavvas/dipl/install/my_interfaces/include/my_interfaces/my_interfaces/msg/detail/agent_data__type_support.h\n'}
[7.122278] (my_interfaces) StdoutLine: {'line': b'-- Symlinking: /home/avavvas/dipl/install/my_interfaces/include/my_interfaces/my_interfaces/msg/detail/aircraft_data__functions.h\n'}
[7.125314] (-) TimerEvent: {}
[7.129357] (my_interfaces) StdoutLine: {'line': b'-- Symlinking: /home/avavvas/dipl/install/my_interfaces/include/my_interfaces/my_interfaces/msg/detail/aircraft_data__struct.h\n'}
[7.136261] (my_interfaces) StdoutLine: {'line': b'-- Symlinking: /home/avavvas/dipl/install/my_interfaces/include/my_interfaces/my_interfaces/msg/detail/aircraft_data__type_support.h\n'}
[7.145431] (my_interfaces) StdoutLine: {'line': b'-- Symlinking: /home/avavvas/dipl/install/my_interfaces/include/my_interfaces/my_interfaces/msg/detail/ck_table__functions.h\n'}
[7.155146] (my_interfaces) StdoutLine: {'line': b'-- Symlinking: /home/avavvas/dipl/install/my_interfaces/include/my_interfaces/my_interfaces/msg/detail/ck_table__struct.h\n'}
[7.165753] (my_interfaces) StdoutLine: {'line': b'-- Symlinking: /home/avavvas/dipl/install/my_interfaces/include/my_interfaces/my_interfaces/msg/detail/ck_table__type_support.h\n'}
[7.176686] (my_interfaces) StdoutLine: {'line': b'-- Symlinking: /home/avavvas/dipl/install/my_interfaces/include/my_interfaces/my_interfaces/msg/detail/joystick_data__functions.h\n'}
[7.187056] (my_interfaces) StdoutLine: {'line': b'-- Symlinking: /home/avavvas/dipl/install/my_interfaces/include/my_interfaces/my_interfaces/msg/detail/joystick_data__struct.h\n'}
[7.197542] (my_interfaces) StdoutLine: {'line': b'-- Symlinking: /home/avavvas/dipl/install/my_interfaces/include/my_interfaces/my_interfaces/msg/detail/joystick_data__type_support.h\n'}
[7.207165] (my_interfaces) StdoutLine: {'line': b'-- Symlinking: /home/avavvas/dipl/install/my_interfaces/include/my_interfaces/my_interfaces/msg/detail/multiple_obstacles__functions.h\n'}
[7.216304] (my_interfaces) StdoutLine: {'line': b'-- Symlinking: /home/avavvas/dipl/install/my_interfaces/include/my_interfaces/my_interfaces/msg/detail/multiple_obstacles__struct.h\n'}
[7.224862] (my_interfaces) StdoutLine: {'line': b'-- Symlinking: /home/avavvas/dipl/install/my_interfaces/include/my_interfaces/my_interfaces/msg/detail/multiple_obstacles__type_support.h\n'}
[7.225389] (-) TimerEvent: {}
[7.235374] (my_interfaces) StdoutLine: {'line': b'-- Symlinking: /home/avavvas/dipl/install/my_interfaces/include/my_interfaces/my_interfaces/msg/detail/multiple_target_estimates__functions.h\n'}
[7.246196] (my_interfaces) StdoutLine: {'line': b'-- Symlinking: /home/avavvas/dipl/install/my_interfaces/include/my_interfaces/my_interfaces/msg/detail/multiple_target_estimates__struct.h\n'}
[7.256554] (my_interfaces) StdoutLine: {'line': b'-- Symlinking: /home/avavvas/dipl/install/my_interfaces/include/my_interfaces/my_interfaces/msg/detail/multiple_target_estimates__type_support.h\n'}
[7.267482] (my_interfaces) StdoutLine: {'line': b'-- Symlinking: /home/avavvas/dipl/install/my_interfaces/include/my_interfaces/my_interfaces/msg/detail/obs_avoidance_debug__functions.h\n'}
[7.280045] (my_interfaces) StdoutLine: {'line': b'-- Symlinking: /home/avavvas/dipl/install/my_interfaces/include/my_interfaces/my_interfaces/msg/detail/obs_avoidance_debug__struct.h\n'}
[7.290567] (my_interfaces) StdoutLine: {'line': b'-- Symlinking: /home/avavvas/dipl/install/my_interfaces/include/my_interfaces/my_interfaces/msg/detail/obs_avoidance_debug__type_support.h\n'}
[7.300344] (my_interfaces) StdoutLine: {'line': b'-- Symlinking: /home/avavvas/dipl/install/my_interfaces/include/my_interfaces/my_interfaces/msg/detail/single_obstacle__functions.h\n'}
[7.310862] (my_interfaces) StdoutLine: {'line': b'-- Symlinking: /home/avavvas/dipl/install/my_interfaces/include/my_interfaces/my_interfaces/msg/detail/single_obstacle__struct.h\n'}
[7.319817] (my_interfaces) StdoutLine: {'line': b'-- Symlinking: /home/avavvas/dipl/install/my_interfaces/include/my_interfaces/my_interfaces/msg/detail/single_obstacle__type_support.h\n'}
[7.325536] (-) TimerEvent: {}
[7.326660] (my_interfaces) StdoutLine: {'line': b'-- Symlinking: /home/avavvas/dipl/install/my_interfaces/include/my_interfaces/my_interfaces/msg/detail/single_target_estimate__functions.h\n'}
[7.333454] (my_interfaces) StdoutLine: {'line': b'-- Symlinking: /home/avavvas/dipl/install/my_interfaces/include/my_interfaces/my_interfaces/msg/detail/single_target_estimate__struct.h\n'}
[7.341607] (my_interfaces) StdoutLine: {'line': b'-- Symlinking: /home/avavvas/dipl/install/my_interfaces/include/my_interfaces/my_interfaces/msg/detail/single_target_estimate__type_support.h\n'}
[7.350943] (my_interfaces) StdoutLine: {'line': b'-- Symlinking: /home/avavvas/dipl/install/my_interfaces/include/my_interfaces/my_interfaces/msg/joystick_data.h\n'}
[7.360279] (my_interfaces) StdoutLine: {'line': b'-- Symlinking: /home/avavvas/dipl/install/my_interfaces/include/my_interfaces/my_interfaces/msg/multiple_obstacles.h\n'}
[7.371214] (my_interfaces) StdoutLine: {'line': b'-- Symlinking: /home/avavvas/dipl/install/my_interfaces/include/my_interfaces/my_interfaces/msg/multiple_target_estimates.h\n'}
[7.383155] (my_interfaces) StdoutLine: {'line': b'-- Symlinking: /home/avavvas/dipl/install/my_interfaces/include/my_interfaces/my_interfaces/msg/obs_avoidance_debug.h\n'}
[7.390550] (my_interfaces) StdoutLine: {'line': b'-- Symlinking: /home/avavvas/dipl/install/my_interfaces/include/my_interfaces/my_interfaces/msg/rosidl_generator_c__visibility_control.h\n'}
[7.397226] (my_interfaces) StdoutLine: {'line': b'-- Symlinking: /home/avavvas/dipl/install/my_interfaces/include/my_interfaces/my_interfaces/msg/single_obstacle.h\n'}
[7.403970] (my_interfaces) StdoutLine: {'line': b'-- Symlinking: /home/avavvas/dipl/install/my_interfaces/include/my_interfaces/my_interfaces/msg/single_target_estimate.h\n'}
[7.409602] (my_interfaces) StdoutLine: {'line': b'-- Symlinking: /home/avavvas/dipl/install/my_interfaces/share/my_interfaces/environment/library_path.sh\n'}
[7.416093] (my_interfaces) StdoutLine: {'line': b'-- Symlinking: /home/avavvas/dipl/install/my_interfaces/share/my_interfaces/environment/library_path.dsv\n'}
[7.424077] (my_interfaces) StdoutLine: {'line': b'-- Symlinking: /home/avavvas/dipl/install/my_interfaces/include/my_interfaces/my_interfaces/msg/detail/agent_data__rosidl_typesupport_fastrtps_c.h\n'}
[7.425730] (-) TimerEvent: {}
[7.435367] (my_interfaces) StdoutLine: {'line': b'-- Symlinking: /home/avavvas/dipl/install/my_interfaces/include/my_interfaces/my_interfaces/msg/detail/aircraft_data__rosidl_typesupport_fastrtps_c.h\n'}
[7.443527] (my_interfaces) StdoutLine: {'line': b'-- Symlinking: /home/avavvas/dipl/install/my_interfaces/include/my_interfaces/my_interfaces/msg/detail/ck_table__rosidl_typesupport_fastrtps_c.h\n'}
[7.452084] (my_interfaces) StdoutLine: {'line': b'-- Symlinking: /home/avavvas/dipl/install/my_interfaces/include/my_interfaces/my_interfaces/msg/detail/joystick_data__rosidl_typesupport_fastrtps_c.h\n'}
[7.461973] (my_interfaces) StdoutLine: {'line': b'-- Symlinking: /home/avavvas/dipl/install/my_interfaces/include/my_interfaces/my_interfaces/msg/detail/multiple_obstacles__rosidl_typesupport_fastrtps_c.h\n'}
[7.473431] (my_interfaces) StdoutLine: {'line': b'-- Symlinking: /home/avavvas/dipl/install/my_interfaces/include/my_interfaces/my_interfaces/msg/detail/multiple_target_estimates__rosidl_typesupport_fastrtps_c.h\n'}
[7.484021] (my_interfaces) StdoutLine: {'line': b'-- Symlinking: /home/avavvas/dipl/install/my_interfaces/include/my_interfaces/my_interfaces/msg/detail/obs_avoidance_debug__rosidl_typesupport_fastrtps_c.h\n'}
[7.491565] (my_interfaces) StdoutLine: {'line': b'-- Symlinking: /home/avavvas/dipl/install/my_interfaces/include/my_interfaces/my_interfaces/msg/detail/single_obstacle__rosidl_typesupport_fastrtps_c.h\n'}
[7.496955] (my_interfaces) StdoutLine: {'line': b'-- Symlinking: /home/avavvas/dipl/install/my_interfaces/include/my_interfaces/my_interfaces/msg/detail/single_target_estimate__rosidl_typesupport_fastrtps_c.h\n'}
[7.501610] (my_interfaces) StdoutLine: {'line': b'-- Symlinking: /home/avavvas/dipl/install/my_interfaces/include/my_interfaces/my_interfaces/msg/rosidl_typesupport_fastrtps_c__visibility_control.h\n'}
[7.511477] (my_interfaces) StdoutLine: {'line': b'-- Symlinking: /home/avavvas/dipl/install/my_interfaces/include/my_interfaces/my_interfaces/msg/detail/agent_data__rosidl_typesupport_introspection_c.h\n'}
[7.521605] (my_interfaces) StdoutLine: {'line': b'-- Symlinking: /home/avavvas/dipl/install/my_interfaces/include/my_interfaces/my_interfaces/msg/detail/aircraft_data__rosidl_typesupport_introspection_c.h\n'}
[7.525889] (-) TimerEvent: {}
[7.531393] (my_interfaces) StdoutLine: {'line': b'-- Symlinking: /home/avavvas/dipl/install/my_interfaces/include/my_interfaces/my_interfaces/msg/detail/ck_table__rosidl_typesupport_introspection_c.h\n'}
[7.536835] (my_interfaces) StdoutLine: {'line': b'-- Symlinking: /home/avavvas/dipl/install/my_interfaces/include/my_interfaces/my_interfaces/msg/detail/joystick_data__rosidl_typesupport_introspection_c.h\n'}
[7.544310] (my_interfaces) StdoutLine: {'line': b'-- Symlinking: /home/avavvas/dipl/install/my_interfaces/include/my_interfaces/my_interfaces/msg/detail/multiple_obstacles__rosidl_typesupport_introspection_c.h\n'}
[7.549645] (my_interfaces) StdoutLine: {'line': b'-- Symlinking: /home/avavvas/dipl/install/my_interfaces/include/my_interfaces/my_interfaces/msg/detail/multiple_target_estimates__rosidl_typesupport_introspection_c.h\n'}
[7.556706] (my_interfaces) StdoutLine: {'line': b'-- Symlinking: /home/avavvas/dipl/install/my_interfaces/include/my_interfaces/my_interfaces/msg/detail/obs_avoidance_debug__rosidl_typesupport_introspection_c.h\n'}
[7.563771] (my_interfaces) StdoutLine: {'line': b'-- Symlinking: /home/avavvas/dipl/install/my_interfaces/include/my_interfaces/my_interfaces/msg/detail/single_obstacle__rosidl_typesupport_introspection_c.h\n'}
[7.572748] (my_interfaces) StdoutLine: {'line': b'-- Symlinking: /home/avavvas/dipl/install/my_interfaces/include/my_interfaces/my_interfaces/msg/detail/single_target_estimate__rosidl_typesupport_introspection_c.h\n'}
[7.583475] (my_interfaces) StdoutLine: {'line': b'-- Symlinking: /home/avavvas/dipl/install/my_interfaces/include/my_interfaces/my_interfaces/msg/rosidl_typesupport_introspection_c__visibility_control.h\n'}
[7.594037] (my_interfaces) StdoutLine: {'line': b'-- Symlinking: /home/avavvas/dipl/install/my_interfaces/include/my_interfaces/my_interfaces/msg/agent_data.hpp\n'}
[7.603230] (my_interfaces) StdoutLine: {'line': b'-- Symlinking: /home/avavvas/dipl/install/my_interfaces/include/my_interfaces/my_interfaces/msg/aircraft_data.hpp\n'}
[7.612433] (my_interfaces) StdoutLine: {'line': b'-- Symlinking: /home/avavvas/dipl/install/my_interfaces/include/my_interfaces/my_interfaces/msg/ck_table.hpp\n'}
[7.619295] (my_interfaces) StdoutLine: {'line': b'-- Symlinking: /home/avavvas/dipl/install/my_interfaces/include/my_interfaces/my_interfaces/msg/detail/agent_data__builder.hpp\n'}
[7.625813] (my_interfaces) StdoutLine: {'line': b'-- Symlinking: /home/avavvas/dipl/install/my_interfaces/include/my_interfaces/my_interfaces/msg/detail/agent_data__struct.hpp\n'}
[7.625967] (-) TimerEvent: {}
[7.630867] (my_interfaces) StdoutLine: {'line': b'-- Symlinking: /home/avavvas/dipl/install/my_interfaces/include/my_interfaces/my_interfaces/msg/detail/agent_data__traits.hpp\n'}
[7.637811] (my_interfaces) StdoutLine: {'line': b'-- Symlinking: /home/avavvas/dipl/install/my_interfaces/include/my_interfaces/my_interfaces/msg/detail/agent_data__type_support.hpp\n'}
[7.642805] (my_interfaces) StdoutLine: {'line': b'-- Symlinking: /home/avavvas/dipl/install/my_interfaces/include/my_interfaces/my_interfaces/msg/detail/aircraft_data__builder.hpp\n'}
[7.649568] (my_interfaces) StdoutLine: {'line': b'-- Symlinking: /home/avavvas/dipl/install/my_interfaces/include/my_interfaces/my_interfaces/msg/detail/aircraft_data__struct.hpp\n'}
[7.655140] (my_interfaces) StdoutLine: {'line': b'-- Symlinking: /home/avavvas/dipl/install/my_interfaces/include/my_interfaces/my_interfaces/msg/detail/aircraft_data__traits.hpp\n'}
[7.661556] (my_interfaces) StdoutLine: {'line': b'-- Symlinking: /home/avavvas/dipl/install/my_interfaces/include/my_interfaces/my_interfaces/msg/detail/aircraft_data__type_support.hpp\n'}
[7.667111] (my_interfaces) StdoutLine: {'line': b'-- Symlinking: /home/avavvas/dipl/install/my_interfaces/include/my_interfaces/my_interfaces/msg/detail/ck_table__builder.hpp\n'}
[7.674287] (my_interfaces) StdoutLine: {'line': b'-- Symlinking: /home/avavvas/dipl/install/my_interfaces/include/my_interfaces/my_interfaces/msg/detail/ck_table__struct.hpp\n'}
[7.679504] (my_interfaces) StdoutLine: {'line': b'-- Symlinking: /home/avavvas/dipl/install/my_interfaces/include/my_interfaces/my_interfaces/msg/detail/ck_table__traits.hpp\n'}
[7.684311] (my_interfaces) StdoutLine: {'line': b'-- Symlinking: /home/avavvas/dipl/install/my_interfaces/include/my_interfaces/my_interfaces/msg/detail/ck_table__type_support.hpp\n'}
[7.690039] (my_interfaces) StdoutLine: {'line': b'-- Symlinking: /home/avavvas/dipl/install/my_interfaces/include/my_interfaces/my_interfaces/msg/detail/joystick_data__builder.hpp\n'}
[7.698046] (my_interfaces) StdoutLine: {'line': b'-- Symlinking: /home/avavvas/dipl/install/my_interfaces/include/my_interfaces/my_interfaces/msg/detail/joystick_data__struct.hpp\n'}
[7.705935] (my_interfaces) StdoutLine: {'line': b'-- Symlinking: /home/avavvas/dipl/install/my_interfaces/include/my_interfaces/my_interfaces/msg/detail/joystick_data__traits.hpp\n'}
[7.715402] (my_interfaces) StdoutLine: {'line': b'-- Symlinking: /home/avavvas/dipl/install/my_interfaces/include/my_interfaces/my_interfaces/msg/detail/joystick_data__type_support.hpp\n'}
[7.726186] (-) TimerEvent: {}
[7.726535] (my_interfaces) StdoutLine: {'line': b'-- Symlinking: /home/avavvas/dipl/install/my_interfaces/include/my_interfaces/my_interfaces/msg/detail/multiple_obstacles__builder.hpp\n'}
[7.737095] (my_interfaces) StdoutLine: {'line': b'-- Symlinking: /home/avavvas/dipl/install/my_interfaces/include/my_interfaces/my_interfaces/msg/detail/multiple_obstacles__struct.hpp\n'}
[7.747109] (my_interfaces) StdoutLine: {'line': b'-- Symlinking: /home/avavvas/dipl/install/my_interfaces/include/my_interfaces/my_interfaces/msg/detail/multiple_obstacles__traits.hpp\n'}
[7.759053] (my_interfaces) StdoutLine: {'line': b'-- Symlinking: /home/avavvas/dipl/install/my_interfaces/include/my_interfaces/my_interfaces/msg/detail/multiple_obstacles__type_support.hpp\n'}
[7.768028] (my_interfaces) StdoutLine: {'line': b'-- Symlinking: /home/avavvas/dipl/install/my_interfaces/include/my_interfaces/my_interfaces/msg/detail/multiple_target_estimates__builder.hpp\n'}
[7.776131] (my_interfaces) StdoutLine: {'line': b'-- Symlinking: /home/avavvas/dipl/install/my_interfaces/include/my_interfaces/my_interfaces/msg/detail/multiple_target_estimates__struct.hpp\n'}
[7.785417] (my_interfaces) StdoutLine: {'line': b'-- Symlinking: /home/avavvas/dipl/install/my_interfaces/include/my_interfaces/my_interfaces/msg/detail/multiple_target_estimates__traits.hpp\n'}
[7.795149] (my_interfaces) StdoutLine: {'line': b'-- Symlinking: /home/avavvas/dipl/install/my_interfaces/include/my_interfaces/my_interfaces/msg/detail/multiple_target_estimates__type_support.hpp\n'}
[7.805794] (my_interfaces) StdoutLine: {'line': b'-- Symlinking: /home/avavvas/dipl/install/my_interfaces/include/my_interfaces/my_interfaces/msg/detail/obs_avoidance_debug__builder.hpp\n'}
[7.815208] (my_interfaces) StdoutLine: {'line': b'-- Symlinking: /home/avavvas/dipl/install/my_interfaces/include/my_interfaces/my_interfaces/msg/detail/obs_avoidance_debug__struct.hpp\n'}
[7.825437] (my_interfaces) StdoutLine: {'line': b'-- Symlinking: /home/avavvas/dipl/install/my_interfaces/include/my_interfaces/my_interfaces/msg/detail/obs_avoidance_debug__traits.hpp\n'}
[7.826238] (-) TimerEvent: {}
[7.836532] (my_interfaces) StdoutLine: {'line': b'-- Symlinking: /home/avavvas/dipl/install/my_interfaces/include/my_interfaces/my_interfaces/msg/detail/obs_avoidance_debug__type_support.hpp\n'}
[7.847351] (my_interfaces) StdoutLine: {'line': b'-- Symlinking: /home/avavvas/dipl/install/my_interfaces/include/my_interfaces/my_interfaces/msg/detail/single_obstacle__builder.hpp\n'}
[7.857522] (my_interfaces) StdoutLine: {'line': b'-- Symlinking: /home/avavvas/dipl/install/my_interfaces/include/my_interfaces/my_interfaces/msg/detail/single_obstacle__struct.hpp\n'}
[7.867391] (my_interfaces) StdoutLine: {'line': b'-- Symlinking: /home/avavvas/dipl/install/my_interfaces/include/my_interfaces/my_interfaces/msg/detail/single_obstacle__traits.hpp\n'}
[7.878988] (my_interfaces) StdoutLine: {'line': b'-- Symlinking: /home/avavvas/dipl/install/my_interfaces/include/my_interfaces/my_interfaces/msg/detail/single_obstacle__type_support.hpp\n'}
[7.889265] (my_interfaces) StdoutLine: {'line': b'-- Symlinking: /home/avavvas/dipl/install/my_interfaces/include/my_interfaces/my_interfaces/msg/detail/single_target_estimate__builder.hpp\n'}
[7.899474] (my_interfaces) StdoutLine: {'line': b'-- Symlinking: /home/avavvas/dipl/install/my_interfaces/include/my_interfaces/my_interfaces/msg/detail/single_target_estimate__struct.hpp\n'}
[7.910004] (my_interfaces) StdoutLine: {'line': b'-- Symlinking: /home/avavvas/dipl/install/my_interfaces/include/my_interfaces/my_interfaces/msg/detail/single_target_estimate__traits.hpp\n'}
[7.917424] (my_interfaces) StdoutLine: {'line': b'-- Symlinking: /home/avavvas/dipl/install/my_interfaces/include/my_interfaces/my_interfaces/msg/detail/single_target_estimate__type_support.hpp\n'}
[7.926346] (-) TimerEvent: {}
[7.926682] (my_interfaces) StdoutLine: {'line': b'-- Symlinking: /home/avavvas/dipl/install/my_interfaces/include/my_interfaces/my_interfaces/msg/joystick_data.hpp\n'}
[7.937037] (my_interfaces) StdoutLine: {'line': b'-- Symlinking: /home/avavvas/dipl/install/my_interfaces/include/my_interfaces/my_interfaces/msg/multiple_obstacles.hpp\n'}
[7.946526] (my_interfaces) StdoutLine: {'line': b'-- Symlinking: /home/avavvas/dipl/install/my_interfaces/include/my_interfaces/my_interfaces/msg/multiple_target_estimates.hpp\n'}
[7.954393] (my_interfaces) StdoutLine: {'line': b'-- Symlinking: /home/avavvas/dipl/install/my_interfaces/include/my_interfaces/my_interfaces/msg/obs_avoidance_debug.hpp\n'}
[7.964837] (my_interfaces) StdoutLine: {'line': b'-- Symlinking: /home/avavvas/dipl/install/my_interfaces/include/my_interfaces/my_interfaces/msg/rosidl_generator_cpp__visibility_control.hpp\n'}
[7.976448] (my_interfaces) StdoutLine: {'line': b'-- Symlinking: /home/avavvas/dipl/install/my_interfaces/include/my_interfaces/my_interfaces/msg/single_obstacle.hpp\n'}
[7.983192] (my_interfaces) StdoutLine: {'line': b'-- Symlinking: /home/avavvas/dipl/install/my_interfaces/include/my_interfaces/my_interfaces/msg/single_target_estimate.hpp\n'}
[7.993513] (my_interfaces) StdoutLine: {'line': b'-- Symlinking: /home/avavvas/dipl/install/my_interfaces/include/my_interfaces/my_interfaces/msg/detail/agent_data__rosidl_typesupport_fastrtps_cpp.hpp\n'}
[8.004325] (my_interfaces) StdoutLine: {'line': b'-- Symlinking: /home/avavvas/dipl/install/my_interfaces/include/my_interfaces/my_interfaces/msg/detail/aircraft_data__rosidl_typesupport_fastrtps_cpp.hpp\n'}
[8.016540] (my_interfaces) StdoutLine: {'line': b'-- Symlinking: /home/avavvas/dipl/install/my_interfaces/include/my_interfaces/my_interfaces/msg/detail/ck_table__rosidl_typesupport_fastrtps_cpp.hpp\n'}
[8.025747] (my_interfaces) StdoutLine: {'line': b'-- Symlinking: /home/avavvas/dipl/install/my_interfaces/include/my_interfaces/my_interfaces/msg/detail/joystick_data__rosidl_typesupport_fastrtps_cpp.hpp\n'}
[8.026443] (-) TimerEvent: {}
[8.032230] (my_interfaces) StdoutLine: {'line': b'-- Symlinking: /home/avavvas/dipl/install/my_interfaces/include/my_interfaces/my_interfaces/msg/detail/multiple_obstacles__rosidl_typesupport_fastrtps_cpp.hpp\n'}
[8.038170] (my_interfaces) StdoutLine: {'line': b'-- Symlinking: /home/avavvas/dipl/install/my_interfaces/include/my_interfaces/my_interfaces/msg/detail/multiple_target_estimates__rosidl_typesupport_fastrtps_cpp.hpp\n'}
[8.048249] (my_interfaces) StdoutLine: {'line': b'-- Symlinking: /home/avavvas/dipl/install/my_interfaces/include/my_interfaces/my_interfaces/msg/detail/obs_avoidance_debug__rosidl_typesupport_fastrtps_cpp.hpp\n'}
[8.063237] (my_interfaces) StdoutLine: {'line': b'-- Symlinking: /home/avavvas/dipl/install/my_interfaces/include/my_interfaces/my_interfaces/msg/detail/single_obstacle__rosidl_typesupport_fastrtps_cpp.hpp\n'}
[8.076882] (my_interfaces) StdoutLine: {'line': b'-- Symlinking: /home/avavvas/dipl/install/my_interfaces/include/my_interfaces/my_interfaces/msg/detail/single_target_estimate__rosidl_typesupport_fastrtps_cpp.hpp\n'}
[8.089359] (my_interfaces) StdoutLine: {'line': b'-- Symlinking: /home/avavvas/dipl/install/my_interfaces/include/my_interfaces/my_interfaces/msg/rosidl_typesupport_fastrtps_cpp__visibility_control.h\n'}
[8.100806] (my_interfaces) StdoutLine: {'line': b'-- Symlinking: /home/avavvas/dipl/install/my_interfaces/include/my_interfaces/my_interfaces/msg/detail/agent_data__rosidl_typesupport_introspection_cpp.hpp\n'}
[8.111007] (my_interfaces) StdoutLine: {'line': b'-- Symlinking: /home/avavvas/dipl/install/my_interfaces/include/my_interfaces/my_interfaces/msg/detail/aircraft_data__rosidl_typesupport_introspection_cpp.hpp\n'}
[8.120907] (my_interfaces) StdoutLine: {'line': b'-- Symlinking: /home/avavvas/dipl/install/my_interfaces/include/my_interfaces/my_interfaces/msg/detail/ck_table__rosidl_typesupport_introspection_cpp.hpp\n'}
[8.126647] (-) TimerEvent: {}
[8.131178] (my_interfaces) StdoutLine: {'line': b'-- Symlinking: /home/avavvas/dipl/install/my_interfaces/include/my_interfaces/my_interfaces/msg/detail/joystick_data__rosidl_typesupport_introspection_cpp.hpp\n'}
[8.141873] (my_interfaces) StdoutLine: {'line': b'-- Symlinking: /home/avavvas/dipl/install/my_interfaces/include/my_interfaces/my_interfaces/msg/detail/multiple_obstacles__rosidl_typesupport_introspection_cpp.hpp\n'}
[8.151458] (my_interfaces) StdoutLine: {'line': b'-- Symlinking: /home/avavvas/dipl/install/my_interfaces/include/my_interfaces/my_interfaces/msg/detail/multiple_target_estimates__rosidl_typesupport_introspection_cpp.hpp\n'}
[8.163416] (my_interfaces) StdoutLine: {'line': b'-- Symlinking: /home/avavvas/dipl/install/my_interfaces/include/my_interfaces/my_interfaces/msg/detail/obs_avoidance_debug__rosidl_typesupport_introspection_cpp.hpp\n'}
[8.171148] (my_interfaces) StdoutLine: {'line': b'-- Symlinking: /home/avavvas/dipl/install/my_interfaces/include/my_interfaces/my_interfaces/msg/detail/single_obstacle__rosidl_typesupport_introspection_cpp.hpp\n'}
[8.181019] (my_interfaces) StdoutLine: {'line': b'-- Symlinking: /home/avavvas/dipl/install/my_interfaces/include/my_interfaces/my_interfaces/msg/detail/single_target_estimate__rosidl_typesupport_introspection_cpp.hpp\n'}
[8.191192] (my_interfaces) StdoutLine: {'line': b'-- Symlinking: /home/avavvas/dipl/install/my_interfaces/share/my_interfaces/environment/pythonpath.sh\n'}
[8.201140] (my_interfaces) StdoutLine: {'line': b'-- Symlinking: /home/avavvas/dipl/install/my_interfaces/share/my_interfaces/environment/pythonpath.dsv\n'}
[8.209452] (my_interfaces) StdoutLine: {'line': b'-- Symlinking: /home/avavvas/dipl/install/my_interfaces/lib/python3.10/site-packages/my_interfaces-0.0.0-py3.10.egg-info/PKG-INFO\n'}
[8.220011] (my_interfaces) StdoutLine: {'line': b'-- Symlinking: /home/avavvas/dipl/install/my_interfaces/lib/python3.10/site-packages/my_interfaces-0.0.0-py3.10.egg-info/SOURCES.txt\n'}
[8.226893] (-) TimerEvent: {}
[8.229850] (my_interfaces) StdoutLine: {'line': b'-- Symlinking: /home/avavvas/dipl/install/my_interfaces/lib/python3.10/site-packages/my_interfaces-0.0.0-py3.10.egg-info/dependency_links.txt\n'}
[8.241240] (my_interfaces) StdoutLine: {'line': b'-- Symlinking: /home/avavvas/dipl/install/my_interfaces/lib/python3.10/site-packages/my_interfaces-0.0.0-py3.10.egg-info/top_level.txt\n'}
[8.252074] (my_interfaces) StdoutLine: {'line': b'-- Symlinking: /home/avavvas/dipl/install/my_interfaces/lib/python3.10/site-packages/my_interfaces/__init__.py\n'}
[8.263850] (my_interfaces) StdoutLine: {'line': b'-- Symlinking: /home/avavvas/dipl/install/my_interfaces/lib/python3.10/site-packages/my_interfaces/_my_interfaces_s.ep.rosidl_typesupport_c.c\n'}
[8.276613] (my_interfaces) StdoutLine: {'line': b'-- Symlinking: /home/avavvas/dipl/install/my_interfaces/lib/python3.10/site-packages/my_interfaces/_my_interfaces_s.ep.rosidl_typesupport_fastrtps_c.c\n'}
[8.288257] (my_interfaces) StdoutLine: {'line': b'-- Symlinking: /home/avavvas/dipl/install/my_interfaces/lib/python3.10/site-packages/my_interfaces/_my_interfaces_s.ep.rosidl_typesupport_introspection_c.c\n'}
[8.294225] (my_interfaces) StdoutLine: {'line': b'-- Symlinking: /home/avavvas/dipl/install/my_interfaces/lib/python3.10/site-packages/my_interfaces/libmy_interfaces__rosidl_generator_py.so\n'}
[8.306531] (my_interfaces) StdoutLine: {'line': b'-- Symlinking: /home/avavvas/dipl/install/my_interfaces/lib/python3.10/site-packages/my_interfaces/msg/__init__.py\n'}
[8.317412] (my_interfaces) StdoutLine: {'line': b'-- Symlinking: /home/avavvas/dipl/install/my_interfaces/lib/python3.10/site-packages/my_interfaces/msg/_agent_data.py\n'}
[8.327090] (-) TimerEvent: {}
[8.327994] (my_interfaces) StdoutLine: {'line': b'-- Symlinking: /home/avavvas/dipl/install/my_interfaces/lib/python3.10/site-packages/my_interfaces/msg/_agent_data_s.c\n'}
[8.339870] (my_interfaces) StdoutLine: {'line': b'-- Symlinking: /home/avavvas/dipl/install/my_interfaces/lib/python3.10/site-packages/my_interfaces/msg/_aircraft_data.py\n'}
[8.349740] (my_interfaces) StdoutLine: {'line': b'-- Symlinking: /home/avavvas/dipl/install/my_interfaces/lib/python3.10/site-packages/my_interfaces/msg/_aircraft_data_s.c\n'}
[8.360383] (my_interfaces) StdoutLine: {'line': b'-- Symlinking: /home/avavvas/dipl/install/my_interfaces/lib/python3.10/site-packages/my_interfaces/msg/_ck_table.py\n'}
[8.371972] (my_interfaces) StdoutLine: {'line': b'-- Symlinking: /home/avavvas/dipl/install/my_interfaces/lib/python3.10/site-packages/my_interfaces/msg/_ck_table_s.c\n'}
[8.382785] (my_interfaces) StdoutLine: {'line': b'-- Symlinking: /home/avavvas/dipl/install/my_interfaces/lib/python3.10/site-packages/my_interfaces/msg/_joystick_data.py\n'}
[8.391802] (my_interfaces) StdoutLine: {'line': b'-- Symlinking: /home/avavvas/dipl/install/my_interfaces/lib/python3.10/site-packages/my_interfaces/msg/_joystick_data_s.c\n'}
[8.400810] (my_interfaces) StdoutLine: {'line': b'-- Symlinking: /home/avavvas/dipl/install/my_interfaces/lib/python3.10/site-packages/my_interfaces/msg/_multiple_obstacles.py\n'}
[8.408947] (my_interfaces) StdoutLine: {'line': b'-- Symlinking: /home/avavvas/dipl/install/my_interfaces/lib/python3.10/site-packages/my_interfaces/msg/_multiple_obstacles_s.c\n'}
[8.419841] (my_interfaces) StdoutLine: {'line': b'-- Symlinking: /home/avavvas/dipl/install/my_interfaces/lib/python3.10/site-packages/my_interfaces/msg/_multiple_target_estimates.py\n'}
[8.427129] (-) TimerEvent: {}
[8.430596] (my_interfaces) StdoutLine: {'line': b'-- Symlinking: /home/avavvas/dipl/install/my_interfaces/lib/python3.10/site-packages/my_interfaces/msg/_multiple_target_estimates_s.c\n'}
[8.441002] (my_interfaces) StdoutLine: {'line': b'-- Symlinking: /home/avavvas/dipl/install/my_interfaces/lib/python3.10/site-packages/my_interfaces/msg/_obs_avoidance_debug.py\n'}
[8.449479] (my_interfaces) StdoutLine: {'line': b'-- Symlinking: /home/avavvas/dipl/install/my_interfaces/lib/python3.10/site-packages/my_interfaces/msg/_obs_avoidance_debug_s.c\n'}
[8.458899] (my_interfaces) StdoutLine: {'line': b'-- Symlinking: /home/avavvas/dipl/install/my_interfaces/lib/python3.10/site-packages/my_interfaces/msg/_single_obstacle.py\n'}
[8.469567] (my_interfaces) StdoutLine: {'line': b'-- Symlinking: /home/avavvas/dipl/install/my_interfaces/lib/python3.10/site-packages/my_interfaces/msg/_single_obstacle_s.c\n'}
[8.480500] (my_interfaces) StdoutLine: {'line': b'-- Symlinking: /home/avavvas/dipl/install/my_interfaces/lib/python3.10/site-packages/my_interfaces/msg/_single_target_estimate.py\n'}
[8.489513] (my_interfaces) StdoutLine: {'line': b'-- Symlinking: /home/avavvas/dipl/install/my_interfaces/lib/python3.10/site-packages/my_interfaces/msg/_single_target_estimate_s.c\n'}
[8.499515] (my_interfaces) StdoutLine: {'line': b'-- Symlinking: /home/avavvas/dipl/install/my_interfaces/lib/python3.10/site-packages/my_interfaces/my_interfaces_s__rosidl_typesupport_c.cpython-310-x86_64-linux-gnu.so\n'}
[8.509672] (my_interfaces) StdoutLine: {'line': b'-- Symlinking: /home/avavvas/dipl/install/my_interfaces/lib/python3.10/site-packages/my_interfaces/my_interfaces_s__rosidl_typesupport_fastrtps_c.cpython-310-x86_64-linux-gnu.so\n'}
[8.518501] (my_interfaces) StdoutLine: {'line': b'-- Symlinking: /home/avavvas/dipl/install/my_interfaces/lib/python3.10/site-packages/my_interfaces/my_interfaces_s__rosidl_typesupport_introspection_c.cpython-310-x86_64-linux-gnu.so\n'}
[8.527334] (-) TimerEvent: {}
[8.529883] (my_interfaces) StdoutLine: {'line': b'-- Up-to-date symlink: /home/avavvas/dipl/install/my_interfaces/lib/python3.10/site-packages/my_interfaces/my_interfaces_s__rosidl_typesupport_fastrtps_c.cpython-310-x86_64-linux-gnu.so\n'}
[8.530159] (my_interfaces) StdoutLine: {'line': b'-- Up-to-date symlink: /home/avavvas/dipl/install/my_interfaces/lib/python3.10/site-packages/my_interfaces/my_interfaces_s__rosidl_typesupport_introspection_c.cpython-310-x86_64-linux-gnu.so\n'}
[8.530441] (my_interfaces) StdoutLine: {'line': b'-- Up-to-date symlink: /home/avavvas/dipl/install/my_interfaces/lib/python3.10/site-packages/my_interfaces/my_interfaces_s__rosidl_typesupport_c.cpython-310-x86_64-linux-gnu.so\n'}
[8.530565] (my_interfaces) StdoutLine: {'line': b'-- Symlinking: /home/avavvas/dipl/install/my_interfaces/share/my_interfaces/msg/CkTable.idl\n'}
[8.538919] (my_interfaces) StdoutLine: {'line': b'-- Symlinking: /home/avavvas/dipl/install/my_interfaces/share/my_interfaces/msg/AgentData.idl\n'}
[8.548812] (my_interfaces) StdoutLine: {'line': b'-- Symlinking: /home/avavvas/dipl/install/my_interfaces/share/my_interfaces/msg/AircraftData.idl\n'}
[8.560013] (my_interfaces) StdoutLine: {'line': b'-- Symlinking: /home/avavvas/dipl/install/my_interfaces/share/my_interfaces/msg/SingleObstacle.idl\n'}
[8.570328] (my_interfaces) StdoutLine: {'line': b'-- Symlinking: /home/avavvas/dipl/install/my_interfaces/share/my_interfaces/msg/MultipleObstacles.idl\n'}
[8.581844] (my_interfaces) StdoutLine: {'line': b'-- Symlinking: /home/avavvas/dipl/install/my_interfaces/share/my_interfaces/msg/SingleTargetEstimate.idl\n'}
[8.590744] (my_interfaces) StdoutLine: {'line': b'-- Symlinking: /home/avavvas/dipl/install/my_interfaces/share/my_interfaces/msg/MultipleTargetEstimates.idl\n'}
[8.599904] (my_interfaces) StdoutLine: {'line': b'-- Symlinking: /home/avavvas/dipl/install/my_interfaces/share/my_interfaces/msg/ObsAvoidanceDebug.idl\n'}
[8.610480] (my_interfaces) StdoutLine: {'line': b'-- Symlinking: /home/avavvas/dipl/install/my_interfaces/share/my_interfaces/msg/JoystickData.idl\n'}
[8.619478] (my_interfaces) StdoutLine: {'line': b'-- Symlinking: /home/avavvas/dipl/install/my_interfaces/share/my_interfaces/msg/CkTable.msg\n'}
[8.627150] (my_interfaces) StdoutLine: {'line': b'-- Symlinking: /home/avavvas/dipl/install/my_interfaces/share/my_interfaces/msg/AgentData.msg\n'}
[8.627390] (-) TimerEvent: {}
[8.637608] (my_interfaces) StdoutLine: {'line': b'-- Symlinking: /home/avavvas/dipl/install/my_interfaces/share/my_interfaces/msg/AircraftData.msg\n'}
[8.643052] (my_interfaces) StdoutLine: {'line': b'-- Symlinking: /home/avavvas/dipl/install/my_interfaces/share/my_interfaces/msg/SingleObstacle.msg\n'}
[8.650772] (my_interfaces) StdoutLine: {'line': b'-- Symlinking: /home/avavvas/dipl/install/my_interfaces/share/my_interfaces/msg/MultipleObstacles.msg\n'}
[8.658870] (my_interfaces) StdoutLine: {'line': b'-- Symlinking: /home/avavvas/dipl/install/my_interfaces/share/my_interfaces/msg/SingleTargetEstimate.msg\n'}
[8.668117] (my_interfaces) StdoutLine: {'line': b'-- Symlinking: /home/avavvas/dipl/install/my_interfaces/share/my_interfaces/msg/MultipleTargetEstimates.msg\n'}
[8.679650] (my_interfaces) StdoutLine: {'line': b'-- Symlinking: /home/avavvas/dipl/install/my_interfaces/share/my_interfaces/msg/ObsAvoidanceDebug.msg\n'}
[8.691753] (my_interfaces) StdoutLine: {'line': b'-- Symlinking: /home/avavvas/dipl/install/my_interfaces/share/my_interfaces/msg/JoystickData.msg\n'}
[8.700200] (my_interfaces) StdoutLine: {'line': b'-- Symlinking: /home/avavvas/dipl/install/my_interfaces/share/ament_index/resource_index/package_run_dependencies/my_interfaces\n'}
[8.710515] (my_interfaces) StdoutLine: {'line': b'-- Symlinking: /home/avavvas/dipl/install/my_interfaces/share/ament_index/resource_index/parent_prefix_path/my_interfaces\n'}
[8.721328] (my_interfaces) StdoutLine: {'line': b'-- Symlinking: /home/avavvas/dipl/install/my_interfaces/share/my_interfaces/environment/ament_prefix_path.sh\n'}
[8.727610] (-) TimerEvent: {}
[8.728759] (my_interfaces) StdoutLine: {'line': b'-- Symlinking: /home/avavvas/dipl/install/my_interfaces/share/my_interfaces/environment/ament_prefix_path.dsv\n'}
[8.738356] (my_interfaces) StdoutLine: {'line': b'-- Symlinking: /home/avavvas/dipl/install/my_interfaces/share/my_interfaces/environment/path.sh\n'}
[8.749963] (my_interfaces) StdoutLine: {'line': b'-- Symlinking: /home/avavvas/dipl/install/my_interfaces/share/my_interfaces/environment/path.dsv\n'}
[8.759823] (my_interfaces) StdoutLine: {'line': b'-- Symlinking: /home/avavvas/dipl/install/my_interfaces/share/my_interfaces/local_setup.bash\n'}
[8.769765] (my_interfaces) StdoutLine: {'line': b'-- Symlinking: /home/avavvas/dipl/install/my_interfaces/share/my_interfaces/local_setup.sh\n'}
[8.779858] (my_interfaces) StdoutLine: {'line': b'-- Symlinking: /home/avavvas/dipl/install/my_interfaces/share/my_interfaces/local_setup.zsh\n'}
[8.789205] (my_interfaces) StdoutLine: {'line': b'-- Symlinking: /home/avavvas/dipl/install/my_interfaces/share/my_interfaces/local_setup.dsv\n'}
[8.799172] (my_interfaces) StdoutLine: {'line': b'-- Symlinking: /home/avavvas/dipl/install/my_interfaces/share/my_interfaces/package.dsv\n'}
[8.811814] (my_interfaces) StdoutLine: {'line': b'-- Symlinking: /home/avavvas/dipl/install/my_interfaces/share/ament_index/resource_index/packages/my_interfaces\n'}
[8.822739] (my_interfaces) StdoutLine: {'line': b'-- Symlinking: /home/avavvas/dipl/install/my_interfaces/share/my_interfaces/cmake/rosidl_cmake-extras.cmake\n'}
[8.827715] (-) TimerEvent: {}
[8.831455] (my_interfaces) StdoutLine: {'line': b'-- Symlinking: /home/avavvas/dipl/install/my_interfaces/share/my_interfaces/cmake/ament_cmake_export_dependencies-extras.cmake\n'}
[8.837362] (my_interfaces) StdoutLine: {'line': b'-- Symlinking: /home/avavvas/dipl/install/my_interfaces/share/my_interfaces/cmake/ament_cmake_export_include_directories-extras.cmake\n'}
[8.844318] (my_interfaces) StdoutLine: {'line': b'-- Symlinking: /home/avavvas/dipl/install/my_interfaces/share/my_interfaces/cmake/ament_cmake_export_libraries-extras.cmake\n'}
[8.850784] (my_interfaces) StdoutLine: {'line': b'-- Symlinking: /home/avavvas/dipl/install/my_interfaces/share/my_interfaces/cmake/ament_cmake_export_targets-extras.cmake\n'}
[8.855424] (my_interfaces) StdoutLine: {'line': b'-- Symlinking: /home/avavvas/dipl/install/my_interfaces/share/my_interfaces/cmake/rosidl_cmake_export_typesupport_targets-extras.cmake\n'}
[8.863401] (my_interfaces) StdoutLine: {'line': b'-- Symlinking: /home/avavvas/dipl/install/my_interfaces/share/my_interfaces/cmake/rosidl_cmake_export_typesupport_libraries-extras.cmake\n'}
[8.875027] (my_interfaces) StdoutLine: {'line': b'-- Symlinking: /home/avavvas/dipl/install/my_interfaces/share/my_interfaces/cmake/my_interfacesConfig.cmake\n'}
[8.883084] (my_interfaces) StdoutLine: {'line': b'-- Symlinking: /home/avavvas/dipl/install/my_interfaces/share/my_interfaces/cmake/my_interfacesConfig-version.cmake\n'}
[8.895396] (my_interfaces) StdoutLine: {'line': b'-- Symlinking: /home/avavvas/dipl/install/my_interfaces/share/my_interfaces/package.xml\n'}
[8.906089] (my_interfaces) StdoutLine: {'line': b'-- Installing: /home/avavvas/dipl/install/my_interfaces/lib/libmy_interfaces__rosidl_generator_c.so\n'}
[8.906412] (my_interfaces) StdoutLine: {'line': b'-- Set runtime path of "/home/avavvas/dipl/install/my_interfaces/lib/libmy_interfaces__rosidl_generator_c.so" to ""\n'}
[8.906609] (my_interfaces) StdoutLine: {'line': b'-- Installing: /home/avavvas/dipl/install/my_interfaces/lib/libmy_interfaces__rosidl_typesupport_fastrtps_c.so\n'}
[8.906709] (my_interfaces) StdoutLine: {'line': b'-- Set runtime path of "/home/avavvas/dipl/install/my_interfaces/lib/libmy_interfaces__rosidl_typesupport_fastrtps_c.so" to ""\n'}
[8.906812] (my_interfaces) StdoutLine: {'line': b'-- Installing: /home/avavvas/dipl/install/my_interfaces/lib/libmy_interfaces__rosidl_typesupport_introspection_c.so\n'}
[8.906947] (my_interfaces) StdoutLine: {'line': b'-- Set runtime path of "/home/avavvas/dipl/install/my_interfaces/lib/libmy_interfaces__rosidl_typesupport_introspection_c.so" to ""\n'}
[8.907046] (my_interfaces) StdoutLine: {'line': b'-- Installing: /home/avavvas/dipl/install/my_interfaces/lib/libmy_interfaces__rosidl_typesupport_c.so\n'}
[8.907190] (my_interfaces) StdoutLine: {'line': b'-- Set runtime path of "/home/avavvas/dipl/install/my_interfaces/lib/libmy_interfaces__rosidl_typesupport_c.so" to ""\n'}
[8.907282] (my_interfaces) StdoutLine: {'line': b'-- Installing: /home/avavvas/dipl/install/my_interfaces/lib/libmy_interfaces__rosidl_typesupport_fastrtps_cpp.so\n'}
[8.907602] (my_interfaces) StdoutLine: {'line': b'-- Set runtime path of "/home/avavvas/dipl/install/my_interfaces/lib/libmy_interfaces__rosidl_typesupport_fastrtps_cpp.so" to ""\n'}
[8.907698] (my_interfaces) StdoutLine: {'line': b'-- Installing: /home/avavvas/dipl/install/my_interfaces/lib/libmy_interfaces__rosidl_typesupport_introspection_cpp.so\n'}
[8.908185] (my_interfaces) StdoutLine: {'line': b'-- Set runtime path of "/home/avavvas/dipl/install/my_interfaces/lib/libmy_interfaces__rosidl_typesupport_introspection_cpp.so" to ""\n'}
[8.908303] (my_interfaces) StdoutLine: {'line': b'-- Installing: /home/avavvas/dipl/install/my_interfaces/lib/libmy_interfaces__rosidl_typesupport_cpp.so\n'}
[8.908542] (my_interfaces) StdoutLine: {'line': b'-- Set runtime path of "/home/avavvas/dipl/install/my_interfaces/lib/libmy_interfaces__rosidl_typesupport_cpp.so" to ""\n'}
[8.927816] (-) TimerEvent: {}
[8.944167] (my_interfaces) StdoutLine: {'line': b"Listing '/home/avavvas/dipl/install/my_interfaces/lib/python3.10/site-packages/my_interfaces'...\n"}
[8.944274] (my_interfaces) StdoutLine: {'line': b"Compiling '/home/avavvas/dipl/install/my_interfaces/lib/python3.10/site-packages/my_interfaces/__init__.py'...\n"}
[8.944305] (my_interfaces) StdoutLine: {'line': b"Listing '/home/avavvas/dipl/install/my_interfaces/lib/python3.10/site-packages/my_interfaces/msg'...\n"}
[8.944331] (my_interfaces) StdoutLine: {'line': b"Compiling '/home/avavvas/dipl/install/my_interfaces/lib/python3.10/site-packages/my_interfaces/msg/__init__.py'...\n"}
[8.944356] (my_interfaces) StdoutLine: {'line': b"Compiling '/home/avavvas/dipl/install/my_interfaces/lib/python3.10/site-packages/my_interfaces/msg/_agent_data.py'...\n"}
[8.944379] (my_interfaces) StdoutLine: {'line': b"Compiling '/home/avavvas/dipl/install/my_interfaces/lib/python3.10/site-packages/my_interfaces/msg/_aircraft_data.py'...\n"}
[8.944402] (my_interfaces) StdoutLine: {'line': b"Compiling '/home/avavvas/dipl/install/my_interfaces/lib/python3.10/site-packages/my_interfaces/msg/_ck_table.py'...\n"}
[8.944425] (my_interfaces) StdoutLine: {'line': b"Compiling '/home/avavvas/dipl/install/my_interfaces/lib/python3.10/site-packages/my_interfaces/msg/_joystick_data.py'...\n"}
[8.944446] (my_interfaces) StdoutLine: {'line': b"Compiling '/home/avavvas/dipl/install/my_interfaces/lib/python3.10/site-packages/my_interfaces/msg/_multiple_obstacles.py'...\n"}
[8.944473] (my_interfaces) StdoutLine: {'line': b"Compiling '/home/avavvas/dipl/install/my_interfaces/lib/python3.10/site-packages/my_interfaces/msg/_multiple_target_estimates.py'...\n"}
[8.944496] (my_interfaces) StdoutLine: {'line': b"Compiling '/home/avavvas/dipl/install/my_interfaces/lib/python3.10/site-packages/my_interfaces/msg/_obs_avoidance_debug.py'...\n"}
[8.944523] (my_interfaces) StdoutLine: {'line': b"Compiling '/home/avavvas/dipl/install/my_interfaces/lib/python3.10/site-packages/my_interfaces/msg/_single_obstacle.py'...\n"}
[8.944546] (my_interfaces) StdoutLine: {'line': b"Compiling '/home/avavvas/dipl/install/my_interfaces/lib/python3.10/site-packages/my_interfaces/msg/_single_target_estimate.py'...\n"}
[8.946726] (my_interfaces) StdoutLine: {'line': b'-- Installing: /home/avavvas/dipl/install/my_interfaces/lib/libmy_interfaces__rosidl_generator_py.so\n'}
[8.946904] (my_interfaces) StdoutLine: {'line': b'-- Set runtime path of "/home/avavvas/dipl/install/my_interfaces/lib/libmy_interfaces__rosidl_generator_py.so" to ""\n'}
[8.946954] (my_interfaces) StdoutLine: {'line': b'-- Installing: /home/avavvas/dipl/install/my_interfaces/share/my_interfaces/cmake/export_my_interfaces__rosidl_generator_cExport.cmake\n'}
[8.947042] (my_interfaces) StdoutLine: {'line': b'-- Installing: /home/avavvas/dipl/install/my_interfaces/share/my_interfaces/cmake/export_my_interfaces__rosidl_generator_cExport-noconfig.cmake\n'}
[8.947079] (my_interfaces) StdoutLine: {'line': b'-- Installing: /home/avavvas/dipl/install/my_interfaces/share/my_interfaces/cmake/export_my_interfaces__rosidl_typesupport_fastrtps_cExport.cmake\n'}
[8.947113] (my_interfaces) StdoutLine: {'line': b'-- Installing: /home/avavvas/dipl/install/my_interfaces/share/my_interfaces/cmake/export_my_interfaces__rosidl_typesupport_fastrtps_cExport-noconfig.cmake\n'}
[8.947137] (my_interfaces) StdoutLine: {'line': b'-- Installing: /home/avavvas/dipl/install/my_interfaces/share/my_interfaces/cmake/my_interfaces__rosidl_typesupport_introspection_cExport.cmake\n'}
[8.947313] (my_interfaces) StdoutLine: {'line': b'-- Installing: /home/avavvas/dipl/install/my_interfaces/share/my_interfaces/cmake/my_interfaces__rosidl_typesupport_introspection_cExport-noconfig.cmake\n'}
[8.947394] (my_interfaces) StdoutLine: {'line': b'-- Installing: /home/avavvas/dipl/install/my_interfaces/share/my_interfaces/cmake/my_interfaces__rosidl_typesupport_cExport.cmake\n'}
[8.947425] (my_interfaces) StdoutLine: {'line': b'-- Installing: /home/avavvas/dipl/install/my_interfaces/share/my_interfaces/cmake/my_interfaces__rosidl_typesupport_cExport-noconfig.cmake\n'}
[8.947452] (my_interfaces) StdoutLine: {'line': b'-- Installing: /home/avavvas/dipl/install/my_interfaces/share/my_interfaces/cmake/export_my_interfaces__rosidl_generator_cppExport.cmake\n'}
[8.947500] (my_interfaces) StdoutLine: {'line': b'-- Installing: /home/avavvas/dipl/install/my_interfaces/share/my_interfaces/cmake/export_my_interfaces__rosidl_typesupport_fastrtps_cppExport.cmake\n'}
[8.947526] (my_interfaces) StdoutLine: {'line': b'-- Installing: /home/avavvas/dipl/install/my_interfaces/share/my_interfaces/cmake/export_my_interfaces__rosidl_typesupport_fastrtps_cppExport-noconfig.cmake\n'}
[8.947553] (my_interfaces) StdoutLine: {'line': b'-- Installing: /home/avavvas/dipl/install/my_interfaces/share/my_interfaces/cmake/my_interfaces__rosidl_typesupport_introspection_cppExport.cmake\n'}
[8.947597] (my_interfaces) StdoutLine: {'line': b'-- Installing: /home/avavvas/dipl/install/my_interfaces/share/my_interfaces/cmake/my_interfaces__rosidl_typesupport_introspection_cppExport-noconfig.cmake\n'}
[8.947624] (my_interfaces) StdoutLine: {'line': b'-- Installing: /home/avavvas/dipl/install/my_interfaces/share/my_interfaces/cmake/my_interfaces__rosidl_typesupport_cppExport.cmake\n'}
[8.947669] (my_interfaces) StdoutLine: {'line': b'-- Installing: /home/avavvas/dipl/install/my_interfaces/share/my_interfaces/cmake/my_interfaces__rosidl_typesupport_cppExport-noconfig.cmake\n'}
[8.947693] (my_interfaces) StdoutLine: {'line': b'-- Installing: /home/avavvas/dipl/install/my_interfaces/share/my_interfaces/cmake/export_my_interfaces__rosidl_generator_pyExport.cmake\n'}
[8.947716] (my_interfaces) StdoutLine: {'line': b'-- Installing: /home/avavvas/dipl/install/my_interfaces/share/my_interfaces/cmake/export_my_interfaces__rosidl_generator_pyExport-noconfig.cmake\n'}
[8.949319] (my_interfaces) CommandEnded: {'returncode': 0}
[8.971036] (my_interfaces) JobEnded: {'identifier': 'my_interfaces', 'rc': 0}
[8.971772] (ergodic_exploration) JobStarted: {'identifier': 'ergodic_exploration'}
[9.027962] (-) TimerEvent: {}
[9.128210] (-) TimerEvent: {}
[9.228490] (-) TimerEvent: {}
[9.317405] (ergodic_exploration) Command: {'cmd': ['/home/avavvas/venvs/venv/bin/python', '-W', 'ignore:setup.py install is deprecated', '-W', 'ignore:easy_install command is deprecated', 'setup.py', 'develop', '--editable', '--build-directory', '/home/avavvas/dipl/build/ergodic_exploration/build', '--no-deps', 'symlink_data'], 'cwd': '/home/avavvas/dipl/build/ergodic_exploration', 'env': {'LESSOPEN': '| /usr/bin/lesspipe %s', 'USER': 'avavvas', 'LC_TIME': 'el_GR.UTF-8', 'XDG_SESSION_TYPE': 'wayland', 'SHLVL': '2', 'LD_LIBRARY_PATH': '/home/avavvas/dipl/install/my_interfaces/lib:/opt/ros/humble/opt/rviz_ogre_vendor/lib:/opt/ros/humble/lib/x86_64-linux-gnu:/opt/ros/humble/lib', 'HOME': '/home/avavvas', 'DESKTOP_SESSION': 'ubuntu', 'ROS_PYTHON_VERSION': '3', 'GNOME_SHELL_SESSION_MODE': 'ubuntu', 'GTK_MODULES': 'gail:atk-bridge', 'LC_MONETARY': 'el_GR.UTF-8', 'MANAGERPID': '3548', 'SYSTEMD_EXEC_PID': '4297', 'IM_CONFIG_CHECK_ENV': '1', 'DBUS_SESSION_BUS_ADDRESS': 'unix:path=/run/user/1000/bus', 'COLORTERM': 'truecolor', 'GIO_LAUNCHED_DESKTOP_FILE_PID': '7903', 'IM_CONFIG_PHASE': '1', 'WAYLAND_DISPLAY': 'wayland-0', 'COLCON_PREFIX_PATH': '/home/avavvas/dipl/install', 'ROS_DISTRO': 'humble', 'LOGNAME': 'avavvas', '_': '/home/avavvas/venvs/venv/bin/colcon', 'JOURNAL_STREAM': '8:20209', 'ROS_VERSION': '2', 'XDG_SESSION_CLASS': 'user', 'USERNAME': 'avavvas', 'TERM': 'xterm-256color', 'GNOME_DESKTOP_SESSION_ID': 'this-is-deprecated', 'ROS_LOCALHOST_ONLY': '0', 'PATH': '/home/avavvas/venvs/venv/bin:/home/avavvas/.local/bin:/home/avavvas/.local/bin:/opt/ros/humble/bin:/home/avavvas/.local/bin:/usr/local/sbin:/usr/local/bin:/usr/sbin:/usr/bin:/sbin:/bin:/usr/games:/usr/local/games:/snap/bin:/snap/bin', 'SESSION_MANAGER': 'local/vavvas-ubuntu:@/tmp/.ICE-unix/3799,unix/vavvas-ubuntu:/tmp/.ICE-unix/3799', 'INVOCATION_ID': 'a2856b58551e4aed855b2ea2efe8a9e1', 'XDG_MENU_PREFIX': 'gnome-', 'LC_ADDRESS': 'el_GR.UTF-8', 'GNOME_SETUP_DISPLAY': ':1', 'XDG_RUNTIME_DIR': '/run/user/1000', 'DISPLAY': ':0', 'LANG': 'en_US.UTF-8', 'XDG_CURRENT_DESKTOP': 'ubuntu:GNOME', 'LC_TELEPHONE': 'el_GR.UTF-8', 'VIRTUAL_ENV_PROMPT': '(venv)', 'TILIX_ID': '0a27dbe0-c755-4e60-961f-26c42756252d', 'XMODIFIERS': '@im=ibus', 'XDG_SESSION_DESKTOP': 'ubuntu', 'XAUTHORITY': '/run/user/1000/.mutter-Xwaylandauth.7C5RG3', 'LS_COLORS': 'rs=0:di=01;34:ln=01;36:mh=00:pi=40;33:so=01;35:do=01;35:bd=40;33;01:cd=40;33;01:or=40;31;01:mi=00:su=37;41:sg=30;43:ca=30;41:tw=30;42:ow=34;42:st=37;44:ex=01;32:*.tar=01;31:*.tgz=01;31:*.arc=01;31:*.arj=01;31:*.taz=01;31:*.lha=01;31:*.lz4=01;31:*.lzh=01;31:*.lzma=01;31:*.tlz=01;31:*.txz=01;31:*.tzo=01;31:*.t7z=01;31:*.zip=01;31:*.z=01;31:*.dz=01;31:*.gz=01;31:*.lrz=01;31:*.lz=01;31:*.lzo=01;31:*.xz=01;31:*.zst=01;31:*.tzst=01;31:*.bz2=01;31:*.bz=01;31:*.tbz=01;31:*.tbz2=01;31:*.tz=01;31:*.deb=01;31:*.rpm=01;31:*.jar=01;31:*.war=01;31:*.ear=01;31:*.sar=01;31:*.rar=01;31:*.alz=01;31:*.ace=01;31:*.zoo=01;31:*.cpio=01;31:*.7z=01;31:*.rz=01;31:*.cab=01;31:*.wim=01;31:*.swm=01;31:*.dwm=01;31:*.esd=01;31:*.jpg=01;35:*.jpeg=01;35:*.mjpg=01;35:*.mjpeg=01;35:*.gif=01;35:*.bmp=01;35:*.pbm=01;35:*.pgm=01;35:*.ppm=01;35:*.tga=01;35:*.xbm=01;35:*.xpm=01;35:*.tif=01;35:*.tiff=01;35:*.png=01;35:*.svg=01;35:*.svgz=01;35:*.mng=01;35:*.pcx=01;35:*.mov=01;35:*.mpg=01;35:*.mpeg=01;35:*.m2v=01;35:*.mkv=01;35:*.webm=01;35:*.webp=01;35:*.ogm=01;35:*.mp4=01;35:*.m4v=01;35:*.mp4v=01;35:*.vob=01;35:*.qt=01;35:*.nuv=01;35:*.wmv=01;35:*.asf=01;35:*.rm=01;35:*.rmvb=01;35:*.flc=01;35:*.avi=01;35:*.fli=01;35:*.flv=01;35:*.gl=01;35:*.dl=01;35:*.xcf=01;35:*.xwd=01;35:*.yuv=01;35:*.cgm=01;35:*.emf=01;35:*.ogv=01;35:*.ogx=01;35:*.aac=00;36:*.au=00;36:*.flac=00;36:*.m4a=00;36:*.mid=00;36:*.midi=00;36:*.mka=00;36:*.mp3=00;36:*.mpc=00;36:*.ogg=00;36:*.ra=00;36:*.wav=00;36:*.oga=00;36:*.opus=00;36:*.spx=00;36:*.xspf=00;36:', 'SSH_AGENT_LAUNCHER': 'gnome-keyring', 'SSH_AUTH_SOCK': '/run/user/1000/keyring/ssh', 'AMENT_PREFIX_PATH': '/home/avavvas/dipl/install/ergodic_exploration:/home/avavvas/dipl/install/my_interfaces:/opt/ros/humble', 'SHELL': '/bin/bash', 'LC_NAME': 'el_GR.UTF-8', 'QT_ACCESSIBILITY': '1', 'GDMSESSION': 'ubuntu', 'LESSCLOSE': '/usr/bin/lesspipe %s %s', 'LC_MEASUREMENT': 'el_GR.UTF-8', 'LC_IDENTIFICATION': 'el_GR.UTF-8', 'VIRTUAL_ENV': '/home/avavvas/venvs/venv', 'QT_IM_MODULE': 'ibus', 'PWD': '/home/avavvas/dipl/build/ergodic_exploration', 'LC_ALL': 'en_US.UTF-8', 'XDG_CONFIG_DIRS': '/etc/xdg/xdg-ubuntu:/etc/xdg', 'XDG_DATA_DIRS': '/usr/share/ubuntu:/usr/local/share/:/usr/share/:/var/lib/snapd/desktop', 'PYTHONPATH': '/home/avavvas/dipl/build/ergodic_exploration/prefix_override:/home/avavvas/venvs/venv/lib/python3.10/site-packages/colcon_core/task/python/colcon_distutils_commands:/home/avavvas/dipl/install/ergodic_exploration/lib/python3.10/site-packages:/home/avavvas/dipl/install/my_interfaces/lib/python3.10/site-packages:/home/avavvas/dipl/build/ergodic_exploration:/home/avavvas/dipl/install/ergodic_exploration/lib/python3.10/site-packages:/opt/ros/humble/lib/python3.10/site-packages:/opt/ros/humble/local/lib/python3.10/dist-packages', 'LC_NUMERIC': 'el_GR.UTF-8', 'LC_PAPER': 'el_GR.UTF-8', 'COLCON': '1', 'VTE_VERSION': '6800', 'CMAKE_PREFIX_PATH': '/home/avavvas/dipl/install/my_interfaces'}, 'shell': False}
[9.328602] (-) TimerEvent: {}
[9.428833] (-) TimerEvent: {}
[9.461353] (ergodic_exploration) StdoutLine: {'line': b'running develop\n'}
[9.528952] (-) TimerEvent: {}
[9.532124] (ergodic_exploration) StdoutLine: {'line': b'running egg_info\n'}
[9.538275] (ergodic_exploration) StdoutLine: {'line': b'creating ergodic_exploration.egg-info\n'}
[9.538503] (ergodic_exploration) StdoutLine: {'line': b'writing ergodic_exploration.egg-info/PKG-INFO\n'}
[9.538792] (ergodic_exploration) StdoutLine: {'line': b'writing dependency_links to ergodic_exploration.egg-info/dependency_links.txt\n'}
[9.538941] (ergodic_exploration) StdoutLine: {'line': b'writing entry points to ergodic_exploration.egg-info/entry_points.txt\n'}
[9.539129] (ergodic_exploration) StdoutLine: {'line': b'writing requirements to ergodic_exploration.egg-info/requires.txt\n'}
[9.539216] (ergodic_exploration) StdoutLine: {'line': b'writing top-level names to ergodic_exploration.egg-info/top_level.txt\n'}
[9.539295] (ergodic_exploration) StdoutLine: {'line': b"writing manifest file 'ergodic_exploration.egg-info/SOURCES.txt'\n"}
[9.553090] (ergodic_exploration) StdoutLine: {'line': b"reading manifest file 'ergodic_exploration.egg-info/SOURCES.txt'\n"}
[9.553974] (ergodic_exploration) StdoutLine: {'line': b"writing manifest file 'ergodic_exploration.egg-info/SOURCES.txt'\n"}
[9.561073] (ergodic_exploration) StdoutLine: {'line': b'running build_ext\n'}
[9.561205] (ergodic_exploration) StdoutLine: {'line': b'Creating /home/avavvas/dipl/install/ergodic_exploration/lib/python3.10/site-packages/ergodic-exploration.egg-link (link to .)\n'}
[9.561780] (ergodic_exploration) StdoutLine: {'line': b'Installing agent_node script to /home/avavvas/dipl/install/ergodic_exploration/lib/ergodic_exploration\n'}
[9.561973] (ergodic_exploration) StdoutLine: {'line': b'Installing agent_node_airplane_teleop script to /home/avavvas/dipl/install/ergodic_exploration/lib/ergodic_exploration\n'}
[9.562154] (ergodic_exploration) StdoutLine: {'line': b'Installing aircraft_data_converter script to /home/avavvas/dipl/install/ergodic_exploration/lib/ergodic_exploration\n'}
[9.562344] (ergodic_exploration) StdoutLine: {'line': b'Installing environment_node script to /home/avavvas/dipl/install/ergodic_exploration/lib/ergodic_exploration\n'}
[9.562407] (ergodic_exploration) StdoutLine: {'line': b'Installing fg_visualizer_node script to /home/avavvas/dipl/install/ergodic_exploration/lib/ergodic_exploration\n'}
[9.562460] (ergodic_exploration) StdoutLine: {'line': b'Installing joystick_node script to /home/avavvas/dipl/install/ergodic_exploration/lib/ergodic_exploration\n'}
[9.562635] (ergodic_exploration) StdoutLine: {'line': b'\n'}
[9.562706] (ergodic_exploration) StdoutLine: {'line': b'Installed /home/avavvas/dipl/build/ergodic_exploration\n'}
[9.562757] (ergodic_exploration) StdoutLine: {'line': b'running symlink_data\n'}
[9.562899] (ergodic_exploration) StdoutLine: {'line': b'creating /home/avavvas/dipl/install/ergodic_exploration/share/ament_index/resource_index/packages\n'}
[9.563183] (ergodic_exploration) StdoutLine: {'line': b'symbolically linking /home/avavvas/dipl/build/ergodic_exploration/resource/ergodic_exploration -> /home/avavvas/dipl/install/ergodic_exploration/share/ament_index/resource_index/packages\n'}
[9.563342] (ergodic_exploration) StdoutLine: {'line': b'symbolically linking /home/avavvas/dipl/build/ergodic_exploration/package.xml -> /home/avavvas/dipl/install/ergodic_exploration/share/ergodic_exploration\n'}
[9.563418] (ergodic_exploration) StdoutLine: {'line': b'creating /home/avavvas/dipl/install/ergodic_exploration/share/ergodic_exploration/launch\n'}
[9.563540] (ergodic_exploration) StdoutLine: {'line': b'symbolically linking /home/avavvas/dipl/build/ergodic_exploration/launch/multi_agent.launch.py -> /home/avavvas/dipl/install/ergodic_exploration/share/ergodic_exploration/launch\n'}
[9.563608] (ergodic_exploration) StdoutLine: {'line': b'symbolically linking /home/avavvas/dipl/build/ergodic_exploration/launch/fixed_wing_free_fly.launch.py -> /home/avavvas/dipl/install/ergodic_exploration/share/ergodic_exploration/launch\n'}
[9.563654] (ergodic_exploration) StdoutLine: {'line': b'symbolically linking /home/avavvas/dipl/build/ergodic_exploration/launch/drones_in_small_space.launch.py -> /home/avavvas/dipl/install/ergodic_exploration/share/ergodic_exploration/launch\n'}
[9.563715] (ergodic_exploration) StdoutLine: {'line': b'symbolically linking /home/avavvas/dipl/build/ergodic_exploration/launch/three_drones_big.launch.py -> /home/avavvas/dipl/install/ergodic_exploration/share/ergodic_exploration/launch\n'}
[9.563794] (ergodic_exploration) StdoutLine: {'line': b'symbolically linking /home/avavvas/dipl/build/ergodic_exploration/launch/big_environment_1.launch.py -> /home/avavvas/dipl/install/ergodic_exploration/share/ergodic_exploration/launch\n'}
[9.563873] (ergodic_exploration) StdoutLine: {'line': b'symbolically linking /home/avavvas/dipl/build/ergodic_exploration/launch/boats_simple.launch.py -> /home/avavvas/dipl/install/ergodic_exploration/share/ergodic_exploration/launch\n'}
[9.563963] (ergodic_exploration) StdoutLine: {'line': b'symbolically linking /home/avavvas/dipl/build/ergodic_exploration/launch/fixed_wing_teleop_agent.launch.py -> /home/avavvas/dipl/install/ergodic_exploration/share/ergodic_exploration/launch\n'}
[9.564054] (ergodic_exploration) StdoutLine: {'line': b'creating /home/avavvas/dipl/install/ergodic_exploration/share/ergodic_exploration/meshes\n'}
[9.564148] (ergodic_exploration) StdoutLine: {'line': b'symbolically linking /home/avavvas/dipl/build/ergodic_exploration/meshes/drone_big.stl -> /home/avavvas/dipl/install/ergodic_exploration/share/ergodic_exploration/meshes\n'}
[9.564232] (ergodic_exploration) StdoutLine: {'line': b'symbolically linking /home/avavvas/dipl/build/ergodic_exploration/meshes/car.stl -> /home/avavvas/dipl/install/ergodic_exploration/share/ergodic_exploration/meshes\n'}
[9.564306] (ergodic_exploration) StdoutLine: {'line': b'symbolically linking /home/avavvas/dipl/build/ergodic_exploration/meshes/drone_small.stl -> /home/avavvas/dipl/install/ergodic_exploration/share/ergodic_exploration/meshes\n'}
[9.564387] (ergodic_exploration) StdoutLine: {'line': b'symbolically linking /home/avavvas/dipl/build/ergodic_exploration/meshes/hermes_original.stl -> /home/avavvas/dipl/install/ergodic_exploration/share/ergodic_exploration/meshes\n'}
[9.564464] (ergodic_exploration) StdoutLine: {'line': b'symbolically linking /home/avavvas/dipl/build/ergodic_exploration/meshes/boat.stl -> /home/avavvas/dipl/install/ergodic_exploration/share/ergodic_exploration/meshes\n'}
[9.564541] (ergodic_exploration) StdoutLine: {'line': b'symbolically linking /home/avavvas/dipl/build/ergodic_exploration/meshes/hermes.stl -> /home/avavvas/dipl/install/ergodic_exploration/share/ergodic_exploration/meshes\n'}
[9.584674] (ergodic_exploration) CommandEnded: {'returncode': 0}
[9.593073] (ergodic_exploration) JobEnded: {'identifier': 'ergodic_exploration', 'rc': 0}
[9.593524] (-) EventReactorShutdown: {}
