[0.000000] (-) TimerEvent: {}
[0.000770] (my_interfaces) JobQueued: {'identifier': 'my_interfaces', 'dependencies': OrderedDict()}
[0.000840] (ergodic_exploration) JobQueued: {'identifier': 'ergodic_exploration', 'dependencies': OrderedDict([('my_interfaces', '/home/alex/Diplomatiki/install/my_interfaces')])}
[0.000890] (my_interfaces) JobStarted: {'identifier': 'my_interfaces'}
[0.010172] (my_interfaces) JobProgress: {'identifier': 'my_interfaces', 'progress': 'cmake'}
[0.010855] (my_interfaces) Command: {'cmd': ['/usr/bin/cmake', '/home/alex/Diplomatiki/src/my_interfaces', '-DCMAKE_INSTALL_PREFIX=/home/alex/Diplomatiki/install/my_interfaces'], 'cwd': '/home/alex/Diplomatiki/build/my_interfaces', 'env': OrderedDict([('LESSOPEN', '| /usr/bin/lesspipe %s'), ('PYTHONWARNINGS', 'ignore::UserWarning:google.protobuf'), ('USER', 'alex'), ('LC_TIME', 'el_GR.UTF-8'), ('XDG_SESSION_TYPE', 'wayland'), ('SHLVL', '2'), ('LD_LIBRARY_PATH', '/opt/ros/humble/opt/rviz_ogre_vendor/lib:/opt/ros/humble/lib/x86_64-linux-gnu:/opt/ros/humble/lib'), ('HOME', '/home/alex'), ('OLDPWD', '/home/alex'), ('DESKTOP_SESSION', 'ubuntu'), ('ROS_PYTHON_VERSION', '3'), ('GNOME_SHELL_SESSION_MODE', 'ubuntu'), ('GTK_MODULES', 'gail:atk-bridge'), ('LC_MONETARY', 'el_GR.UTF-8'), ('MANAGERPID', '1422'), ('SYSTEMD_EXEC_PID', '1777'), ('DBUS_SESSION_BUS_ADDRESS', 'unix:path=/run/user/1000/bus'), ('COLORTERM', 'truecolor'), ('GIO_LAUNCHED_DESKTOP_FILE_PID', '10515'), ('IM_CONFIG_PHASE', '1'), ('WAYLAND_DISPLAY', 'wayland-0'), ('ROS_DISTRO', 'humble'), ('LOGNAME', 'alex'), ('_', '/usr/bin/colcon'), ('JOURNAL_STREAM', '8:15638'), ('ROS_VERSION', '2'), ('XDG_SESSION_CLASS', 'user'), ('USERNAME', 'alex'), ('TERM', 'xterm-256color'), ('GNOME_DESKTOP_SESSION_ID', 'this-is-deprecated'), ('ROS_LOCALHOST_ONLY', '0'), ('PATH', '/opt/ros/humble/bin:/home/alex/.local/bin:/usr/local/sbin:/usr/local/bin:/usr/sbin:/usr/bin:/sbin:/bin:/usr/games:/usr/local/games:/snap/bin:/snap/bin'), ('SESSION_MANAGER', 'local/alexlinux:@/tmp/.ICE-unix/1557,unix/alexlinux:/tmp/.ICE-unix/1557'), ('INVOCATION_ID', '7b056741625440689d7605e63923aee2'), ('PAPERSIZE', 'a4'), ('XDG_MENU_PREFIX', 'gnome-'), ('LC_ADDRESS', 'el_GR.UTF-8'), ('GNOME_SETUP_DISPLAY', ':1'), ('XDG_RUNTIME_DIR', '/run/user/1000'), ('DISPLAY', ':0'), ('LANG', 'en_US.UTF-8'), ('XDG_CURRENT_DESKTOP', 'ubuntu:GNOME'), ('LC_TELEPHONE', 'el_GR.UTF-8'), ('TILIX_ID', 'd802d5d9-c028-4bce-93a8-b24076b091be'), ('XMODIFIERS', '@im=ibus'), ('XDG_SESSION_DESKTOP', 'ubuntu'), ('XAUTHORITY', '/run/user/1000/.mutter-Xwaylandauth.95DTC3'), ('LS_COLORS', 'rs=0:di=01;34:ln=01;36:mh=00:pi=40;33:so=01;35:do=01;35:bd=40;33;01:cd=40;33;01:or=40;31;01:mi=00:su=37;41:sg=30;43:ca=30;41:tw=30;42:ow=34;42:st=37;44:ex=01;32:*.tar=01;31:*.tgz=01;31:*.arc=01;31:*.arj=01;31:*.taz=01;31:*.lha=01;31:*.lz4=01;31:*.lzh=01;31:*.lzma=01;31:*.tlz=01;31:*.txz=01;31:*.tzo=01;31:*.t7z=01;31:*.zip=01;31:*.z=01;31:*.dz=01;31:*.gz=01;31:*.lrz=01;31:*.lz=01;31:*.lzo=01;31:*.xz=01;31:*.zst=01;31:*.tzst=01;31:*.bz2=01;31:*.bz=01;31:*.tbz=01;31:*.tbz2=01;31:*.tz=01;31:*.deb=01;31:*.rpm=01;31:*.jar=01;31:*.war=01;31:*.ear=01;31:*.sar=01;31:*.rar=01;31:*.alz=01;31:*.ace=01;31:*.zoo=01;31:*.cpio=01;31:*.7z=01;31:*.rz=01;31:*.cab=01;31:*.wim=01;31:*.swm=01;31:*.dwm=01;31:*.esd=01;31:*.jpg=01;35:*.jpeg=01;35:*.mjpg=01;35:*.mjpeg=01;35:*.gif=01;35:*.bmp=01;35:*.pbm=01;35:*.pgm=01;35:*.ppm=01;35:*.tga=01;35:*.xbm=01;35:*.xpm=01;35:*.tif=01;35:*.tiff=01;35:*.png=01;35:*.svg=01;35:*.svgz=01;35:*.mng=01;35:*.pcx=01;35:*.mov=01;35:*.mpg=01;35:*.mpeg=01;35:*.m2v=01;35:*.mkv=01;35:*.webm=01;35:*.webp=01;35:*.ogm=01;35:*.mp4=01;35:*.m4v=01;35:*.mp4v=01;35:*.vob=01;35:*.qt=01;35:*.nuv=01;35:*.wmv=01;35:*.asf=01;35:*.rm=01;35:*.rmvb=01;35:*.flc=01;35:*.avi=01;35:*.fli=01;35:*.flv=01;35:*.gl=01;35:*.dl=01;35:*.xcf=01;35:*.xwd=01;35:*.yuv=01;35:*.cgm=01;35:*.emf=01;35:*.ogv=01;35:*.ogx=01;35:*.aac=00;36:*.au=00;36:*.flac=00;36:*.m4a=00;36:*.mid=00;36:*.midi=00;36:*.mka=00;36:*.mp3=00;36:*.mpc=00;36:*.ogg=00;36:*.ra=00;36:*.wav=00;36:*.oga=00;36:*.opus=00;36:*.spx=00;36:*.xspf=00;36:'), ('SSH_AGENT_LAUNCHER', 'gnome-keyring'), ('SSH_AUTH_SOCK', '/run/user/1000/keyring/ssh'), ('AMENT_PREFIX_PATH', '/opt/ros/humble'), ('SHELL', '/bin/bash'), ('LC_NAME', 'el_GR.UTF-8'), ('QT_ACCESSIBILITY', '1'), ('GDMSESSION', 'ubuntu'), ('LESSCLOSE', '/usr/bin/lesspipe %s %s'), ('LC_MEASUREMENT', 'el_GR.UTF-8'), ('LC_IDENTIFICATION', 'el_GR.UTF-8'), ('QT_IM_MODULE', 'ibus'), ('PWD', '/home/alex/Diplomatiki/build/my_interfaces'), ('XDG_CONFIG_DIRS', '/etc/xdg/xdg-ubuntu:/etc/xdg'), ('XDG_DATA_DIRS', '/usr/share/ubuntu:/usr/local/share/:/usr/share/:/var/lib/snapd/desktop'), ('PYTHONPATH', '/opt/ros/humble/lib/python3.10/site-packages:/opt/ros/humble/local/lib/python3.10/dist-packages'), ('LC_NUMERIC', 'el_GR.UTF-8'), ('LC_PAPER', 'el_GR.UTF-8'), ('COLCON', '1'), ('VTE_VERSION', '6800'), ('CMAKE_PREFIX_PATH', '/opt/ros/humble')]), 'shell': False}
[0.099576] (-) TimerEvent: {}
[0.128572] (my_interfaces) StdoutLine: {'line': b'-- The C compiler identification is GNU 11.4.0\n'}
[0.199723] (-) TimerEvent: {}
[0.234671] (my_interfaces) StdoutLine: {'line': b'-- The CXX compiler identification is GNU 11.4.0\n'}
[0.250940] (my_interfaces) StdoutLine: {'line': b'-- Detecting C compiler ABI info\n'}
[0.299847] (-) TimerEvent: {}
[0.341500] (my_interfaces) StdoutLine: {'line': b'-- Detecting C compiler ABI info - done\n'}
[0.352331] (my_interfaces) StdoutLine: {'line': b'-- Check for working C compiler: /usr/bin/cc - skipped\n'}
[0.353588] (my_interfaces) StdoutLine: {'line': b'-- Detecting C compile features\n'}
[0.353862] (my_interfaces) StdoutLine: {'line': b'-- Detecting C compile features - done\n'}
[0.358000] (my_interfaces) StdoutLine: {'line': b'-- Detecting CXX compiler ABI info\n'}
[0.399969] (-) TimerEvent: {}
[0.461332] (my_interfaces) StdoutLine: {'line': b'-- Detecting CXX compiler ABI info - done\n'}
[0.472018] (my_interfaces) StdoutLine: {'line': b'-- Check for working CXX compiler: /usr/bin/c++ - skipped\n'}
[0.472778] (my_interfaces) StdoutLine: {'line': b'-- Detecting CXX compile features\n'}
[0.473947] (my_interfaces) StdoutLine: {'line': b'-- Detecting CXX compile features - done\n'}
[0.482027] (my_interfaces) StdoutLine: {'line': b'-- Found ament_cmake: 1.3.12 (/opt/ros/humble/share/ament_cmake/cmake)\n'}
[0.500096] (-) TimerEvent: {}
[0.600522] (-) TimerEvent: {}
[0.700948] (-) TimerEvent: {}
[0.801375] (-) TimerEvent: {}
[0.901785] (-) TimerEvent: {}
[0.968380] (my_interfaces) StdoutLine: {'line': b'-- Found Python3: /usr/bin/python3 (found version "3.10.12") found components: Interpreter \n'}
[1.001931] (-) TimerEvent: {}
[1.102329] (-) TimerEvent: {}
[1.109885] (my_interfaces) StdoutLine: {'line': b'-- Found rosidl_default_generators: 1.2.0 (/opt/ros/humble/share/rosidl_default_generators/cmake)\n'}
[1.117284] (my_interfaces) StdoutLine: {'line': b'-- Using all available rosidl_typesupport_c: rosidl_typesupport_fastrtps_c;rosidl_typesupport_introspection_c\n'}
[1.126059] (my_interfaces) StdoutLine: {'line': b'-- Found rosidl_adapter: 3.1.7 (/opt/ros/humble/share/rosidl_adapter/cmake)\n'}
[1.189422] (my_interfaces) StdoutLine: {'line': b'-- Using all available rosidl_typesupport_cpp: rosidl_typesupport_fastrtps_cpp;rosidl_typesupport_introspection_cpp\n'}
[1.202465] (-) TimerEvent: {}
[1.244906] (my_interfaces) StdoutLine: {'line': b'-- Found std_msgs: 4.9.0 (/opt/ros/humble/share/std_msgs/cmake)\n'}
[1.298357] (my_interfaces) StdoutLine: {'line': b'-- Found geometry_msgs: 4.9.0 (/opt/ros/humble/share/geometry_msgs/cmake)\n'}
[1.302577] (-) TimerEvent: {}
[1.405045] (-) TimerEvent: {}
[1.505450] (-) TimerEvent: {}
[1.605900] (-) TimerEvent: {}
[1.706275] (-) TimerEvent: {}
[1.806838] (-) TimerEvent: {}
[1.828674] (my_interfaces) StdoutLine: {'line': b'-- Found ament_cmake_ros: 0.10.0 (/opt/ros/humble/share/ament_cmake_ros/cmake)\n'}
[1.906999] (-) TimerEvent: {}
[2.007385] (-) TimerEvent: {}
[2.107790] (-) TimerEvent: {}
[2.208207] (-) TimerEvent: {}
[2.228333] (my_interfaces) StdoutLine: {'line': b'-- Using all available rosidl_typesupport_c: rosidl_typesupport_fastrtps_c;rosidl_typesupport_introspection_c\n'}
[2.308364] (-) TimerEvent: {}
[2.408838] (-) TimerEvent: {}
[2.509292] (-) TimerEvent: {}
[2.609726] (-) TimerEvent: {}
[2.710162] (-) TimerEvent: {}
[2.754172] (my_interfaces) StdoutLine: {'line': b'-- Using all available rosidl_typesupport_cpp: rosidl_typesupport_fastrtps_cpp;rosidl_typesupport_introspection_cpp\n'}
[2.795464] (my_interfaces) StdoutLine: {'line': b'-- Found PythonInterp: /usr/bin/python3 (found suitable version "3.10.12", minimum required is "3.6") \n'}
[2.798501] (my_interfaces) StdoutLine: {'line': b'-- Found python_cmake_module: 0.10.0 (/opt/ros/humble/share/python_cmake_module/cmake)\n'}
[2.810279] (-) TimerEvent: {}
[2.840259] (my_interfaces) StdoutLine: {'line': b'-- Found PythonLibs: /usr/lib/x86_64-linux-gnu/libpython3.10.so (found suitable version "3.10.12", minimum required is "3.5") \n'}
[2.840671] (my_interfaces) StdoutLine: {'line': b'-- Using PYTHON_EXECUTABLE: /usr/bin/python3\n'}
[2.840817] (my_interfaces) StdoutLine: {'line': b'-- Using PYTHON_INCLUDE_DIRS: /usr/include/python3.10\n'}
[2.840939] (my_interfaces) StdoutLine: {'line': b'-- Using PYTHON_LIBRARIES: /usr/lib/x86_64-linux-gnu/libpython3.10.so\n'}
[2.877667] (my_interfaces) StdoutLine: {'line': b'-- Found PythonExtra: .so  \n'}
[2.910443] (-) TimerEvent: {}
[2.994568] (my_interfaces) StdoutLine: {'line': b'-- Found ament_lint_auto: 0.12.14 (/opt/ros/humble/share/ament_lint_auto/cmake)\n'}
[3.010580] (-) TimerEvent: {}
[3.020435] (my_interfaces) StdoutLine: {'line': b"-- Added test 'lint_cmake' to check CMake code style\n"}
[3.021923] (my_interfaces) StdoutLine: {'line': b"-- Added test 'xmllint' to check XML markup files\n"}
[3.025116] (my_interfaces) StdoutLine: {'line': b'-- Configuring done\n'}
[3.078150] (my_interfaces) StdoutLine: {'line': b'-- Generating done\n'}
[3.094698] (my_interfaces) StdoutLine: {'line': b'-- Build files have been written to: /home/alex/Diplomatiki/build/my_interfaces\n'}
[3.105730] (my_interfaces) CommandEnded: {'returncode': 0}
[3.106895] (my_interfaces) JobProgress: {'identifier': 'my_interfaces', 'progress': 'build'}
[3.107822] (my_interfaces) Command: {'cmd': ['/usr/bin/cmake', '--build', '/home/alex/Diplomatiki/build/my_interfaces', '--', '-j6', '-l6'], 'cwd': '/home/alex/Diplomatiki/build/my_interfaces', 'env': OrderedDict([('LESSOPEN', '| /usr/bin/lesspipe %s'), ('PYTHONWARNINGS', 'ignore::UserWarning:google.protobuf'), ('USER', 'alex'), ('LC_TIME', 'el_GR.UTF-8'), ('XDG_SESSION_TYPE', 'wayland'), ('SHLVL', '2'), ('LD_LIBRARY_PATH', '/opt/ros/humble/opt/rviz_ogre_vendor/lib:/opt/ros/humble/lib/x86_64-linux-gnu:/opt/ros/humble/lib'), ('HOME', '/home/alex'), ('OLDPWD', '/home/alex'), ('DESKTOP_SESSION', 'ubuntu'), ('ROS_PYTHON_VERSION', '3'), ('GNOME_SHELL_SESSION_MODE', 'ubuntu'), ('GTK_MODULES', 'gail:atk-bridge'), ('LC_MONETARY', 'el_GR.UTF-8'), ('MANAGERPID', '1422'), ('SYSTEMD_EXEC_PID', '1777'), ('DBUS_SESSION_BUS_ADDRESS', 'unix:path=/run/user/1000/bus'), ('COLORTERM', 'truecolor'), ('GIO_LAUNCHED_DESKTOP_FILE_PID', '10515'), ('IM_CONFIG_PHASE', '1'), ('WAYLAND_DISPLAY', 'wayland-0'), ('ROS_DISTRO', 'humble'), ('LOGNAME', 'alex'), ('_', '/usr/bin/colcon'), ('JOURNAL_STREAM', '8:15638'), ('ROS_VERSION', '2'), ('XDG_SESSION_CLASS', 'user'), ('USERNAME', 'alex'), ('TERM', 'xterm-256color'), ('GNOME_DESKTOP_SESSION_ID', 'this-is-deprecated'), ('ROS_LOCALHOST_ONLY', '0'), ('PATH', '/opt/ros/humble/bin:/home/alex/.local/bin:/usr/local/sbin:/usr/local/bin:/usr/sbin:/usr/bin:/sbin:/bin:/usr/games:/usr/local/games:/snap/bin:/snap/bin'), ('SESSION_MANAGER', 'local/alexlinux:@/tmp/.ICE-unix/1557,unix/alexlinux:/tmp/.ICE-unix/1557'), ('INVOCATION_ID', '7b056741625440689d7605e63923aee2'), ('PAPERSIZE', 'a4'), ('XDG_MENU_PREFIX', 'gnome-'), ('LC_ADDRESS', 'el_GR.UTF-8'), ('GNOME_SETUP_DISPLAY', ':1'), ('XDG_RUNTIME_DIR', '/run/user/1000'), ('DISPLAY', ':0'), ('LANG', 'en_US.UTF-8'), ('XDG_CURRENT_DESKTOP', 'ubuntu:GNOME'), ('LC_TELEPHONE', 'el_GR.UTF-8'), ('TILIX_ID', 'd802d5d9-c028-4bce-93a8-b24076b091be'), ('XMODIFIERS', '@im=ibus'), ('XDG_SESSION_DESKTOP', 'ubuntu'), ('XAUTHORITY', '/run/user/1000/.mutter-Xwaylandauth.95DTC3'), ('LS_COLORS', 'rs=0:di=01;34:ln=01;36:mh=00:pi=40;33:so=01;35:do=01;35:bd=40;33;01:cd=40;33;01:or=40;31;01:mi=00:su=37;41:sg=30;43:ca=30;41:tw=30;42:ow=34;42:st=37;44:ex=01;32:*.tar=01;31:*.tgz=01;31:*.arc=01;31:*.arj=01;31:*.taz=01;31:*.lha=01;31:*.lz4=01;31:*.lzh=01;31:*.lzma=01;31:*.tlz=01;31:*.txz=01;31:*.tzo=01;31:*.t7z=01;31:*.zip=01;31:*.z=01;31:*.dz=01;31:*.gz=01;31:*.lrz=01;31:*.lz=01;31:*.lzo=01;31:*.xz=01;31:*.zst=01;31:*.tzst=01;31:*.bz2=01;31:*.bz=01;31:*.tbz=01;31:*.tbz2=01;31:*.tz=01;31:*.deb=01;31:*.rpm=01;31:*.jar=01;31:*.war=01;31:*.ear=01;31:*.sar=01;31:*.rar=01;31:*.alz=01;31:*.ace=01;31:*.zoo=01;31:*.cpio=01;31:*.7z=01;31:*.rz=01;31:*.cab=01;31:*.wim=01;31:*.swm=01;31:*.dwm=01;31:*.esd=01;31:*.jpg=01;35:*.jpeg=01;35:*.mjpg=01;35:*.mjpeg=01;35:*.gif=01;35:*.bmp=01;35:*.pbm=01;35:*.pgm=01;35:*.ppm=01;35:*.tga=01;35:*.xbm=01;35:*.xpm=01;35:*.tif=01;35:*.tiff=01;35:*.png=01;35:*.svg=01;35:*.svgz=01;35:*.mng=01;35:*.pcx=01;35:*.mov=01;35:*.mpg=01;35:*.mpeg=01;35:*.m2v=01;35:*.mkv=01;35:*.webm=01;35:*.webp=01;35:*.ogm=01;35:*.mp4=01;35:*.m4v=01;35:*.mp4v=01;35:*.vob=01;35:*.qt=01;35:*.nuv=01;35:*.wmv=01;35:*.asf=01;35:*.rm=01;35:*.rmvb=01;35:*.flc=01;35:*.avi=01;35:*.fli=01;35:*.flv=01;35:*.gl=01;35:*.dl=01;35:*.xcf=01;35:*.xwd=01;35:*.yuv=01;35:*.cgm=01;35:*.emf=01;35:*.ogv=01;35:*.ogx=01;35:*.aac=00;36:*.au=00;36:*.flac=00;36:*.m4a=00;36:*.mid=00;36:*.midi=00;36:*.mka=00;36:*.mp3=00;36:*.mpc=00;36:*.ogg=00;36:*.ra=00;36:*.wav=00;36:*.oga=00;36:*.opus=00;36:*.spx=00;36:*.xspf=00;36:'), ('SSH_AGENT_LAUNCHER', 'gnome-keyring'), ('SSH_AUTH_SOCK', '/run/user/1000/keyring/ssh'), ('AMENT_PREFIX_PATH', '/opt/ros/humble'), ('SHELL', '/bin/bash'), ('LC_NAME', 'el_GR.UTF-8'), ('QT_ACCESSIBILITY', '1'), ('GDMSESSION', 'ubuntu'), ('LESSCLOSE', '/usr/bin/lesspipe %s %s'), ('LC_MEASUREMENT', 'el_GR.UTF-8'), ('LC_IDENTIFICATION', 'el_GR.UTF-8'), ('QT_IM_MODULE', 'ibus'), ('PWD', '/home/alex/Diplomatiki/build/my_interfaces'), ('XDG_CONFIG_DIRS', '/etc/xdg/xdg-ubuntu:/etc/xdg'), ('XDG_DATA_DIRS', '/usr/share/ubuntu:/usr/local/share/:/usr/share/:/var/lib/snapd/desktop'), ('PYTHONPATH', '/opt/ros/humble/lib/python3.10/site-packages:/opt/ros/humble/local/lib/python3.10/dist-packages'), ('LC_NUMERIC', 'el_GR.UTF-8'), ('LC_PAPER', 'el_GR.UTF-8'), ('COLCON', '1'), ('VTE_VERSION', '6800'), ('CMAKE_PREFIX_PATH', '/opt/ros/humble')]), 'shell': False}
[3.110669] (-) TimerEvent: {}
[3.167617] (my_interfaces) StdoutLine: {'line': b'[  1%] \x1b[34m\x1b[1mGenerating C code for ROS interfaces\x1b[0m\n'}
[3.175837] (my_interfaces) StdoutLine: {'line': b'[  2%] \x1b[34m\x1b[1mGenerating C++ code for ROS interfaces\x1b[0m\n'}
[3.184872] (my_interfaces) StdoutLine: {'line': b'[  2%] Built target ament_cmake_python_copy_my_interfaces\n'}
[3.212287] (-) TimerEvent: {}
[3.314669] (-) TimerEvent: {}
[3.415206] (-) TimerEvent: {}
[3.466237] (my_interfaces) StdoutLine: {'line': b'running egg_info\n'}
[3.486812] (my_interfaces) StdoutLine: {'line': b'creating my_interfaces.egg-info\n'}
[3.487137] (my_interfaces) StdoutLine: {'line': b'writing my_interfaces.egg-info/PKG-INFO\n'}
[3.487476] (my_interfaces) StdoutLine: {'line': b'writing dependency_links to my_interfaces.egg-info/dependency_links.txt\n'}
[3.487772] (my_interfaces) StdoutLine: {'line': b'writing top-level names to my_interfaces.egg-info/top_level.txt\n'}
[3.488000] (my_interfaces) StdoutLine: {'line': b"writing manifest file 'my_interfaces.egg-info/SOURCES.txt'\n"}
[3.515367] (-) TimerEvent: {}
[3.549387] (my_interfaces) StdoutLine: {'line': b"reading manifest file 'my_interfaces.egg-info/SOURCES.txt'\n"}
[3.550060] (my_interfaces) StdoutLine: {'line': b"writing manifest file 'my_interfaces.egg-info/SOURCES.txt'\n"}
[3.597352] (my_interfaces) StdoutLine: {'line': b'[  2%] Built target ament_cmake_python_build_my_interfaces_egg\n'}
[3.615507] (-) TimerEvent: {}
[3.715965] (-) TimerEvent: {}
[3.816421] (-) TimerEvent: {}
[3.916850] (-) TimerEvent: {}
[4.017269] (-) TimerEvent: {}
[4.117704] (-) TimerEvent: {}
[4.218150] (-) TimerEvent: {}
[4.319337] (-) TimerEvent: {}
[4.325172] (my_interfaces) StdoutLine: {'line': b'[  2%] Built target my_interfaces__cpp\n'}
[4.343276] (my_interfaces) StdoutLine: {'line': b'[  4%] \x1b[34m\x1b[1mGenerating C++ type support dispatch for ROS interfaces\x1b[0m\n'}
[4.355531] (my_interfaces) StdoutLine: {'line': b'[  5%] \x1b[34m\x1b[1mGenerating C++ type support for eProsima Fast-RTPS\x1b[0m\n'}
[4.357891] (my_interfaces) StdoutLine: {'line': b'[  7%] \x1b[34m\x1b[1mGenerating C++ introspection for ROS interfaces\x1b[0m\n'}
[4.419453] (-) TimerEvent: {}
[4.421187] (my_interfaces) StdoutLine: {'line': b'[  8%] \x1b[32mBuilding C object CMakeFiles/my_interfaces__rosidl_generator_c.dir/rosidl_generator_c/my_interfaces/msg/detail/ck_table__functions.c.o\x1b[0m\n'}
[4.423448] (my_interfaces) StdoutLine: {'line': b'[  9%] \x1b[32mBuilding C object CMakeFiles/my_interfaces__rosidl_generator_c.dir/rosidl_generator_c/my_interfaces/msg/detail/single_obstacle__functions.c.o\x1b[0m\n'}
[4.423683] (my_interfaces) StdoutLine: {'line': b'[ 11%] \x1b[32mBuilding C object CMakeFiles/my_interfaces__rosidl_generator_c.dir/rosidl_generator_c/my_interfaces/msg/detail/agent_data__functions.c.o\x1b[0m\n'}
[4.519568] (-) TimerEvent: {}
[4.526486] (my_interfaces) StdoutLine: {'line': b'[ 12%] \x1b[32mBuilding C object CMakeFiles/my_interfaces__rosidl_generator_c.dir/rosidl_generator_c/my_interfaces/msg/detail/multiple_obstacles__functions.c.o\x1b[0m\n'}
[4.535569] (my_interfaces) StdoutLine: {'line': b'[ 14%] \x1b[32mBuilding C object CMakeFiles/my_interfaces__rosidl_generator_c.dir/rosidl_generator_c/my_interfaces/msg/detail/single_target_estimate__functions.c.o\x1b[0m\n'}
[4.560249] (my_interfaces) StdoutLine: {'line': b'[ 15%] \x1b[32mBuilding C object CMakeFiles/my_interfaces__rosidl_generator_c.dir/rosidl_generator_c/my_interfaces/msg/detail/multiple_target_estimates__functions.c.o\x1b[0m\n'}
[4.619683] (-) TimerEvent: {}
[4.628025] (my_interfaces) StdoutLine: {'line': b'[ 16%] \x1b[32m\x1b[1mLinking C shared library libmy_interfaces__rosidl_generator_c.so\x1b[0m\n'}
[4.679239] (my_interfaces) StdoutLine: {'line': b'[ 16%] Built target my_interfaces__rosidl_generator_c\n'}
[4.692638] (my_interfaces) StdoutLine: {'line': b'[ 18%] \x1b[34m\x1b[1mGenerating C type support for eProsima Fast-RTPS\x1b[0m\n'}
[4.700465] (my_interfaces) StdoutLine: {'line': b'[ 19%] \x1b[34m\x1b[1mGenerating C type support dispatch for ROS interfaces\x1b[0m\n'}
[4.704046] (my_interfaces) StdoutLine: {'line': b'[ 21%] \x1b[34m\x1b[1mGenerating C introspection for ROS interfaces\x1b[0m\n'}
[4.719791] (-) TimerEvent: {}
[4.820238] (-) TimerEvent: {}
[4.921328] (-) TimerEvent: {}
[5.021722] (-) TimerEvent: {}
[5.122091] (-) TimerEvent: {}
[5.223326] (-) TimerEvent: {}
[5.266869] (my_interfaces) StdoutLine: {'line': b'[ 22%] \x1b[32mBuilding CXX object CMakeFiles/my_interfaces__rosidl_typesupport_cpp.dir/rosidl_typesupport_cpp/my_interfaces/msg/ck_table__type_support.cpp.o\x1b[0m\n'}
[5.326244] (-) TimerEvent: {}
[5.426542] (-) TimerEvent: {}
[5.526834] (-) TimerEvent: {}
[5.620710] (my_interfaces) StdoutLine: {'line': b'[ 23%] \x1b[32mBuilding CXX object CMakeFiles/my_interfaces__rosidl_typesupport_introspection_cpp.dir/rosidl_typesupport_introspection_cpp/my_interfaces/msg/detail/ck_table__type_support.cpp.o\x1b[0m\n'}
[5.626945] (-) TimerEvent: {}
[5.709754] (my_interfaces) StdoutLine: {'line': b'[ 25%] \x1b[32mBuilding CXX object CMakeFiles/my_interfaces__rosidl_typesupport_fastrtps_cpp.dir/rosidl_typesupport_fastrtps_cpp/my_interfaces/msg/detail/dds_fastrtps/ck_table__type_support.cpp.o\x1b[0m\n'}
[5.727341] (-) TimerEvent: {}
[5.789409] (my_interfaces) StdoutLine: {'line': b'[ 28%] \x1b[32mBuilding CXX object CMakeFiles/my_interfaces__rosidl_typesupport_cpp.dir/rosidl_typesupport_cpp/my_interfaces/msg/agent_data__type_support.cpp.o\x1b[0m\n'}
[5.789669] (my_interfaces) StdoutLine: {'line': b'[ 28%] \x1b[32mBuilding CXX object CMakeFiles/my_interfaces__rosidl_typesupport_c.dir/rosidl_typesupport_c/my_interfaces/msg/ck_table__type_support.cpp.o\x1b[0m\n'}
[5.827466] (-) TimerEvent: {}
[5.827878] (my_interfaces) StdoutLine: {'line': b'[ 29%] \x1b[32mBuilding C object CMakeFiles/my_interfaces__rosidl_typesupport_introspection_c.dir/rosidl_typesupport_introspection_c/my_interfaces/msg/detail/ck_table__type_support.c.o\x1b[0m\n'}
[5.841632] (my_interfaces) StdoutLine: {'line': b'[ 30%] \x1b[32mBuilding CXX object CMakeFiles/my_interfaces__rosidl_typesupport_fastrtps_c.dir/rosidl_typesupport_fastrtps_c/my_interfaces/msg/detail/ck_table__type_support_c.cpp.o\x1b[0m\n'}
[5.842278] (my_interfaces) StdoutLine: {'line': b'[ 32%] \x1b[32mBuilding CXX object CMakeFiles/my_interfaces__rosidl_typesupport_c.dir/rosidl_typesupport_c/my_interfaces/msg/agent_data__type_support.cpp.o\x1b[0m\n'}
[5.893943] (my_interfaces) StdoutLine: {'line': b'[ 33%] \x1b[32mBuilding CXX object CMakeFiles/my_interfaces__rosidl_typesupport_c.dir/rosidl_typesupport_c/my_interfaces/msg/single_obstacle__type_support.cpp.o\x1b[0m\n'}
[5.918273] (my_interfaces) StdoutLine: {'line': b'[ 35%] \x1b[32mBuilding C object CMakeFiles/my_interfaces__rosidl_typesupport_introspection_c.dir/rosidl_typesupport_introspection_c/my_interfaces/msg/detail/agent_data__type_support.c.o\x1b[0m\n'}
[5.927598] (-) TimerEvent: {}
[5.936314] (my_interfaces) StdoutLine: {'line': b'[ 36%] \x1b[32mBuilding CXX object CMakeFiles/my_interfaces__rosidl_typesupport_c.dir/rosidl_typesupport_c/my_interfaces/msg/multiple_obstacles__type_support.cpp.o\x1b[0m\n'}
[5.994699] (my_interfaces) StdoutLine: {'line': b'[ 39%] \x1b[32mBuilding C object CMakeFiles/my_interfaces__rosidl_typesupport_introspection_c.dir/rosidl_typesupport_introspection_c/my_interfaces/msg/detail/single_obstacle__type_support.c.o\x1b[0m\n'}
[5.994952] (my_interfaces) StdoutLine: {'line': b'[ 39%] \x1b[32mBuilding CXX object CMakeFiles/my_interfaces__rosidl_typesupport_c.dir/rosidl_typesupport_c/my_interfaces/msg/single_target_estimate__type_support.cpp.o\x1b[0m\n'}
[6.028857] (my_interfaces) StdoutLine: {'line': b'[ 40%] \x1b[32mBuilding CXX object CMakeFiles/my_interfaces__rosidl_typesupport_c.dir/rosidl_typesupport_c/my_interfaces/msg/multiple_target_estimates__type_support.cpp.o\x1b[0m\n'}
[6.029090] (-) TimerEvent: {}
[6.072033] (my_interfaces) StdoutLine: {'line': b'[ 42%] \x1b[32mBuilding C object CMakeFiles/my_interfaces__rosidl_typesupport_introspection_c.dir/rosidl_typesupport_introspection_c/my_interfaces/msg/detail/multiple_obstacles__type_support.c.o\x1b[0m\n'}
[6.074956] (my_interfaces) StdoutLine: {'line': b'[ 43%] \x1b[32m\x1b[1mLinking CXX shared library libmy_interfaces__rosidl_typesupport_c.so\x1b[0m\n'}
[6.125140] (my_interfaces) StdoutLine: {'line': b'[ 45%] \x1b[32mBuilding CXX object CMakeFiles/my_interfaces__rosidl_typesupport_cpp.dir/rosidl_typesupport_cpp/my_interfaces/msg/single_obstacle__type_support.cpp.o\x1b[0m\n'}
[6.131276] (-) TimerEvent: {}
[6.143110] (my_interfaces) StdoutLine: {'line': b'[ 46%] \x1b[32mBuilding C object CMakeFiles/my_interfaces__rosidl_typesupport_introspection_c.dir/rosidl_typesupport_introspection_c/my_interfaces/msg/detail/single_target_estimate__type_support.c.o\x1b[0m\n'}
[6.155844] (my_interfaces) StdoutLine: {'line': b'[ 46%] Built target my_interfaces__rosidl_typesupport_c\n'}
[6.173469] (my_interfaces) StdoutLine: {'line': b'[ 47%] \x1b[32mBuilding CXX object CMakeFiles/my_interfaces__rosidl_typesupport_cpp.dir/rosidl_typesupport_cpp/my_interfaces/msg/multiple_obstacles__type_support.cpp.o\x1b[0m\n'}
[6.201366] (my_interfaces) StdoutLine: {'line': b'[ 49%] \x1b[32mBuilding C object CMakeFiles/my_interfaces__rosidl_typesupport_introspection_c.dir/rosidl_typesupport_introspection_c/my_interfaces/msg/detail/multiple_target_estimates__type_support.c.o\x1b[0m\n'}
[6.231404] (-) TimerEvent: {}
[6.234151] (my_interfaces) StdoutLine: {'line': b'[ 50%] \x1b[32mBuilding CXX object CMakeFiles/my_interfaces__rosidl_typesupport_introspection_cpp.dir/rosidl_typesupport_introspection_cpp/my_interfaces/msg/detail/agent_data__type_support.cpp.o\x1b[0m\n'}
[6.250366] (my_interfaces) StdoutLine: {'line': b'[ 52%] \x1b[32m\x1b[1mLinking C shared library libmy_interfaces__rosidl_typesupport_introspection_c.so\x1b[0m\n'}
[6.286890] (my_interfaces) StdoutLine: {'line': b'[ 52%] Built target my_interfaces__rosidl_typesupport_introspection_c\n'}
[6.304829] (my_interfaces) StdoutLine: {'line': b'[ 53%] \x1b[32mBuilding CXX object CMakeFiles/my_interfaces__rosidl_typesupport_introspection_cpp.dir/rosidl_typesupport_introspection_cpp/my_interfaces/msg/detail/single_obstacle__type_support.cpp.o\x1b[0m\n'}
[6.332162] (-) TimerEvent: {}
[6.337397] (my_interfaces) StdoutLine: {'line': b'[ 54%] \x1b[32mBuilding CXX object CMakeFiles/my_interfaces__rosidl_typesupport_fastrtps_c.dir/rosidl_typesupport_fastrtps_c/my_interfaces/msg/detail/agent_data__type_support_c.cpp.o\x1b[0m\n'}
[6.353222] (my_interfaces) StdoutLine: {'line': b'[ 56%] \x1b[32mBuilding CXX object CMakeFiles/my_interfaces__rosidl_typesupport_fastrtps_cpp.dir/rosidl_typesupport_fastrtps_cpp/my_interfaces/msg/detail/dds_fastrtps/agent_data__type_support.cpp.o\x1b[0m\n'}
[6.432276] (-) TimerEvent: {}
[6.486498] (my_interfaces) StdoutLine: {'line': b'[ 57%] \x1b[32mBuilding CXX object CMakeFiles/my_interfaces__rosidl_typesupport_cpp.dir/rosidl_typesupport_cpp/my_interfaces/msg/single_target_estimate__type_support.cpp.o\x1b[0m\n'}
[6.527909] (my_interfaces) StdoutLine: {'line': b'[ 59%] \x1b[32mBuilding CXX object CMakeFiles/my_interfaces__rosidl_typesupport_cpp.dir/rosidl_typesupport_cpp/my_interfaces/msg/multiple_target_estimates__type_support.cpp.o\x1b[0m\n'}
[6.532404] (-) TimerEvent: {}
[6.632771] (-) TimerEvent: {}
[6.733162] (-) TimerEvent: {}
[6.793408] (my_interfaces) StdoutLine: {'line': b'[ 60%] \x1b[32mBuilding CXX object CMakeFiles/my_interfaces__rosidl_typesupport_fastrtps_c.dir/rosidl_typesupport_fastrtps_c/my_interfaces/msg/detail/single_obstacle__type_support_c.cpp.o\x1b[0m\n'}
[6.833269] (-) TimerEvent: {}
[6.842307] (my_interfaces) StdoutLine: {'line': b'[ 61%] \x1b[32mBuilding CXX object CMakeFiles/my_interfaces__rosidl_typesupport_fastrtps_c.dir/rosidl_typesupport_fastrtps_c/my_interfaces/msg/detail/multiple_obstacles__type_support_c.cpp.o\x1b[0m\n'}
[6.847062] (my_interfaces) StdoutLine: {'line': b'[ 63%] \x1b[32m\x1b[1mLinking CXX shared library libmy_interfaces__rosidl_typesupport_cpp.so\x1b[0m\n'}
[6.914610] (my_interfaces) StdoutLine: {'line': b'[ 64%] \x1b[32mBuilding CXX object CMakeFiles/my_interfaces__rosidl_typesupport_fastrtps_c.dir/rosidl_typesupport_fastrtps_c/my_interfaces/msg/detail/single_target_estimate__type_support_c.cpp.o\x1b[0m\n'}
[6.946667] (my_interfaces) StdoutLine: {'line': b'[ 64%] Built target my_interfaces__rosidl_typesupport_cpp\n'}
[6.946891] (-) TimerEvent: {}
[6.947010] (my_interfaces) StdoutLine: {'line': b'[ 66%] \x1b[32mBuilding CXX object CMakeFiles/my_interfaces__rosidl_typesupport_introspection_cpp.dir/rosidl_typesupport_introspection_cpp/my_interfaces/msg/detail/multiple_obstacles__type_support.cpp.o\x1b[0m\n'}
[6.952853] (my_interfaces) StdoutLine: {'line': b'[ 67%] \x1b[32mBuilding CXX object CMakeFiles/my_interfaces__rosidl_typesupport_fastrtps_c.dir/rosidl_typesupport_fastrtps_c/my_interfaces/msg/detail/multiple_target_estimates__type_support_c.cpp.o\x1b[0m\n'}
[7.047037] (-) TimerEvent: {}
[7.150537] (-) TimerEvent: {}
[7.253280] (-) TimerEvent: {}
[7.303353] (my_interfaces) StdoutLine: {'line': b'[ 69%] \x1b[32mBuilding CXX object CMakeFiles/my_interfaces__rosidl_typesupport_fastrtps_cpp.dir/rosidl_typesupport_fastrtps_cpp/my_interfaces/msg/detail/dds_fastrtps/single_obstacle__type_support.cpp.o\x1b[0m\n'}
[7.319474] (my_interfaces) StdoutLine: {'line': b'[ 70%] \x1b[32mBuilding CXX object CMakeFiles/my_interfaces__rosidl_typesupport_fastrtps_cpp.dir/rosidl_typesupport_fastrtps_cpp/my_interfaces/msg/detail/dds_fastrtps/multiple_obstacles__type_support.cpp.o\x1b[0m\n'}
[7.353397] (-) TimerEvent: {}
[7.383918] (my_interfaces) StdoutLine: {'line': b'[ 71%] \x1b[32mBuilding CXX object CMakeFiles/my_interfaces__rosidl_typesupport_introspection_cpp.dir/rosidl_typesupport_introspection_cpp/my_interfaces/msg/detail/single_target_estimate__type_support.cpp.o\x1b[0m\n'}
[7.392611] (my_interfaces) StdoutLine: {'line': b'[ 73%] \x1b[32mBuilding CXX object CMakeFiles/my_interfaces__rosidl_typesupport_fastrtps_cpp.dir/rosidl_typesupport_fastrtps_cpp/my_interfaces/msg/detail/dds_fastrtps/single_target_estimate__type_support.cpp.o\x1b[0m\n'}
[7.458580] (-) TimerEvent: {}
[7.561289] (-) TimerEvent: {}
[7.570268] (my_interfaces) StdoutLine: {'line': b'[ 74%] \x1b[32m\x1b[1mLinking CXX shared library libmy_interfaces__rosidl_typesupport_fastrtps_c.so\x1b[0m\n'}
[7.590497] (my_interfaces) StdoutLine: {'line': b'[ 76%] \x1b[32mBuilding CXX object CMakeFiles/my_interfaces__rosidl_typesupport_introspection_cpp.dir/rosidl_typesupport_introspection_cpp/my_interfaces/msg/detail/multiple_target_estimates__type_support.cpp.o\x1b[0m\n'}
[7.663292] (-) TimerEvent: {}
[7.763688] (-) TimerEvent: {}
[7.823634] (my_interfaces) StdoutLine: {'line': b'[ 76%] Built target my_interfaces__rosidl_typesupport_fastrtps_c\n'}
[7.832903] (my_interfaces) StdoutLine: {'line': b'[ 77%] \x1b[32mBuilding CXX object CMakeFiles/my_interfaces__rosidl_typesupport_fastrtps_cpp.dir/rosidl_typesupport_fastrtps_cpp/my_interfaces/msg/detail/dds_fastrtps/multiple_target_estimates__type_support.cpp.o\x1b[0m\n'}
[7.871346] (-) TimerEvent: {}
[7.971954] (-) TimerEvent: {}
[8.072275] (-) TimerEvent: {}
[8.087652] (my_interfaces) StdoutLine: {'line': b'[ 78%] \x1b[32m\x1b[1mLinking CXX shared library libmy_interfaces__rosidl_typesupport_introspection_cpp.so\x1b[0m\n'}
[8.172408] (-) TimerEvent: {}
[8.186734] (my_interfaces) StdoutLine: {'line': b'[ 78%] Built target my_interfaces__rosidl_typesupport_introspection_cpp\n'}
[8.259817] (my_interfaces) StdoutLine: {'line': b'[ 80%] \x1b[32m\x1b[1mLinking CXX shared library libmy_interfaces__rosidl_typesupport_fastrtps_cpp.so\x1b[0m\n'}
[8.272525] (-) TimerEvent: {}
[8.371313] (my_interfaces) StdoutLine: {'line': b'[ 80%] Built target my_interfaces__rosidl_typesupport_fastrtps_cpp\n'}
[8.372631] (-) TimerEvent: {}
[8.391259] (my_interfaces) StdoutLine: {'line': b'[ 80%] Built target my_interfaces\n'}
[8.417801] (my_interfaces) StdoutLine: {'line': b'[ 81%] \x1b[34m\x1b[1mGenerating Python code for ROS interfaces\x1b[0m\n'}
[8.472744] (-) TimerEvent: {}
[8.573085] (-) TimerEvent: {}
[8.673798] (-) TimerEvent: {}
[8.774283] (-) TimerEvent: {}
[8.874627] (-) TimerEvent: {}
[8.974974] (-) TimerEvent: {}
[9.075314] (-) TimerEvent: {}
[9.175801] (-) TimerEvent: {}
[9.276158] (-) TimerEvent: {}
[9.376538] (-) TimerEvent: {}
[9.476891] (-) TimerEvent: {}
[9.578250] (-) TimerEvent: {}
[9.588653] (my_interfaces) StdoutLine: {'line': b'[ 81%] Built target my_interfaces__py\n'}
[9.607896] (my_interfaces) StdoutLine: {'line': b'[ 84%] \x1b[32mBuilding C object CMakeFiles/my_interfaces__rosidl_generator_py.dir/rosidl_generator_py/my_interfaces/msg/_agent_data_s.c.o\x1b[0m\n'}
[9.609952] (my_interfaces) StdoutLine: {'line': b'[ 85%] \x1b[32mBuilding C object CMakeFiles/my_interfaces__rosidl_generator_py.dir/rosidl_generator_py/my_interfaces/msg/_multiple_obstacles_s.c.o\x1b[0m\n'}
[9.610116] (my_interfaces) StdoutLine: {'line': b'[ 87%] \x1b[32mBuilding C object CMakeFiles/my_interfaces__rosidl_generator_py.dir/rosidl_generator_py/my_interfaces/msg/_single_obstacle_s.c.o\x1b[0m\n'}
[9.610301] (my_interfaces) StdoutLine: {'line': b'[ 87%] \x1b[32mBuilding C object CMakeFiles/my_interfaces__rosidl_generator_py.dir/rosidl_generator_py/my_interfaces/msg/_ck_table_s.c.o\x1b[0m\n'}
[9.610357] (my_interfaces) StdoutLine: {'line': b'[ 88%] \x1b[32mBuilding C object CMakeFiles/my_interfaces__rosidl_generator_py.dir/rosidl_generator_py/my_interfaces/msg/_multiple_target_estimates_s.c.o\x1b[0m\n'}
[9.614543] (my_interfaces) StdoutLine: {'line': b'[ 90%] \x1b[32mBuilding C object CMakeFiles/my_interfaces__rosidl_generator_py.dir/rosidl_generator_py/my_interfaces/msg/_single_target_estimate_s.c.o\x1b[0m\n'}
[9.678386] (-) TimerEvent: {}
[9.761602] (my_interfaces) StdoutLine: {'line': b'[ 91%] \x1b[32m\x1b[1mLinking C shared library rosidl_generator_py/my_interfaces/libmy_interfaces__rosidl_generator_py.so\x1b[0m\n'}
[9.778536] (-) TimerEvent: {}
[9.806613] (my_interfaces) StdoutLine: {'line': b'[ 91%] Built target my_interfaces__rosidl_generator_py\n'}
[9.825716] (my_interfaces) StdoutLine: {'line': b'[ 92%] \x1b[32mBuilding C object CMakeFiles/my_interfaces__rosidl_typesupport_fastrtps_c__pyext.dir/rosidl_generator_py/my_interfaces/_my_interfaces_s.ep.rosidl_typesupport_fastrtps_c.c.o\x1b[0m\n'}
[9.827001] (my_interfaces) StdoutLine: {'line': b'[ 94%] \x1b[32mBuilding C object CMakeFiles/my_interfaces__rosidl_typesupport_c__pyext.dir/rosidl_generator_py/my_interfaces/_my_interfaces_s.ep.rosidl_typesupport_c.c.o\x1b[0m\n'}
[9.829824] (my_interfaces) StdoutLine: {'line': b'[ 95%] \x1b[32mBuilding C object CMakeFiles/my_interfaces__rosidl_typesupport_introspection_c__pyext.dir/rosidl_generator_py/my_interfaces/_my_interfaces_s.ep.rosidl_typesupport_introspection_c.c.o\x1b[0m\n'}
[9.878695] (-) TimerEvent: {}
[9.926510] (my_interfaces) StdoutLine: {'line': b'[ 97%] \x1b[32m\x1b[1mLinking C shared library rosidl_generator_py/my_interfaces/my_interfaces_s__rosidl_typesupport_c.cpython-310-x86_64-linux-gnu.so\x1b[0m\n'}
[9.927839] (my_interfaces) StdoutLine: {'line': b'[ 98%] \x1b[32m\x1b[1mLinking C shared library rosidl_generator_py/my_interfaces/my_interfaces_s__rosidl_typesupport_fastrtps_c.cpython-310-x86_64-linux-gnu.so\x1b[0m\n'}
[9.929435] (my_interfaces) StdoutLine: {'line': b'[100%] \x1b[32m\x1b[1mLinking C shared library rosidl_generator_py/my_interfaces/my_interfaces_s__rosidl_typesupport_introspection_c.cpython-310-x86_64-linux-gnu.so\x1b[0m\n'}
[9.966327] (my_interfaces) StdoutLine: {'line': b'[100%] Built target my_interfaces__rosidl_typesupport_introspection_c__pyext\n'}
[9.966534] (my_interfaces) StdoutLine: {'line': b'[100%] Built target my_interfaces__rosidl_typesupport_fastrtps_c__pyext\n'}
[9.972036] (my_interfaces) StdoutLine: {'line': b'[100%] Built target my_interfaces__rosidl_typesupport_c__pyext\n'}
[9.978847] (-) TimerEvent: {}
[9.983076] (my_interfaces) CommandEnded: {'returncode': 0}
[9.983798] (my_interfaces) JobProgress: {'identifier': 'my_interfaces', 'progress': 'install'}
[9.991345] (my_interfaces) Command: {'cmd': ['/usr/bin/cmake', '--install', '/home/alex/Diplomatiki/build/my_interfaces'], 'cwd': '/home/alex/Diplomatiki/build/my_interfaces', 'env': OrderedDict([('LESSOPEN', '| /usr/bin/lesspipe %s'), ('PYTHONWARNINGS', 'ignore::UserWarning:google.protobuf'), ('USER', 'alex'), ('LC_TIME', 'el_GR.UTF-8'), ('XDG_SESSION_TYPE', 'wayland'), ('SHLVL', '2'), ('LD_LIBRARY_PATH', '/opt/ros/humble/opt/rviz_ogre_vendor/lib:/opt/ros/humble/lib/x86_64-linux-gnu:/opt/ros/humble/lib'), ('HOME', '/home/alex'), ('OLDPWD', '/home/alex'), ('DESKTOP_SESSION', 'ubuntu'), ('ROS_PYTHON_VERSION', '3'), ('GNOME_SHELL_SESSION_MODE', 'ubuntu'), ('GTK_MODULES', 'gail:atk-bridge'), ('LC_MONETARY', 'el_GR.UTF-8'), ('MANAGERPID', '1422'), ('SYSTEMD_EXEC_PID', '1777'), ('DBUS_SESSION_BUS_ADDRESS', 'unix:path=/run/user/1000/bus'), ('COLORTERM', 'truecolor'), ('GIO_LAUNCHED_DESKTOP_FILE_PID', '10515'), ('IM_CONFIG_PHASE', '1'), ('WAYLAND_DISPLAY', 'wayland-0'), ('ROS_DISTRO', 'humble'), ('LOGNAME', 'alex'), ('_', '/usr/bin/colcon'), ('JOURNAL_STREAM', '8:15638'), ('ROS_VERSION', '2'), ('XDG_SESSION_CLASS', 'user'), ('USERNAME', 'alex'), ('TERM', 'xterm-256color'), ('GNOME_DESKTOP_SESSION_ID', 'this-is-deprecated'), ('ROS_LOCALHOST_ONLY', '0'), ('PATH', '/opt/ros/humble/bin:/home/alex/.local/bin:/usr/local/sbin:/usr/local/bin:/usr/sbin:/usr/bin:/sbin:/bin:/usr/games:/usr/local/games:/snap/bin:/snap/bin'), ('SESSION_MANAGER', 'local/alexlinux:@/tmp/.ICE-unix/1557,unix/alexlinux:/tmp/.ICE-unix/1557'), ('INVOCATION_ID', '7b056741625440689d7605e63923aee2'), ('PAPERSIZE', 'a4'), ('XDG_MENU_PREFIX', 'gnome-'), ('LC_ADDRESS', 'el_GR.UTF-8'), ('GNOME_SETUP_DISPLAY', ':1'), ('XDG_RUNTIME_DIR', '/run/user/1000'), ('DISPLAY', ':0'), ('LANG', 'en_US.UTF-8'), ('XDG_CURRENT_DESKTOP', 'ubuntu:GNOME'), ('LC_TELEPHONE', 'el_GR.UTF-8'), ('TILIX_ID', 'd802d5d9-c028-4bce-93a8-b24076b091be'), ('XMODIFIERS', '@im=ibus'), ('XDG_SESSION_DESKTOP', 'ubuntu'), ('XAUTHORITY', '/run/user/1000/.mutter-Xwaylandauth.95DTC3'), ('LS_COLORS', 'rs=0:di=01;34:ln=01;36:mh=00:pi=40;33:so=01;35:do=01;35:bd=40;33;01:cd=40;33;01:or=40;31;01:mi=00:su=37;41:sg=30;43:ca=30;41:tw=30;42:ow=34;42:st=37;44:ex=01;32:*.tar=01;31:*.tgz=01;31:*.arc=01;31:*.arj=01;31:*.taz=01;31:*.lha=01;31:*.lz4=01;31:*.lzh=01;31:*.lzma=01;31:*.tlz=01;31:*.txz=01;31:*.tzo=01;31:*.t7z=01;31:*.zip=01;31:*.z=01;31:*.dz=01;31:*.gz=01;31:*.lrz=01;31:*.lz=01;31:*.lzo=01;31:*.xz=01;31:*.zst=01;31:*.tzst=01;31:*.bz2=01;31:*.bz=01;31:*.tbz=01;31:*.tbz2=01;31:*.tz=01;31:*.deb=01;31:*.rpm=01;31:*.jar=01;31:*.war=01;31:*.ear=01;31:*.sar=01;31:*.rar=01;31:*.alz=01;31:*.ace=01;31:*.zoo=01;31:*.cpio=01;31:*.7z=01;31:*.rz=01;31:*.cab=01;31:*.wim=01;31:*.swm=01;31:*.dwm=01;31:*.esd=01;31:*.jpg=01;35:*.jpeg=01;35:*.mjpg=01;35:*.mjpeg=01;35:*.gif=01;35:*.bmp=01;35:*.pbm=01;35:*.pgm=01;35:*.ppm=01;35:*.tga=01;35:*.xbm=01;35:*.xpm=01;35:*.tif=01;35:*.tiff=01;35:*.png=01;35:*.svg=01;35:*.svgz=01;35:*.mng=01;35:*.pcx=01;35:*.mov=01;35:*.mpg=01;35:*.mpeg=01;35:*.m2v=01;35:*.mkv=01;35:*.webm=01;35:*.webp=01;35:*.ogm=01;35:*.mp4=01;35:*.m4v=01;35:*.mp4v=01;35:*.vob=01;35:*.qt=01;35:*.nuv=01;35:*.wmv=01;35:*.asf=01;35:*.rm=01;35:*.rmvb=01;35:*.flc=01;35:*.avi=01;35:*.fli=01;35:*.flv=01;35:*.gl=01;35:*.dl=01;35:*.xcf=01;35:*.xwd=01;35:*.yuv=01;35:*.cgm=01;35:*.emf=01;35:*.ogv=01;35:*.ogx=01;35:*.aac=00;36:*.au=00;36:*.flac=00;36:*.m4a=00;36:*.mid=00;36:*.midi=00;36:*.mka=00;36:*.mp3=00;36:*.mpc=00;36:*.ogg=00;36:*.ra=00;36:*.wav=00;36:*.oga=00;36:*.opus=00;36:*.spx=00;36:*.xspf=00;36:'), ('SSH_AGENT_LAUNCHER', 'gnome-keyring'), ('SSH_AUTH_SOCK', '/run/user/1000/keyring/ssh'), ('AMENT_PREFIX_PATH', '/opt/ros/humble'), ('SHELL', '/bin/bash'), ('LC_NAME', 'el_GR.UTF-8'), ('QT_ACCESSIBILITY', '1'), ('GDMSESSION', 'ubuntu'), ('LESSCLOSE', '/usr/bin/lesspipe %s %s'), ('LC_MEASUREMENT', 'el_GR.UTF-8'), ('LC_IDENTIFICATION', 'el_GR.UTF-8'), ('QT_IM_MODULE', 'ibus'), ('PWD', '/home/alex/Diplomatiki/build/my_interfaces'), ('XDG_CONFIG_DIRS', '/etc/xdg/xdg-ubuntu:/etc/xdg'), ('XDG_DATA_DIRS', '/usr/share/ubuntu:/usr/local/share/:/usr/share/:/var/lib/snapd/desktop'), ('PYTHONPATH', '/opt/ros/humble/lib/python3.10/site-packages:/opt/ros/humble/local/lib/python3.10/dist-packages'), ('LC_NUMERIC', 'el_GR.UTF-8'), ('LC_PAPER', 'el_GR.UTF-8'), ('COLCON', '1'), ('VTE_VERSION', '6800'), ('CMAKE_PREFIX_PATH', '/opt/ros/humble')]), 'shell': False}
[9.998246] (my_interfaces) StdoutLine: {'line': b'-- Install configuration: ""\n'}
[9.998570] (my_interfaces) StdoutLine: {'line': b'-- Installing: /home/alex/Diplomatiki/install/my_interfaces/share/ament_index/resource_index/rosidl_interfaces/my_interfaces\n'}
[9.998843] (my_interfaces) StdoutLine: {'line': b'-- Installing: /home/alex/Diplomatiki/install/my_interfaces/include/my_interfaces/my_interfaces\n'}
[9.998995] (my_interfaces) StdoutLine: {'line': b'-- Installing: /home/alex/Diplomatiki/install/my_interfaces/include/my_interfaces/my_interfaces/msg\n'}
[9.999126] (my_interfaces) StdoutLine: {'line': b'-- Installing: /home/alex/Diplomatiki/install/my_interfaces/include/my_interfaces/my_interfaces/msg/agent_data.h\n'}
[9.999381] (my_interfaces) StdoutLine: {'line': b'-- Installing: /home/alex/Diplomatiki/install/my_interfaces/include/my_interfaces/my_interfaces/msg/multiple_obstacles.h\n'}
[9.999517] (my_interfaces) StdoutLine: {'line': b'-- Installing: /home/alex/Diplomatiki/install/my_interfaces/include/my_interfaces/my_interfaces/msg/rosidl_generator_c__visibility_control.h\n'}
[9.999645] (my_interfaces) StdoutLine: {'line': b'-- Installing: /home/alex/Diplomatiki/install/my_interfaces/include/my_interfaces/my_interfaces/msg/multiple_target_estimates.h\n'}
[9.999773] (my_interfaces) StdoutLine: {'line': b'-- Installing: /home/alex/Diplomatiki/install/my_interfaces/include/my_interfaces/my_interfaces/msg/detail\n'}
[9.999897] (my_interfaces) StdoutLine: {'line': b'-- Installing: /home/alex/Diplomatiki/install/my_interfaces/include/my_interfaces/my_interfaces/msg/detail/single_target_estimate__type_support.h\n'}
[9.999994] (my_interfaces) StdoutLine: {'line': b'-- Installing: /home/alex/Diplomatiki/install/my_interfaces/include/my_interfaces/my_interfaces/msg/detail/single_obstacle__type_support.h\n'}
[10.000105] (my_interfaces) StdoutLine: {'line': b'-- Installing: /home/alex/Diplomatiki/install/my_interfaces/include/my_interfaces/my_interfaces/msg/detail/single_target_estimate__struct.h\n'}
[10.000245] (my_interfaces) StdoutLine: {'line': b'-- Installing: /home/alex/Diplomatiki/install/my_interfaces/include/my_interfaces/my_interfaces/msg/detail/agent_data__functions.h\n'}
[10.000352] (my_interfaces) StdoutLine: {'line': b'-- Installing: /home/alex/Diplomatiki/install/my_interfaces/include/my_interfaces/my_interfaces/msg/detail/multiple_target_estimates__type_support.h\n'}
[10.000451] (my_interfaces) StdoutLine: {'line': b'-- Installing: /home/alex/Diplomatiki/install/my_interfaces/include/my_interfaces/my_interfaces/msg/detail/multiple_obstacles__functions.c\n'}
[10.000587] (my_interfaces) StdoutLine: {'line': b'-- Installing: /home/alex/Diplomatiki/install/my_interfaces/include/my_interfaces/my_interfaces/msg/detail/single_target_estimate__functions.h\n'}
[10.000687] (my_interfaces) StdoutLine: {'line': b'-- Installing: /home/alex/Diplomatiki/install/my_interfaces/include/my_interfaces/my_interfaces/msg/detail/ck_table__struct.h\n'}
[10.000785] (my_interfaces) StdoutLine: {'line': b'-- Installing: /home/alex/Diplomatiki/install/my_interfaces/include/my_interfaces/my_interfaces/msg/detail/agent_data__type_support.h\n'}
[10.000872] (my_interfaces) StdoutLine: {'line': b'-- Installing: /home/alex/Diplomatiki/install/my_interfaces/include/my_interfaces/my_interfaces/msg/detail/single_obstacle__functions.h\n'}
[10.000918] (my_interfaces) StdoutLine: {'line': b'-- Installing: /home/alex/Diplomatiki/install/my_interfaces/include/my_interfaces/my_interfaces/msg/detail/single_obstacle__struct.h\n'}
[10.000976] (my_interfaces) StdoutLine: {'line': b'-- Installing: /home/alex/Diplomatiki/install/my_interfaces/include/my_interfaces/my_interfaces/msg/detail/agent_data__struct.h\n'}
[10.001021] (my_interfaces) StdoutLine: {'line': b'-- Installing: /home/alex/Diplomatiki/install/my_interfaces/include/my_interfaces/my_interfaces/msg/detail/agent_data__functions.c\n'}
[10.001075] (my_interfaces) StdoutLine: {'line': b'-- Installing: /home/alex/Diplomatiki/install/my_interfaces/include/my_interfaces/my_interfaces/msg/detail/multiple_obstacles__struct.h\n'}
[10.001119] (my_interfaces) StdoutLine: {'line': b'-- Installing: /home/alex/Diplomatiki/install/my_interfaces/include/my_interfaces/my_interfaces/msg/detail/ck_table__functions.c\n'}
[10.001188] (my_interfaces) StdoutLine: {'line': b'-- Installing: /home/alex/Diplomatiki/install/my_interfaces/include/my_interfaces/my_interfaces/msg/detail/single_obstacle__functions.c\n'}
[10.001258] (my_interfaces) StdoutLine: {'line': b'-- Installing: /home/alex/Diplomatiki/install/my_interfaces/include/my_interfaces/my_interfaces/msg/detail/single_target_estimate__functions.c\n'}
[10.001315] (my_interfaces) StdoutLine: {'line': b'-- Installing: /home/alex/Diplomatiki/install/my_interfaces/include/my_interfaces/my_interfaces/msg/detail/multiple_obstacles__type_support.h\n'}
[10.001380] (my_interfaces) StdoutLine: {'line': b'-- Installing: /home/alex/Diplomatiki/install/my_interfaces/include/my_interfaces/my_interfaces/msg/detail/multiple_target_estimates__functions.h\n'}
[10.001427] (my_interfaces) StdoutLine: {'line': b'-- Installing: /home/alex/Diplomatiki/install/my_interfaces/include/my_interfaces/my_interfaces/msg/detail/ck_table__functions.h\n'}
[10.001483] (my_interfaces) StdoutLine: {'line': b'-- Installing: /home/alex/Diplomatiki/install/my_interfaces/include/my_interfaces/my_interfaces/msg/detail/multiple_target_estimates__functions.c\n'}
[10.001530] (my_interfaces) StdoutLine: {'line': b'-- Installing: /home/alex/Diplomatiki/install/my_interfaces/include/my_interfaces/my_interfaces/msg/detail/multiple_target_estimates__struct.h\n'}
[10.001577] (my_interfaces) StdoutLine: {'line': b'-- Installing: /home/alex/Diplomatiki/install/my_interfaces/include/my_interfaces/my_interfaces/msg/detail/multiple_obstacles__functions.h\n'}
[10.001627] (my_interfaces) StdoutLine: {'line': b'-- Installing: /home/alex/Diplomatiki/install/my_interfaces/include/my_interfaces/my_interfaces/msg/detail/ck_table__type_support.h\n'}
[10.001674] (my_interfaces) StdoutLine: {'line': b'-- Installing: /home/alex/Diplomatiki/install/my_interfaces/include/my_interfaces/my_interfaces/msg/single_target_estimate.h\n'}
[10.001721] (my_interfaces) StdoutLine: {'line': b'-- Installing: /home/alex/Diplomatiki/install/my_interfaces/include/my_interfaces/my_interfaces/msg/ck_table.h\n'}
[10.001768] (my_interfaces) StdoutLine: {'line': b'-- Installing: /home/alex/Diplomatiki/install/my_interfaces/include/my_interfaces/my_interfaces/msg/single_obstacle.h\n'}
[10.001814] (my_interfaces) StdoutLine: {'line': b'-- Installing: /home/alex/Diplomatiki/install/my_interfaces/share/my_interfaces/environment/library_path.sh\n'}
[10.001864] (my_interfaces) StdoutLine: {'line': b'-- Installing: /home/alex/Diplomatiki/install/my_interfaces/share/my_interfaces/environment/library_path.dsv\n'}
[10.001910] (my_interfaces) StdoutLine: {'line': b'-- Installing: /home/alex/Diplomatiki/install/my_interfaces/lib/libmy_interfaces__rosidl_generator_c.so\n'}
[10.001957] (my_interfaces) StdoutLine: {'line': b'-- Set runtime path of "/home/alex/Diplomatiki/install/my_interfaces/lib/libmy_interfaces__rosidl_generator_c.so" to ""\n'}
[10.002003] (my_interfaces) StdoutLine: {'line': b'-- Up-to-date: /home/alex/Diplomatiki/install/my_interfaces/include/my_interfaces/my_interfaces\n'}
[10.002050] (my_interfaces) StdoutLine: {'line': b'-- Up-to-date: /home/alex/Diplomatiki/install/my_interfaces/include/my_interfaces/my_interfaces/msg\n'}
[10.002096] (my_interfaces) StdoutLine: {'line': b'-- Installing: /home/alex/Diplomatiki/install/my_interfaces/include/my_interfaces/my_interfaces/msg/rosidl_typesupport_fastrtps_c__visibility_control.h\n'}
[10.002142] (my_interfaces) StdoutLine: {'line': b'-- Up-to-date: /home/alex/Diplomatiki/install/my_interfaces/include/my_interfaces/my_interfaces/msg/detail\n'}
[10.002198] (my_interfaces) StdoutLine: {'line': b'-- Installing: /home/alex/Diplomatiki/install/my_interfaces/include/my_interfaces/my_interfaces/msg/detail/single_obstacle__rosidl_typesupport_fastrtps_c.h\n'}
[10.002288] (my_interfaces) StdoutLine: {'line': b'-- Installing: /home/alex/Diplomatiki/install/my_interfaces/include/my_interfaces/my_interfaces/msg/detail/multiple_target_estimates__rosidl_typesupport_fastrtps_c.h\n'}
[10.002391] (my_interfaces) StdoutLine: {'line': b'-- Installing: /home/alex/Diplomatiki/install/my_interfaces/include/my_interfaces/my_interfaces/msg/detail/ck_table__rosidl_typesupport_fastrtps_c.h\n'}
[10.002455] (my_interfaces) StdoutLine: {'line': b'-- Installing: /home/alex/Diplomatiki/install/my_interfaces/include/my_interfaces/my_interfaces/msg/detail/multiple_obstacles__rosidl_typesupport_fastrtps_c.h\n'}
[10.002502] (my_interfaces) StdoutLine: {'line': b'-- Installing: /home/alex/Diplomatiki/install/my_interfaces/include/my_interfaces/my_interfaces/msg/detail/single_target_estimate__rosidl_typesupport_fastrtps_c.h\n'}
[10.002549] (my_interfaces) StdoutLine: {'line': b'-- Installing: /home/alex/Diplomatiki/install/my_interfaces/include/my_interfaces/my_interfaces/msg/detail/agent_data__rosidl_typesupport_fastrtps_c.h\n'}
[10.002595] (my_interfaces) StdoutLine: {'line': b'-- Installing: /home/alex/Diplomatiki/install/my_interfaces/lib/libmy_interfaces__rosidl_typesupport_fastrtps_c.so\n'}
[10.002641] (my_interfaces) StdoutLine: {'line': b'-- Set runtime path of "/home/alex/Diplomatiki/install/my_interfaces/lib/libmy_interfaces__rosidl_typesupport_fastrtps_c.so" to ""\n'}
[10.002688] (my_interfaces) StdoutLine: {'line': b'-- Up-to-date: /home/alex/Diplomatiki/install/my_interfaces/include/my_interfaces/my_interfaces\n'}
[10.002734] (my_interfaces) StdoutLine: {'line': b'-- Up-to-date: /home/alex/Diplomatiki/install/my_interfaces/include/my_interfaces/my_interfaces/msg\n'}
[10.002781] (my_interfaces) StdoutLine: {'line': b'-- Up-to-date: /home/alex/Diplomatiki/install/my_interfaces/include/my_interfaces/my_interfaces/msg/detail\n'}
[10.002832] (my_interfaces) StdoutLine: {'line': b'-- Installing: /home/alex/Diplomatiki/install/my_interfaces/include/my_interfaces/my_interfaces/msg/detail/multiple_obstacles__rosidl_typesupport_introspection_c.h\n'}
[10.002884] (my_interfaces) StdoutLine: {'line': b'-- Installing: /home/alex/Diplomatiki/install/my_interfaces/include/my_interfaces/my_interfaces/msg/detail/ck_table__rosidl_typesupport_introspection_c.h\n'}
[10.002959] (my_interfaces) StdoutLine: {'line': b'-- Installing: /home/alex/Diplomatiki/install/my_interfaces/include/my_interfaces/my_interfaces/msg/detail/multiple_target_estimates__rosidl_typesupport_introspection_c.h\n'}
[10.003076] (my_interfaces) StdoutLine: {'line': b'-- Installing: /home/alex/Diplomatiki/install/my_interfaces/include/my_interfaces/my_interfaces/msg/detail/agent_data__rosidl_typesupport_introspection_c.h\n'}
[10.003125] (my_interfaces) StdoutLine: {'line': b'-- Installing: /home/alex/Diplomatiki/install/my_interfaces/include/my_interfaces/my_interfaces/msg/detail/ck_table__type_support.c\n'}
[10.003185] (my_interfaces) StdoutLine: {'line': b'-- Installing: /home/alex/Diplomatiki/install/my_interfaces/include/my_interfaces/my_interfaces/msg/detail/single_obstacle__rosidl_typesupport_introspection_c.h\n'}
[10.003256] (my_interfaces) StdoutLine: {'line': b'-- Installing: /home/alex/Diplomatiki/install/my_interfaces/include/my_interfaces/my_interfaces/msg/detail/multiple_obstacles__type_support.c\n'}
[10.003305] (my_interfaces) StdoutLine: {'line': b'-- Installing: /home/alex/Diplomatiki/install/my_interfaces/include/my_interfaces/my_interfaces/msg/detail/agent_data__type_support.c\n'}
[10.003353] (my_interfaces) StdoutLine: {'line': b'-- Installing: /home/alex/Diplomatiki/install/my_interfaces/include/my_interfaces/my_interfaces/msg/detail/single_obstacle__type_support.c\n'}
[10.003400] (my_interfaces) StdoutLine: {'line': b'-- Installing: /home/alex/Diplomatiki/install/my_interfaces/include/my_interfaces/my_interfaces/msg/detail/single_target_estimate__rosidl_typesupport_introspection_c.h\n'}
[10.003447] (my_interfaces) StdoutLine: {'line': b'-- Installing: /home/alex/Diplomatiki/install/my_interfaces/include/my_interfaces/my_interfaces/msg/detail/single_target_estimate__type_support.c\n'}
[10.003494] (my_interfaces) StdoutLine: {'line': b'-- Installing: /home/alex/Diplomatiki/install/my_interfaces/include/my_interfaces/my_interfaces/msg/detail/multiple_target_estimates__type_support.c\n'}
[10.003541] (my_interfaces) StdoutLine: {'line': b'-- Installing: /home/alex/Diplomatiki/install/my_interfaces/include/my_interfaces/my_interfaces/msg/rosidl_typesupport_introspection_c__visibility_control.h\n'}
[10.003629] (my_interfaces) StdoutLine: {'line': b'-- Installing: /home/alex/Diplomatiki/install/my_interfaces/lib/libmy_interfaces__rosidl_typesupport_introspection_c.so\n'}
[10.003679] (my_interfaces) StdoutLine: {'line': b'-- Set runtime path of "/home/alex/Diplomatiki/install/my_interfaces/lib/libmy_interfaces__rosidl_typesupport_introspection_c.so" to ""\n'}
[10.003725] (my_interfaces) StdoutLine: {'line': b'-- Installing: /home/alex/Diplomatiki/install/my_interfaces/lib/libmy_interfaces__rosidl_typesupport_c.so\n'}
[10.003821] (my_interfaces) StdoutLine: {'line': b'-- Set runtime path of "/home/alex/Diplomatiki/install/my_interfaces/lib/libmy_interfaces__rosidl_typesupport_c.so" to ""\n'}
[10.003870] (my_interfaces) StdoutLine: {'line': b'-- Up-to-date: /home/alex/Diplomatiki/install/my_interfaces/include/my_interfaces/my_interfaces\n'}
[10.003918] (my_interfaces) StdoutLine: {'line': b'-- Up-to-date: /home/alex/Diplomatiki/install/my_interfaces/include/my_interfaces/my_interfaces/msg\n'}
[10.003965] (my_interfaces) StdoutLine: {'line': b'-- Installing: /home/alex/Diplomatiki/install/my_interfaces/include/my_interfaces/my_interfaces/msg/ck_table.hpp\n'}
[10.004053] (my_interfaces) StdoutLine: {'line': b'-- Installing: /home/alex/Diplomatiki/install/my_interfaces/include/my_interfaces/my_interfaces/msg/multiple_obstacles.hpp\n'}
[10.004119] (my_interfaces) StdoutLine: {'line': b'-- Installing: /home/alex/Diplomatiki/install/my_interfaces/include/my_interfaces/my_interfaces/msg/rosidl_generator_cpp__visibility_control.hpp\n'}
[10.004189] (my_interfaces) StdoutLine: {'line': b'-- Installing: /home/alex/Diplomatiki/install/my_interfaces/include/my_interfaces/my_interfaces/msg/single_obstacle.hpp\n'}
[10.004272] (my_interfaces) StdoutLine: {'line': b'-- Installing: /home/alex/Diplomatiki/install/my_interfaces/include/my_interfaces/my_interfaces/msg/agent_data.hpp\n'}
[10.004330] (my_interfaces) StdoutLine: {'line': b'-- Installing: /home/alex/Diplomatiki/install/my_interfaces/include/my_interfaces/my_interfaces/msg/multiple_target_estimates.hpp\n'}
[10.004386] (my_interfaces) StdoutLine: {'line': b'-- Up-to-date: /home/alex/Diplomatiki/install/my_interfaces/include/my_interfaces/my_interfaces/msg/detail\n'}
[10.004432] (my_interfaces) StdoutLine: {'line': b'-- Installing: /home/alex/Diplomatiki/install/my_interfaces/include/my_interfaces/my_interfaces/msg/detail/multiple_target_estimates__traits.hpp\n'}
[10.004487] (my_interfaces) StdoutLine: {'line': b'-- Installing: /home/alex/Diplomatiki/install/my_interfaces/include/my_interfaces/my_interfaces/msg/detail/single_obstacle__builder.hpp\n'}
[10.004548] (my_interfaces) StdoutLine: {'line': b'-- Installing: /home/alex/Diplomatiki/install/my_interfaces/include/my_interfaces/my_interfaces/msg/detail/ck_table__traits.hpp\n'}
[10.004608] (my_interfaces) StdoutLine: {'line': b'-- Installing: /home/alex/Diplomatiki/install/my_interfaces/include/my_interfaces/my_interfaces/msg/detail/single_target_estimate__builder.hpp\n'}
[10.004667] (my_interfaces) StdoutLine: {'line': b'-- Installing: /home/alex/Diplomatiki/install/my_interfaces/include/my_interfaces/my_interfaces/msg/detail/multiple_obstacles__builder.hpp\n'}
[10.004725] (my_interfaces) StdoutLine: {'line': b'-- Installing: /home/alex/Diplomatiki/install/my_interfaces/include/my_interfaces/my_interfaces/msg/detail/ck_table__type_support.hpp\n'}
[10.004772] (my_interfaces) StdoutLine: {'line': b'-- Installing: /home/alex/Diplomatiki/install/my_interfaces/include/my_interfaces/my_interfaces/msg/detail/multiple_obstacles__type_support.hpp\n'}
[10.004827] (my_interfaces) StdoutLine: {'line': b'-- Installing: /home/alex/Diplomatiki/install/my_interfaces/include/my_interfaces/my_interfaces/msg/detail/single_target_estimate__traits.hpp\n'}
[10.004893] (my_interfaces) StdoutLine: {'line': b'-- Installing: /home/alex/Diplomatiki/install/my_interfaces/include/my_interfaces/my_interfaces/msg/detail/ck_table__struct.hpp\n'}
[10.004984] (my_interfaces) StdoutLine: {'line': b'-- Installing: /home/alex/Diplomatiki/install/my_interfaces/include/my_interfaces/my_interfaces/msg/detail/single_target_estimate__type_support.hpp\n'}
[10.005036] (my_interfaces) StdoutLine: {'line': b'-- Installing: /home/alex/Diplomatiki/install/my_interfaces/include/my_interfaces/my_interfaces/msg/detail/agent_data__struct.hpp\n'}
[10.005090] (my_interfaces) StdoutLine: {'line': b'-- Installing: /home/alex/Diplomatiki/install/my_interfaces/include/my_interfaces/my_interfaces/msg/detail/multiple_target_estimates__builder.hpp\n'}
[10.005170] (my_interfaces) StdoutLine: {'line': b'-- Installing: /home/alex/Diplomatiki/install/my_interfaces/include/my_interfaces/my_interfaces/msg/detail/single_obstacle__struct.hpp\n'}
[10.005250] (my_interfaces) StdoutLine: {'line': b'-- Installing: /home/alex/Diplomatiki/install/my_interfaces/include/my_interfaces/my_interfaces/msg/detail/multiple_obstacles__struct.hpp\n'}
[10.005301] (my_interfaces) StdoutLine: {'line': b'-- Installing: /home/alex/Diplomatiki/install/my_interfaces/include/my_interfaces/my_interfaces/msg/detail/multiple_obstacles__traits.hpp\n'}
[10.005392] (my_interfaces) StdoutLine: {'line': b'-- Installing: /home/alex/Diplomatiki/install/my_interfaces/include/my_interfaces/my_interfaces/msg/detail/multiple_target_estimates__type_support.hpp\n'}
[10.005443] (my_interfaces) StdoutLine: {'line': b'-- Installing: /home/alex/Diplomatiki/install/my_interfaces/include/my_interfaces/my_interfaces/msg/detail/multiple_target_estimates__struct.hpp\n'}
[10.005509] (my_interfaces) StdoutLine: {'line': b'-- Installing: /home/alex/Diplomatiki/install/my_interfaces/include/my_interfaces/my_interfaces/msg/detail/ck_table__builder.hpp\n'}
[10.005584] (my_interfaces) StdoutLine: {'line': b'-- Installing: /home/alex/Diplomatiki/install/my_interfaces/include/my_interfaces/my_interfaces/msg/detail/agent_data__type_support.hpp\n'}
[10.005664] (my_interfaces) StdoutLine: {'line': b'-- Installing: /home/alex/Diplomatiki/install/my_interfaces/include/my_interfaces/my_interfaces/msg/detail/single_obstacle__traits.hpp\n'}
[10.005740] (my_interfaces) StdoutLine: {'line': b'-- Installing: /home/alex/Diplomatiki/install/my_interfaces/include/my_interfaces/my_interfaces/msg/detail/single_target_estimate__struct.hpp\n'}
[10.005820] (my_interfaces) StdoutLine: {'line': b'-- Installing: /home/alex/Diplomatiki/install/my_interfaces/include/my_interfaces/my_interfaces/msg/detail/agent_data__traits.hpp\n'}
[10.005893] (my_interfaces) StdoutLine: {'line': b'-- Installing: /home/alex/Diplomatiki/install/my_interfaces/include/my_interfaces/my_interfaces/msg/detail/single_obstacle__type_support.hpp\n'}
[10.005950] (my_interfaces) StdoutLine: {'line': b'-- Installing: /home/alex/Diplomatiki/install/my_interfaces/include/my_interfaces/my_interfaces/msg/detail/agent_data__builder.hpp\n'}
[10.006018] (my_interfaces) StdoutLine: {'line': b'-- Installing: /home/alex/Diplomatiki/install/my_interfaces/include/my_interfaces/my_interfaces/msg/single_target_estimate.hpp\n'}
[10.006099] (my_interfaces) StdoutLine: {'line': b'-- Up-to-date: /home/alex/Diplomatiki/install/my_interfaces/include/my_interfaces/my_interfaces\n'}
[10.006199] (my_interfaces) StdoutLine: {'line': b'-- Up-to-date: /home/alex/Diplomatiki/install/my_interfaces/include/my_interfaces/my_interfaces/msg\n'}
[10.006279] (my_interfaces) StdoutLine: {'line': b'-- Installing: /home/alex/Diplomatiki/install/my_interfaces/include/my_interfaces/my_interfaces/msg/rosidl_typesupport_fastrtps_cpp__visibility_control.h\n'}
[10.006336] (my_interfaces) StdoutLine: {'line': b'-- Up-to-date: /home/alex/Diplomatiki/install/my_interfaces/include/my_interfaces/my_interfaces/msg/detail\n'}
[10.006428] (my_interfaces) StdoutLine: {'line': b'-- Installing: /home/alex/Diplomatiki/install/my_interfaces/include/my_interfaces/my_interfaces/msg/detail/dds_fastrtps\n'}
[10.006484] (my_interfaces) StdoutLine: {'line': b'-- Installing: /home/alex/Diplomatiki/install/my_interfaces/include/my_interfaces/my_interfaces/msg/detail/single_obstacle__rosidl_typesupport_fastrtps_cpp.hpp\n'}
[10.006562] (my_interfaces) StdoutLine: {'line': b'-- Installing: /home/alex/Diplomatiki/install/my_interfaces/include/my_interfaces/my_interfaces/msg/detail/agent_data__rosidl_typesupport_fastrtps_cpp.hpp\n'}
[10.006630] (my_interfaces) StdoutLine: {'line': b'-- Installing: /home/alex/Diplomatiki/install/my_interfaces/include/my_interfaces/my_interfaces/msg/detail/multiple_obstacles__rosidl_typesupport_fastrtps_cpp.hpp\n'}
[10.006678] (my_interfaces) StdoutLine: {'line': b'-- Installing: /home/alex/Diplomatiki/install/my_interfaces/include/my_interfaces/my_interfaces/msg/detail/single_target_estimate__rosidl_typesupport_fastrtps_cpp.hpp\n'}
[10.006737] (my_interfaces) StdoutLine: {'line': b'-- Installing: /home/alex/Diplomatiki/install/my_interfaces/include/my_interfaces/my_interfaces/msg/detail/multiple_target_estimates__rosidl_typesupport_fastrtps_cpp.hpp\n'}
[10.006816] (my_interfaces) StdoutLine: {'line': b'-- Installing: /home/alex/Diplomatiki/install/my_interfaces/include/my_interfaces/my_interfaces/msg/detail/ck_table__rosidl_typesupport_fastrtps_cpp.hpp\n'}
[10.006879] (my_interfaces) StdoutLine: {'line': b'-- Installing: /home/alex/Diplomatiki/install/my_interfaces/lib/libmy_interfaces__rosidl_typesupport_fastrtps_cpp.so\n'}
[10.007449] (my_interfaces) StdoutLine: {'line': b'-- Set runtime path of "/home/alex/Diplomatiki/install/my_interfaces/lib/libmy_interfaces__rosidl_typesupport_fastrtps_cpp.so" to ""\n'}
[10.007623] (my_interfaces) StdoutLine: {'line': b'-- Up-to-date: /home/alex/Diplomatiki/install/my_interfaces/include/my_interfaces/my_interfaces\n'}
[10.007673] (my_interfaces) StdoutLine: {'line': b'-- Up-to-date: /home/alex/Diplomatiki/install/my_interfaces/include/my_interfaces/my_interfaces/msg\n'}
[10.007727] (my_interfaces) StdoutLine: {'line': b'-- Up-to-date: /home/alex/Diplomatiki/install/my_interfaces/include/my_interfaces/my_interfaces/msg/detail\n'}
[10.007779] (my_interfaces) StdoutLine: {'line': b'-- Installing: /home/alex/Diplomatiki/install/my_interfaces/include/my_interfaces/my_interfaces/msg/detail/agent_data__rosidl_typesupport_introspection_cpp.hpp\n'}
[10.007832] (my_interfaces) StdoutLine: {'line': b'-- Installing: /home/alex/Diplomatiki/install/my_interfaces/include/my_interfaces/my_interfaces/msg/detail/single_target_estimate__type_support.cpp\n'}
[10.007890] (my_interfaces) StdoutLine: {'line': b'-- Installing: /home/alex/Diplomatiki/install/my_interfaces/include/my_interfaces/my_interfaces/msg/detail/multiple_target_estimates__type_support.cpp\n'}
[10.008002] (my_interfaces) StdoutLine: {'line': b'-- Installing: /home/alex/Diplomatiki/install/my_interfaces/include/my_interfaces/my_interfaces/msg/detail/single_obstacle__rosidl_typesupport_introspection_cpp.hpp\n'}
[10.008135] (my_interfaces) StdoutLine: {'line': b'-- Installing: /home/alex/Diplomatiki/install/my_interfaces/include/my_interfaces/my_interfaces/msg/detail/multiple_target_estimates__rosidl_typesupport_introspection_cpp.hpp\n'}
[10.008239] (my_interfaces) StdoutLine: {'line': b'-- Installing: /home/alex/Diplomatiki/install/my_interfaces/include/my_interfaces/my_interfaces/msg/detail/single_target_estimate__rosidl_typesupport_introspection_cpp.hpp\n'}
[10.008322] (my_interfaces) StdoutLine: {'line': b'-- Installing: /home/alex/Diplomatiki/install/my_interfaces/include/my_interfaces/my_interfaces/msg/detail/ck_table__rosidl_typesupport_introspection_cpp.hpp\n'}
[10.008377] (my_interfaces) StdoutLine: {'line': b'-- Installing: /home/alex/Diplomatiki/install/my_interfaces/include/my_interfaces/my_interfaces/msg/detail/single_obstacle__type_support.cpp\n'}
[10.008429] (my_interfaces) StdoutLine: {'line': b'-- Installing: /home/alex/Diplomatiki/install/my_interfaces/include/my_interfaces/my_interfaces/msg/detail/ck_table__type_support.cpp\n'}
[10.008483] (my_interfaces) StdoutLine: {'line': b'-- Installing: /home/alex/Diplomatiki/install/my_interfaces/include/my_interfaces/my_interfaces/msg/detail/multiple_obstacles__type_support.cpp\n'}
[10.008592] (my_interfaces) StdoutLine: {'line': b'-- Installing: /home/alex/Diplomatiki/install/my_interfaces/include/my_interfaces/my_interfaces/msg/detail/multiple_obstacles__rosidl_typesupport_introspection_cpp.hpp\n'}
[10.008649] (my_interfaces) StdoutLine: {'line': b'-- Installing: /home/alex/Diplomatiki/install/my_interfaces/include/my_interfaces/my_interfaces/msg/detail/agent_data__type_support.cpp\n'}
[10.008698] (my_interfaces) StdoutLine: {'line': b'-- Installing: /home/alex/Diplomatiki/install/my_interfaces/lib/libmy_interfaces__rosidl_typesupport_introspection_cpp.so\n'}
[10.008905] (my_interfaces) StdoutLine: {'line': b'-- Set runtime path of "/home/alex/Diplomatiki/install/my_interfaces/lib/libmy_interfaces__rosidl_typesupport_introspection_cpp.so" to ""\n'}
[10.008993] (my_interfaces) StdoutLine: {'line': b'-- Installing: /home/alex/Diplomatiki/install/my_interfaces/lib/libmy_interfaces__rosidl_typesupport_cpp.so\n'}
[10.009214] (my_interfaces) StdoutLine: {'line': b'-- Set runtime path of "/home/alex/Diplomatiki/install/my_interfaces/lib/libmy_interfaces__rosidl_typesupport_cpp.so" to ""\n'}
[10.009310] (my_interfaces) StdoutLine: {'line': b'-- Installing: /home/alex/Diplomatiki/install/my_interfaces/share/my_interfaces/environment/pythonpath.sh\n'}
[10.009388] (my_interfaces) StdoutLine: {'line': b'-- Installing: /home/alex/Diplomatiki/install/my_interfaces/share/my_interfaces/environment/pythonpath.dsv\n'}
[10.009521] (my_interfaces) StdoutLine: {'line': b'-- Installing: /home/alex/Diplomatiki/install/my_interfaces/local/lib/python3.10/dist-packages/my_interfaces-0.0.0-py3.10.egg-info\n'}
[10.009660] (my_interfaces) StdoutLine: {'line': b'-- Installing: /home/alex/Diplomatiki/install/my_interfaces/local/lib/python3.10/dist-packages/my_interfaces-0.0.0-py3.10.egg-info/SOURCES.txt\n'}
[10.009723] (my_interfaces) StdoutLine: {'line': b'-- Installing: /home/alex/Diplomatiki/install/my_interfaces/local/lib/python3.10/dist-packages/my_interfaces-0.0.0-py3.10.egg-info/dependency_links.txt\n'}
[10.009822] (my_interfaces) StdoutLine: {'line': b'-- Installing: /home/alex/Diplomatiki/install/my_interfaces/local/lib/python3.10/dist-packages/my_interfaces-0.0.0-py3.10.egg-info/PKG-INFO\n'}
[10.009881] (my_interfaces) StdoutLine: {'line': b'-- Installing: /home/alex/Diplomatiki/install/my_interfaces/local/lib/python3.10/dist-packages/my_interfaces-0.0.0-py3.10.egg-info/top_level.txt\n'}
[10.010001] (my_interfaces) StdoutLine: {'line': b'-- Installing: /home/alex/Diplomatiki/install/my_interfaces/local/lib/python3.10/dist-packages/my_interfaces\n'}
[10.010057] (my_interfaces) StdoutLine: {'line': b'-- Installing: /home/alex/Diplomatiki/install/my_interfaces/local/lib/python3.10/dist-packages/my_interfaces/msg\n'}
[10.010112] (my_interfaces) StdoutLine: {'line': b'-- Installing: /home/alex/Diplomatiki/install/my_interfaces/local/lib/python3.10/dist-packages/my_interfaces/msg/_multiple_obstacles.py\n'}
[10.010233] (my_interfaces) StdoutLine: {'line': b'-- Installing: /home/alex/Diplomatiki/install/my_interfaces/local/lib/python3.10/dist-packages/my_interfaces/msg/__init__.py\n'}
[10.010324] (my_interfaces) StdoutLine: {'line': b'-- Installing: /home/alex/Diplomatiki/install/my_interfaces/local/lib/python3.10/dist-packages/my_interfaces/msg/_agent_data.py\n'}
[10.010379] (my_interfaces) StdoutLine: {'line': b'-- Installing: /home/alex/Diplomatiki/install/my_interfaces/local/lib/python3.10/dist-packages/my_interfaces/msg/_agent_data_s.c\n'}
[10.010485] (my_interfaces) StdoutLine: {'line': b'-- Installing: /home/alex/Diplomatiki/install/my_interfaces/local/lib/python3.10/dist-packages/my_interfaces/msg/_ck_table.py\n'}
[10.010545] (my_interfaces) StdoutLine: {'line': b'-- Installing: /home/alex/Diplomatiki/install/my_interfaces/local/lib/python3.10/dist-packages/my_interfaces/msg/_ck_table_s.c\n'}
[10.010640] (my_interfaces) StdoutLine: {'line': b'-- Installing: /home/alex/Diplomatiki/install/my_interfaces/local/lib/python3.10/dist-packages/my_interfaces/msg/_multiple_obstacles_s.c\n'}
[10.010774] (my_interfaces) StdoutLine: {'line': b'-- Installing: /home/alex/Diplomatiki/install/my_interfaces/local/lib/python3.10/dist-packages/my_interfaces/msg/_single_target_estimate_s.c\n'}
[10.010832] (my_interfaces) StdoutLine: {'line': b'-- Installing: /home/alex/Diplomatiki/install/my_interfaces/local/lib/python3.10/dist-packages/my_interfaces/msg/_single_obstacle_s.c\n'}
[10.010889] (my_interfaces) StdoutLine: {'line': b'-- Installing: /home/alex/Diplomatiki/install/my_interfaces/local/lib/python3.10/dist-packages/my_interfaces/msg/_single_target_estimate.py\n'}
[10.010989] (my_interfaces) StdoutLine: {'line': b'-- Installing: /home/alex/Diplomatiki/install/my_interfaces/local/lib/python3.10/dist-packages/my_interfaces/msg/_single_obstacle.py\n'}
[10.011045] (my_interfaces) StdoutLine: {'line': b'-- Installing: /home/alex/Diplomatiki/install/my_interfaces/local/lib/python3.10/dist-packages/my_interfaces/msg/_multiple_target_estimates.py\n'}
[10.011144] (my_interfaces) StdoutLine: {'line': b'-- Installing: /home/alex/Diplomatiki/install/my_interfaces/local/lib/python3.10/dist-packages/my_interfaces/msg/_multiple_target_estimates_s.c\n'}
[10.011244] (my_interfaces) StdoutLine: {'line': b'-- Installing: /home/alex/Diplomatiki/install/my_interfaces/local/lib/python3.10/dist-packages/my_interfaces/__init__.py\n'}
[10.011299] (my_interfaces) StdoutLine: {'line': b'-- Installing: /home/alex/Diplomatiki/install/my_interfaces/local/lib/python3.10/dist-packages/my_interfaces/libmy_interfaces__rosidl_generator_py.so\n'}
[10.011378] (my_interfaces) StdoutLine: {'line': b'-- Installing: /home/alex/Diplomatiki/install/my_interfaces/local/lib/python3.10/dist-packages/my_interfaces/_my_interfaces_s.ep.rosidl_typesupport_c.c\n'}
[10.011463] (my_interfaces) StdoutLine: {'line': b'-- Installing: /home/alex/Diplomatiki/install/my_interfaces/local/lib/python3.10/dist-packages/my_interfaces/my_interfaces_s__rosidl_typesupport_fastrtps_c.cpython-310-x86_64-linux-gnu.so\n'}
[10.011553] (my_interfaces) StdoutLine: {'line': b'-- Installing: /home/alex/Diplomatiki/install/my_interfaces/local/lib/python3.10/dist-packages/my_interfaces/_my_interfaces_s.ep.rosidl_typesupport_introspection_c.c\n'}
[10.011639] (my_interfaces) StdoutLine: {'line': b'-- Installing: /home/alex/Diplomatiki/install/my_interfaces/local/lib/python3.10/dist-packages/my_interfaces/my_interfaces_s__rosidl_typesupport_c.cpython-310-x86_64-linux-gnu.so\n'}
[10.011732] (my_interfaces) StdoutLine: {'line': b'-- Installing: /home/alex/Diplomatiki/install/my_interfaces/local/lib/python3.10/dist-packages/my_interfaces/_my_interfaces_s.ep.rosidl_typesupport_fastrtps_c.c\n'}
[10.011808] (my_interfaces) StdoutLine: {'line': b'-- Installing: /home/alex/Diplomatiki/install/my_interfaces/local/lib/python3.10/dist-packages/my_interfaces/my_interfaces_s__rosidl_typesupport_introspection_c.cpython-310-x86_64-linux-gnu.so\n'}
[10.044378] (my_interfaces) StdoutLine: {'line': b"Listing '/home/alex/Diplomatiki/install/my_interfaces/local/lib/python3.10/dist-packages/my_interfaces'...\n"}
[10.044663] (my_interfaces) StdoutLine: {'line': b"Compiling '/home/alex/Diplomatiki/install/my_interfaces/local/lib/python3.10/dist-packages/my_interfaces/__init__.py'...\n"}
[10.044806] (my_interfaces) StdoutLine: {'line': b"Listing '/home/alex/Diplomatiki/install/my_interfaces/local/lib/python3.10/dist-packages/my_interfaces/msg'...\n"}
[10.044931] (my_interfaces) StdoutLine: {'line': b"Compiling '/home/alex/Diplomatiki/install/my_interfaces/local/lib/python3.10/dist-packages/my_interfaces/msg/__init__.py'...\n"}
[10.045054] (my_interfaces) StdoutLine: {'line': b"Compiling '/home/alex/Diplomatiki/install/my_interfaces/local/lib/python3.10/dist-packages/my_interfaces/msg/_agent_data.py'...\n"}
[10.045197] (my_interfaces) StdoutLine: {'line': b"Compiling '/home/alex/Diplomatiki/install/my_interfaces/local/lib/python3.10/dist-packages/my_interfaces/msg/_ck_table.py'...\n"}
[10.045335] (my_interfaces) StdoutLine: {'line': b"Compiling '/home/alex/Diplomatiki/install/my_interfaces/local/lib/python3.10/dist-packages/my_interfaces/msg/_multiple_obstacles.py'...\n"}
[10.045457] (my_interfaces) StdoutLine: {'line': b"Compiling '/home/alex/Diplomatiki/install/my_interfaces/local/lib/python3.10/dist-packages/my_interfaces/msg/_multiple_target_estimates.py'...\n"}
[10.045577] (my_interfaces) StdoutLine: {'line': b"Compiling '/home/alex/Diplomatiki/install/my_interfaces/local/lib/python3.10/dist-packages/my_interfaces/msg/_single_obstacle.py'...\n"}
[10.045698] (my_interfaces) StdoutLine: {'line': b"Compiling '/home/alex/Diplomatiki/install/my_interfaces/local/lib/python3.10/dist-packages/my_interfaces/msg/_single_target_estimate.py'...\n"}
[10.048781] (my_interfaces) StdoutLine: {'line': b'-- Installing: /home/alex/Diplomatiki/install/my_interfaces/local/lib/python3.10/dist-packages/my_interfaces/my_interfaces_s__rosidl_typesupport_fastrtps_c.cpython-310-x86_64-linux-gnu.so\n'}
[10.049280] (my_interfaces) StdoutLine: {'line': b'-- Set runtime path of "/home/alex/Diplomatiki/install/my_interfaces/local/lib/python3.10/dist-packages/my_interfaces/my_interfaces_s__rosidl_typesupport_fastrtps_c.cpython-310-x86_64-linux-gnu.so" to ""\n'}
[10.049661] (my_interfaces) StdoutLine: {'line': b'-- Installing: /home/alex/Diplomatiki/install/my_interfaces/local/lib/python3.10/dist-packages/my_interfaces/my_interfaces_s__rosidl_typesupport_introspection_c.cpython-310-x86_64-linux-gnu.so\n'}
[10.049931] (my_interfaces) StdoutLine: {'line': b'-- Set runtime path of "/home/alex/Diplomatiki/install/my_interfaces/local/lib/python3.10/dist-packages/my_interfaces/my_interfaces_s__rosidl_typesupport_introspection_c.cpython-310-x86_64-linux-gnu.so" to ""\n'}
[10.050193] (my_interfaces) StdoutLine: {'line': b'-- Installing: /home/alex/Diplomatiki/install/my_interfaces/local/lib/python3.10/dist-packages/my_interfaces/my_interfaces_s__rosidl_typesupport_c.cpython-310-x86_64-linux-gnu.so\n'}
[10.050705] (my_interfaces) StdoutLine: {'line': b'-- Set runtime path of "/home/alex/Diplomatiki/install/my_interfaces/local/lib/python3.10/dist-packages/my_interfaces/my_interfaces_s__rosidl_typesupport_c.cpython-310-x86_64-linux-gnu.so" to ""\n'}
[10.050902] (my_interfaces) StdoutLine: {'line': b'-- Installing: /home/alex/Diplomatiki/install/my_interfaces/lib/libmy_interfaces__rosidl_generator_py.so\n'}
[10.051156] (my_interfaces) StdoutLine: {'line': b'-- Set runtime path of "/home/alex/Diplomatiki/install/my_interfaces/lib/libmy_interfaces__rosidl_generator_py.so" to ""\n'}
[10.051360] (my_interfaces) StdoutLine: {'line': b'-- Installing: /home/alex/Diplomatiki/install/my_interfaces/share/my_interfaces/msg/CkTable.idl\n'}
[10.051495] (my_interfaces) StdoutLine: {'line': b'-- Installing: /home/alex/Diplomatiki/install/my_interfaces/share/my_interfaces/msg/AgentData.idl\n'}
[10.051724] (my_interfaces) StdoutLine: {'line': b'-- Installing: /home/alex/Diplomatiki/install/my_interfaces/share/my_interfaces/msg/SingleObstacle.idl\n'}
[10.051927] (my_interfaces) StdoutLine: {'line': b'-- Installing: /home/alex/Diplomatiki/install/my_interfaces/share/my_interfaces/msg/MultipleObstacles.idl\n'}
[10.052072] (my_interfaces) StdoutLine: {'line': b'-- Installing: /home/alex/Diplomatiki/install/my_interfaces/share/my_interfaces/msg/SingleTargetEstimate.idl\n'}
[10.052219] (my_interfaces) StdoutLine: {'line': b'-- Installing: /home/alex/Diplomatiki/install/my_interfaces/share/my_interfaces/msg/MultipleTargetEstimates.idl\n'}
[10.052459] (my_interfaces) StdoutLine: {'line': b'-- Installing: /home/alex/Diplomatiki/install/my_interfaces/share/my_interfaces/msg/CkTable.msg\n'}
[10.052591] (my_interfaces) StdoutLine: {'line': b'-- Installing: /home/alex/Diplomatiki/install/my_interfaces/share/my_interfaces/msg/AgentData.msg\n'}
[10.052718] (my_interfaces) StdoutLine: {'line': b'-- Installing: /home/alex/Diplomatiki/install/my_interfaces/share/my_interfaces/msg/SingleObstacle.msg\n'}
[10.052845] (my_interfaces) StdoutLine: {'line': b'-- Installing: /home/alex/Diplomatiki/install/my_interfaces/share/my_interfaces/msg/MultipleObstacles.msg\n'}
[10.053058] (my_interfaces) StdoutLine: {'line': b'-- Installing: /home/alex/Diplomatiki/install/my_interfaces/share/my_interfaces/msg/SingleTargetEstimate.msg\n'}
[10.053285] (my_interfaces) StdoutLine: {'line': b'-- Installing: /home/alex/Diplomatiki/install/my_interfaces/share/my_interfaces/msg/MultipleTargetEstimates.msg\n'}
[10.053428] (my_interfaces) StdoutLine: {'line': b'-- Installing: /home/alex/Diplomatiki/install/my_interfaces/share/ament_index/resource_index/package_run_dependencies/my_interfaces\n'}
[10.053559] (my_interfaces) StdoutLine: {'line': b'-- Installing: /home/alex/Diplomatiki/install/my_interfaces/share/ament_index/resource_index/parent_prefix_path/my_interfaces\n'}
[10.053688] (my_interfaces) StdoutLine: {'line': b'-- Installing: /home/alex/Diplomatiki/install/my_interfaces/share/my_interfaces/environment/ament_prefix_path.sh\n'}
[10.053816] (my_interfaces) StdoutLine: {'line': b'-- Installing: /home/alex/Diplomatiki/install/my_interfaces/share/my_interfaces/environment/ament_prefix_path.dsv\n'}
[10.053942] (my_interfaces) StdoutLine: {'line': b'-- Installing: /home/alex/Diplomatiki/install/my_interfaces/share/my_interfaces/environment/path.sh\n'}
[10.054070] (my_interfaces) StdoutLine: {'line': b'-- Installing: /home/alex/Diplomatiki/install/my_interfaces/share/my_interfaces/environment/path.dsv\n'}
[10.054215] (my_interfaces) StdoutLine: {'line': b'-- Installing: /home/alex/Diplomatiki/install/my_interfaces/share/my_interfaces/local_setup.bash\n'}
[10.054470] (my_interfaces) StdoutLine: {'line': b'-- Installing: /home/alex/Diplomatiki/install/my_interfaces/share/my_interfaces/local_setup.sh\n'}
[10.054603] (my_interfaces) StdoutLine: {'line': b'-- Installing: /home/alex/Diplomatiki/install/my_interfaces/share/my_interfaces/local_setup.zsh\n'}
[10.054729] (my_interfaces) StdoutLine: {'line': b'-- Installing: /home/alex/Diplomatiki/install/my_interfaces/share/my_interfaces/local_setup.dsv\n'}
[10.054855] (my_interfaces) StdoutLine: {'line': b'-- Installing: /home/alex/Diplomatiki/install/my_interfaces/share/my_interfaces/package.dsv\n'}
[10.054980] (my_interfaces) StdoutLine: {'line': b'-- Installing: /home/alex/Diplomatiki/install/my_interfaces/share/ament_index/resource_index/packages/my_interfaces\n'}
[10.055105] (my_interfaces) StdoutLine: {'line': b'-- Installing: /home/alex/Diplomatiki/install/my_interfaces/share/my_interfaces/cmake/export_my_interfaces__rosidl_generator_cExport.cmake\n'}
[10.055346] (my_interfaces) StdoutLine: {'line': b'-- Installing: /home/alex/Diplomatiki/install/my_interfaces/share/my_interfaces/cmake/export_my_interfaces__rosidl_generator_cExport-noconfig.cmake\n'}
[10.055485] (my_interfaces) StdoutLine: {'line': b'-- Installing: /home/alex/Diplomatiki/install/my_interfaces/share/my_interfaces/cmake/export_my_interfaces__rosidl_typesupport_fastrtps_cExport.cmake\n'}
[10.055612] (my_interfaces) StdoutLine: {'line': b'-- Installing: /home/alex/Diplomatiki/install/my_interfaces/share/my_interfaces/cmake/export_my_interfaces__rosidl_typesupport_fastrtps_cExport-noconfig.cmake\n'}
[10.055737] (my_interfaces) StdoutLine: {'line': b'-- Installing: /home/alex/Diplomatiki/install/my_interfaces/share/my_interfaces/cmake/my_interfaces__rosidl_typesupport_introspection_cExport.cmake\n'}
[10.055863] (my_interfaces) StdoutLine: {'line': b'-- Installing: /home/alex/Diplomatiki/install/my_interfaces/share/my_interfaces/cmake/my_interfaces__rosidl_typesupport_introspection_cExport-noconfig.cmake\n'}
[10.055988] (my_interfaces) StdoutLine: {'line': b'-- Installing: /home/alex/Diplomatiki/install/my_interfaces/share/my_interfaces/cmake/my_interfaces__rosidl_typesupport_cExport.cmake\n'}
[10.056115] (my_interfaces) StdoutLine: {'line': b'-- Installing: /home/alex/Diplomatiki/install/my_interfaces/share/my_interfaces/cmake/my_interfaces__rosidl_typesupport_cExport-noconfig.cmake\n'}
[10.056269] (my_interfaces) StdoutLine: {'line': b'-- Installing: /home/alex/Diplomatiki/install/my_interfaces/share/my_interfaces/cmake/export_my_interfaces__rosidl_generator_cppExport.cmake\n'}
[10.056403] (my_interfaces) StdoutLine: {'line': b'-- Installing: /home/alex/Diplomatiki/install/my_interfaces/share/my_interfaces/cmake/export_my_interfaces__rosidl_typesupport_fastrtps_cppExport.cmake\n'}
[10.056531] (my_interfaces) StdoutLine: {'line': b'-- Installing: /home/alex/Diplomatiki/install/my_interfaces/share/my_interfaces/cmake/export_my_interfaces__rosidl_typesupport_fastrtps_cppExport-noconfig.cmake\n'}
[10.056656] (my_interfaces) StdoutLine: {'line': b'-- Installing: /home/alex/Diplomatiki/install/my_interfaces/share/my_interfaces/cmake/my_interfaces__rosidl_typesupport_introspection_cppExport.cmake\n'}
[10.056783] (my_interfaces) StdoutLine: {'line': b'-- Installing: /home/alex/Diplomatiki/install/my_interfaces/share/my_interfaces/cmake/my_interfaces__rosidl_typesupport_introspection_cppExport-noconfig.cmake\n'}
[10.056908] (my_interfaces) StdoutLine: {'line': b'-- Installing: /home/alex/Diplomatiki/install/my_interfaces/share/my_interfaces/cmake/my_interfaces__rosidl_typesupport_cppExport.cmake\n'}
[10.057036] (my_interfaces) StdoutLine: {'line': b'-- Installing: /home/alex/Diplomatiki/install/my_interfaces/share/my_interfaces/cmake/my_interfaces__rosidl_typesupport_cppExport-noconfig.cmake\n'}
[10.057163] (my_interfaces) StdoutLine: {'line': b'-- Installing: /home/alex/Diplomatiki/install/my_interfaces/share/my_interfaces/cmake/export_my_interfaces__rosidl_generator_pyExport.cmake\n'}
[10.057390] (my_interfaces) StdoutLine: {'line': b'-- Installing: /home/alex/Diplomatiki/install/my_interfaces/share/my_interfaces/cmake/export_my_interfaces__rosidl_generator_pyExport-noconfig.cmake\n'}
[10.057660] (my_interfaces) StdoutLine: {'line': b'-- Installing: /home/alex/Diplomatiki/install/my_interfaces/share/my_interfaces/cmake/rosidl_cmake-extras.cmake\n'}
[10.057899] (my_interfaces) StdoutLine: {'line': b'-- Installing: /home/alex/Diplomatiki/install/my_interfaces/share/my_interfaces/cmake/ament_cmake_export_dependencies-extras.cmake\n'}
[10.058033] (my_interfaces) StdoutLine: {'line': b'-- Installing: /home/alex/Diplomatiki/install/my_interfaces/share/my_interfaces/cmake/ament_cmake_export_include_directories-extras.cmake\n'}
[10.058162] (my_interfaces) StdoutLine: {'line': b'-- Installing: /home/alex/Diplomatiki/install/my_interfaces/share/my_interfaces/cmake/ament_cmake_export_libraries-extras.cmake\n'}
[10.058507] (my_interfaces) StdoutLine: {'line': b'-- Installing: /home/alex/Diplomatiki/install/my_interfaces/share/my_interfaces/cmake/ament_cmake_export_targets-extras.cmake\n'}
[10.058646] (my_interfaces) StdoutLine: {'line': b'-- Installing: /home/alex/Diplomatiki/install/my_interfaces/share/my_interfaces/cmake/rosidl_cmake_export_typesupport_targets-extras.cmake\n'}
[10.058774] (my_interfaces) StdoutLine: {'line': b'-- Installing: /home/alex/Diplomatiki/install/my_interfaces/share/my_interfaces/cmake/rosidl_cmake_export_typesupport_libraries-extras.cmake\n'}
[10.058901] (my_interfaces) StdoutLine: {'line': b'-- Installing: /home/alex/Diplomatiki/install/my_interfaces/share/my_interfaces/cmake/my_interfacesConfig.cmake\n'}
[10.059026] (my_interfaces) StdoutLine: {'line': b'-- Installing: /home/alex/Diplomatiki/install/my_interfaces/share/my_interfaces/cmake/my_interfacesConfig-version.cmake\n'}
[10.059151] (my_interfaces) StdoutLine: {'line': b'-- Installing: /home/alex/Diplomatiki/install/my_interfaces/share/my_interfaces/package.xml\n'}
[10.059960] (my_interfaces) CommandEnded: {'returncode': 0}
[10.078050] (my_interfaces) JobEnded: {'identifier': 'my_interfaces', 'rc': 0}
[10.078869] (-) TimerEvent: {}
[10.079088] (ergodic_exploration) JobStarted: {'identifier': 'ergodic_exploration'}
[10.179045] (-) TimerEvent: {}
[10.279423] (-) TimerEvent: {}
[10.379770] (-) TimerEvent: {}
[10.480209] (-) TimerEvent: {}
[10.580629] (-) TimerEvent: {}
[10.649291] (ergodic_exploration) Command: {'cmd': ['/usr/bin/python3', '-W', 'ignore:setup.py install is deprecated', '-W', 'ignore:easy_install command is deprecated', 'setup.py', 'egg_info', '--egg-base', '../../build/ergodic_exploration', 'build', '--build-base', '/home/alex/Diplomatiki/build/ergodic_exploration/build', 'install', '--record', '/home/alex/Diplomatiki/build/ergodic_exploration/install.log', '--single-version-externally-managed', 'install_data'], 'cwd': '/home/alex/Diplomatiki/src/ergodic_exploration', 'env': {'LESSOPEN': '| /usr/bin/lesspipe %s', 'PYTHONWARNINGS': 'ignore::UserWarning:google.protobuf', 'USER': 'alex', 'LC_TIME': 'el_GR.UTF-8', 'XDG_SESSION_TYPE': 'wayland', 'SHLVL': '2', 'LD_LIBRARY_PATH': '/home/alex/Diplomatiki/install/my_interfaces/lib:/opt/ros/humble/opt/rviz_ogre_vendor/lib:/opt/ros/humble/lib/x86_64-linux-gnu:/opt/ros/humble/lib', 'HOME': '/home/alex', 'OLDPWD': '/home/alex', 'DESKTOP_SESSION': 'ubuntu', 'ROS_PYTHON_VERSION': '3', 'GNOME_SHELL_SESSION_MODE': 'ubuntu', 'GTK_MODULES': 'gail:atk-bridge', 'LC_MONETARY': 'el_GR.UTF-8', 'MANAGERPID': '1422', 'SYSTEMD_EXEC_PID': '1777', 'DBUS_SESSION_BUS_ADDRESS': 'unix:path=/run/user/1000/bus', 'COLORTERM': 'truecolor', 'GIO_LAUNCHED_DESKTOP_FILE_PID': '10515', 'IM_CONFIG_PHASE': '1', 'WAYLAND_DISPLAY': 'wayland-0', 'ROS_DISTRO': 'humble', 'LOGNAME': 'alex', '_': '/usr/bin/colcon', 'JOURNAL_STREAM': '8:15638', 'ROS_VERSION': '2', 'XDG_SESSION_CLASS': 'user', 'USERNAME': 'alex', 'TERM': 'xterm-256color', 'GNOME_DESKTOP_SESSION_ID': 'this-is-deprecated', 'ROS_LOCALHOST_ONLY': '0', 'PATH': '/opt/ros/humble/bin:/home/alex/.local/bin:/usr/local/sbin:/usr/local/bin:/usr/sbin:/usr/bin:/sbin:/bin:/usr/games:/usr/local/games:/snap/bin:/snap/bin', 'SESSION_MANAGER': 'local/alexlinux:@/tmp/.ICE-unix/1557,unix/alexlinux:/tmp/.ICE-unix/1557', 'INVOCATION_ID': '7b056741625440689d7605e63923aee2', 'PAPERSIZE': 'a4', 'XDG_MENU_PREFIX': 'gnome-', 'LC_ADDRESS': 'el_GR.UTF-8', 'GNOME_SETUP_DISPLAY': ':1', 'XDG_RUNTIME_DIR': '/run/user/1000', 'DISPLAY': ':0', 'LANG': 'en_US.UTF-8', 'XDG_CURRENT_DESKTOP': 'ubuntu:GNOME', 'LC_TELEPHONE': 'el_GR.UTF-8', 'TILIX_ID': 'd802d5d9-c028-4bce-93a8-b24076b091be', 'XMODIFIERS': '@im=ibus', 'XDG_SESSION_DESKTOP': 'ubuntu', 'XAUTHORITY': '/run/user/1000/.mutter-Xwaylandauth.95DTC3', 'LS_COLORS': 'rs=0:di=01;34:ln=01;36:mh=00:pi=40;33:so=01;35:do=01;35:bd=40;33;01:cd=40;33;01:or=40;31;01:mi=00:su=37;41:sg=30;43:ca=30;41:tw=30;42:ow=34;42:st=37;44:ex=01;32:*.tar=01;31:*.tgz=01;31:*.arc=01;31:*.arj=01;31:*.taz=01;31:*.lha=01;31:*.lz4=01;31:*.lzh=01;31:*.lzma=01;31:*.tlz=01;31:*.txz=01;31:*.tzo=01;31:*.t7z=01;31:*.zip=01;31:*.z=01;31:*.dz=01;31:*.gz=01;31:*.lrz=01;31:*.lz=01;31:*.lzo=01;31:*.xz=01;31:*.zst=01;31:*.tzst=01;31:*.bz2=01;31:*.bz=01;31:*.tbz=01;31:*.tbz2=01;31:*.tz=01;31:*.deb=01;31:*.rpm=01;31:*.jar=01;31:*.war=01;31:*.ear=01;31:*.sar=01;31:*.rar=01;31:*.alz=01;31:*.ace=01;31:*.zoo=01;31:*.cpio=01;31:*.7z=01;31:*.rz=01;31:*.cab=01;31:*.wim=01;31:*.swm=01;31:*.dwm=01;31:*.esd=01;31:*.jpg=01;35:*.jpeg=01;35:*.mjpg=01;35:*.mjpeg=01;35:*.gif=01;35:*.bmp=01;35:*.pbm=01;35:*.pgm=01;35:*.ppm=01;35:*.tga=01;35:*.xbm=01;35:*.xpm=01;35:*.tif=01;35:*.tiff=01;35:*.png=01;35:*.svg=01;35:*.svgz=01;35:*.mng=01;35:*.pcx=01;35:*.mov=01;35:*.mpg=01;35:*.mpeg=01;35:*.m2v=01;35:*.mkv=01;35:*.webm=01;35:*.webp=01;35:*.ogm=01;35:*.mp4=01;35:*.m4v=01;35:*.mp4v=01;35:*.vob=01;35:*.qt=01;35:*.nuv=01;35:*.wmv=01;35:*.asf=01;35:*.rm=01;35:*.rmvb=01;35:*.flc=01;35:*.avi=01;35:*.fli=01;35:*.flv=01;35:*.gl=01;35:*.dl=01;35:*.xcf=01;35:*.xwd=01;35:*.yuv=01;35:*.cgm=01;35:*.emf=01;35:*.ogv=01;35:*.ogx=01;35:*.aac=00;36:*.au=00;36:*.flac=00;36:*.m4a=00;36:*.mid=00;36:*.midi=00;36:*.mka=00;36:*.mp3=00;36:*.mpc=00;36:*.ogg=00;36:*.ra=00;36:*.wav=00;36:*.oga=00;36:*.opus=00;36:*.spx=00;36:*.xspf=00;36:', 'SSH_AGENT_LAUNCHER': 'gnome-keyring', 'SSH_AUTH_SOCK': '/run/user/1000/keyring/ssh', 'AMENT_PREFIX_PATH': '/home/alex/Diplomatiki/install/my_interfaces:/opt/ros/humble', 'SHELL': '/bin/bash', 'LC_NAME': 'el_GR.UTF-8', 'QT_ACCESSIBILITY': '1', 'GDMSESSION': 'ubuntu', 'LESSCLOSE': '/usr/bin/lesspipe %s %s', 'LC_MEASUREMENT': 'el_GR.UTF-8', 'LC_IDENTIFICATION': 'el_GR.UTF-8', 'QT_IM_MODULE': 'ibus', 'PWD': '/home/alex/Diplomatiki/build/ergodic_exploration', 'XDG_CONFIG_DIRS': '/etc/xdg/xdg-ubuntu:/etc/xdg', 'XDG_DATA_DIRS': '/usr/share/ubuntu:/usr/local/share/:/usr/share/:/var/lib/snapd/desktop', 'PYTHONPATH': '/home/alex/Diplomatiki/build/ergodic_exploration/prefix_override:/usr/lib/python3/dist-packages/colcon_core/task/python/colcon_distutils_commands:/home/alex/Diplomatiki/install/ergodic_exploration/lib/python3.10/site-packages:/home/alex/Diplomatiki/install/my_interfaces/local/lib/python3.10/dist-packages:/opt/ros/humble/lib/python3.10/site-packages:/opt/ros/humble/local/lib/python3.10/dist-packages', 'LC_NUMERIC': 'el_GR.UTF-8', 'LC_PAPER': 'el_GR.UTF-8', 'COLCON': '1', 'VTE_VERSION': '6800', 'CMAKE_PREFIX_PATH': '/home/alex/Diplomatiki/install/my_interfaces'}, 'shell': False}
[10.680770] (-) TimerEvent: {}
[10.781139] (-) TimerEvent: {}
[10.862689] (ergodic_exploration) StdoutLine: {'line': b'running egg_info\n'}
[10.874907] (ergodic_exploration) StdoutLine: {'line': b'creating ../../build/ergodic_exploration/ergodic_exploration.egg-info\n'}
[10.875132] (ergodic_exploration) StdoutLine: {'line': b'writing ../../build/ergodic_exploration/ergodic_exploration.egg-info/PKG-INFO\n'}
[10.875408] (ergodic_exploration) StdoutLine: {'line': b'writing dependency_links to ../../build/ergodic_exploration/ergodic_exploration.egg-info/dependency_links.txt\n'}
[10.875571] (ergodic_exploration) StdoutLine: {'line': b'writing entry points to ../../build/ergodic_exploration/ergodic_exploration.egg-info/entry_points.txt\n'}
[10.875832] (ergodic_exploration) StdoutLine: {'line': b'writing requirements to ../../build/ergodic_exploration/ergodic_exploration.egg-info/requires.txt\n'}
[10.875996] (ergodic_exploration) StdoutLine: {'line': b'writing top-level names to ../../build/ergodic_exploration/ergodic_exploration.egg-info/top_level.txt\n'}
[10.876102] (ergodic_exploration) StdoutLine: {'line': b"writing manifest file '../../build/ergodic_exploration/ergodic_exploration.egg-info/SOURCES.txt'\n"}
[10.881267] (-) TimerEvent: {}
[10.902311] (ergodic_exploration) StdoutLine: {'line': b"reading manifest file '../../build/ergodic_exploration/ergodic_exploration.egg-info/SOURCES.txt'\n"}
[10.902600] (ergodic_exploration) StdoutLine: {'line': b"adding license file 'LICENSE'\n"}
[10.903329] (ergodic_exploration) StdoutLine: {'line': b"writing manifest file '../../build/ergodic_exploration/ergodic_exploration.egg-info/SOURCES.txt'\n"}
[10.903657] (ergodic_exploration) StdoutLine: {'line': b'running build\n'}
[10.903786] (ergodic_exploration) StdoutLine: {'line': b'running build_py\n'}
[10.903893] (ergodic_exploration) StdoutLine: {'line': b'creating /home/alex/Diplomatiki/build/ergodic_exploration/build/lib/ergodic_exploration\n'}
[10.904084] (ergodic_exploration) StdoutLine: {'line': b'copying ergodic_exploration/__init__.py -> /home/alex/Diplomatiki/build/ergodic_exploration/build/lib/ergodic_exploration\n'}
[10.904234] (ergodic_exploration) StdoutLine: {'line': b'copying ergodic_exploration/environment.py -> /home/alex/Diplomatiki/build/ergodic_exploration/build/lib/ergodic_exploration\n'}
[10.904340] (ergodic_exploration) StdoutLine: {'line': b'copying ergodic_exploration/agent_node.py -> /home/alex/Diplomatiki/build/ergodic_exploration/build/lib/ergodic_exploration\n'}
[10.904440] (ergodic_exploration) StdoutLine: {'line': b'copying ergodic_exploration/dummy_agent.py -> /home/alex/Diplomatiki/build/ergodic_exploration/build/lib/ergodic_exploration\n'}
[10.904614] (ergodic_exploration) StdoutLine: {'line': b'creating /home/alex/Diplomatiki/build/ergodic_exploration/build/lib/my_erg_lib\n'}
[10.904752] (ergodic_exploration) StdoutLine: {'line': b'copying my_erg_lib/vis.py -> /home/alex/Diplomatiki/build/ergodic_exploration/build/lib/my_erg_lib\n'}
[10.904859] (ergodic_exploration) StdoutLine: {'line': b'copying my_erg_lib/model_dynamics.py -> /home/alex/Diplomatiki/build/ergodic_exploration/build/lib/my_erg_lib\n'}
[10.905029] (ergodic_exploration) StdoutLine: {'line': b'copying my_erg_lib/__init__.py -> /home/alex/Diplomatiki/build/ergodic_exploration/build/lib/my_erg_lib\n'}
[10.905150] (ergodic_exploration) StdoutLine: {'line': b'copying my_erg_lib/eid.py -> /home/alex/Diplomatiki/build/ergodic_exploration/build/lib/my_erg_lib\n'}
[10.905275] (ergodic_exploration) StdoutLine: {'line': b'copying my_erg_lib/basis.py -> /home/alex/Diplomatiki/build/ergodic_exploration/build/lib/my_erg_lib\n'}
[10.905429] (ergodic_exploration) StdoutLine: {'line': b'copying my_erg_lib/agent.py -> /home/alex/Diplomatiki/build/ergodic_exploration/build/lib/my_erg_lib\n'}
[10.905565] (ergodic_exploration) StdoutLine: {'line': b'copying my_erg_lib/replay_buffer.py -> /home/alex/Diplomatiki/build/ergodic_exploration/build/lib/my_erg_lib\n'}
[10.905695] (ergodic_exploration) StdoutLine: {'line': b'copying my_erg_lib/Utilities.py -> /home/alex/Diplomatiki/build/ergodic_exploration/build/lib/my_erg_lib\n'}
[10.905787] (ergodic_exploration) StdoutLine: {'line': b'copying my_erg_lib/obstacles.py -> /home/alex/Diplomatiki/build/ergodic_exploration/build/lib/my_erg_lib\n'}
[10.905919] (ergodic_exploration) StdoutLine: {'line': b'copying my_erg_lib/ergodic_controllers.py -> /home/alex/Diplomatiki/build/ergodic_exploration/build/lib/my_erg_lib\n'}
[10.906045] (ergodic_exploration) StdoutLine: {'line': b'copying my_erg_lib/vis.py -> /home/alex/Diplomatiki/build/ergodic_exploration/build/lib/my_erg_lib\n'}
[10.906144] (ergodic_exploration) StdoutLine: {'line': b'copying my_erg_lib/model_dynamics.py -> /home/alex/Diplomatiki/build/ergodic_exploration/build/lib/my_erg_lib\n'}
[10.906321] (ergodic_exploration) StdoutLine: {'line': b'copying my_erg_lib/__init__.py -> /home/alex/Diplomatiki/build/ergodic_exploration/build/lib/my_erg_lib\n'}
[10.906435] (ergodic_exploration) StdoutLine: {'line': b'copying my_erg_lib/eid.py -> /home/alex/Diplomatiki/build/ergodic_exploration/build/lib/my_erg_lib\n'}
[10.906602] (ergodic_exploration) StdoutLine: {'line': b'copying my_erg_lib/basis.py -> /home/alex/Diplomatiki/build/ergodic_exploration/build/lib/my_erg_lib\n'}
[10.906736] (ergodic_exploration) StdoutLine: {'line': b'copying my_erg_lib/agent.py -> /home/alex/Diplomatiki/build/ergodic_exploration/build/lib/my_erg_lib\n'}
[10.906867] (ergodic_exploration) StdoutLine: {'line': b'copying my_erg_lib/replay_buffer.py -> /home/alex/Diplomatiki/build/ergodic_exploration/build/lib/my_erg_lib\n'}
[10.906998] (ergodic_exploration) StdoutLine: {'line': b'copying my_erg_lib/Utilities.py -> /home/alex/Diplomatiki/build/ergodic_exploration/build/lib/my_erg_lib\n'}
[10.907128] (ergodic_exploration) StdoutLine: {'line': b'copying my_erg_lib/obstacles.py -> /home/alex/Diplomatiki/build/ergodic_exploration/build/lib/my_erg_lib\n'}
[10.907250] (ergodic_exploration) StdoutLine: {'line': b'copying my_erg_lib/ergodic_controllers.py -> /home/alex/Diplomatiki/build/ergodic_exploration/build/lib/my_erg_lib\n'}
[10.907772] (ergodic_exploration) StdoutLine: {'line': b'running install\n'}
[10.912491] (ergodic_exploration) StdoutLine: {'line': b'running install_lib\n'}
[10.925166] (ergodic_exploration) StdoutLine: {'line': b'creating /home/alex/Diplomatiki/install/ergodic_exploration/lib/python3.10/site-packages/ergodic_exploration\n'}
[10.925456] (ergodic_exploration) StdoutLine: {'line': b'copying /home/alex/Diplomatiki/build/ergodic_exploration/build/lib/ergodic_exploration/__init__.py -> /home/alex/Diplomatiki/install/ergodic_exploration/lib/python3.10/site-packages/ergodic_exploration\n'}
[10.925592] (ergodic_exploration) StdoutLine: {'line': b'copying /home/alex/Diplomatiki/build/ergodic_exploration/build/lib/ergodic_exploration/environment.py -> /home/alex/Diplomatiki/install/ergodic_exploration/lib/python3.10/site-packages/ergodic_exploration\n'}
[10.925806] (ergodic_exploration) StdoutLine: {'line': b'copying /home/alex/Diplomatiki/build/ergodic_exploration/build/lib/ergodic_exploration/agent_node.py -> /home/alex/Diplomatiki/install/ergodic_exploration/lib/python3.10/site-packages/ergodic_exploration\n'}
[10.925943] (ergodic_exploration) StdoutLine: {'line': b'copying /home/alex/Diplomatiki/build/ergodic_exploration/build/lib/ergodic_exploration/dummy_agent.py -> /home/alex/Diplomatiki/install/ergodic_exploration/lib/python3.10/site-packages/ergodic_exploration\n'}
[10.926081] (ergodic_exploration) StdoutLine: {'line': b'creating /home/alex/Diplomatiki/install/ergodic_exploration/lib/python3.10/site-packages/my_erg_lib\n'}
[10.926242] (ergodic_exploration) StdoutLine: {'line': b'copying /home/alex/Diplomatiki/build/ergodic_exploration/build/lib/my_erg_lib/vis.py -> /home/alex/Diplomatiki/install/ergodic_exploration/lib/python3.10/site-packages/my_erg_lib\n'}
[10.926345] (ergodic_exploration) StdoutLine: {'line': b'copying /home/alex/Diplomatiki/build/ergodic_exploration/build/lib/my_erg_lib/model_dynamics.py -> /home/alex/Diplomatiki/install/ergodic_exploration/lib/python3.10/site-packages/my_erg_lib\n'}
[10.926440] (ergodic_exploration) StdoutLine: {'line': b'copying /home/alex/Diplomatiki/build/ergodic_exploration/build/lib/my_erg_lib/__init__.py -> /home/alex/Diplomatiki/install/ergodic_exploration/lib/python3.10/site-packages/my_erg_lib\n'}
[10.926532] (ergodic_exploration) StdoutLine: {'line': b'copying /home/alex/Diplomatiki/build/ergodic_exploration/build/lib/my_erg_lib/eid.py -> /home/alex/Diplomatiki/install/ergodic_exploration/lib/python3.10/site-packages/my_erg_lib\n'}
[10.926626] (ergodic_exploration) StdoutLine: {'line': b'copying /home/alex/Diplomatiki/build/ergodic_exploration/build/lib/my_erg_lib/basis.py -> /home/alex/Diplomatiki/install/ergodic_exploration/lib/python3.10/site-packages/my_erg_lib\n'}
[10.926759] (ergodic_exploration) StdoutLine: {'line': b'copying /home/alex/Diplomatiki/build/ergodic_exploration/build/lib/my_erg_lib/agent.py -> /home/alex/Diplomatiki/install/ergodic_exploration/lib/python3.10/site-packages/my_erg_lib\n'}
[10.926869] (ergodic_exploration) StdoutLine: {'line': b'copying /home/alex/Diplomatiki/build/ergodic_exploration/build/lib/my_erg_lib/replay_buffer.py -> /home/alex/Diplomatiki/install/ergodic_exploration/lib/python3.10/site-packages/my_erg_lib\n'}
[10.926999] (ergodic_exploration) StdoutLine: {'line': b'copying /home/alex/Diplomatiki/build/ergodic_exploration/build/lib/my_erg_lib/Utilities.py -> /home/alex/Diplomatiki/install/ergodic_exploration/lib/python3.10/site-packages/my_erg_lib\n'}
[10.927093] (ergodic_exploration) StdoutLine: {'line': b'copying /home/alex/Diplomatiki/build/ergodic_exploration/build/lib/my_erg_lib/obstacles.py -> /home/alex/Diplomatiki/install/ergodic_exploration/lib/python3.10/site-packages/my_erg_lib\n'}
[10.927201] (ergodic_exploration) StdoutLine: {'line': b'copying /home/alex/Diplomatiki/build/ergodic_exploration/build/lib/my_erg_lib/ergodic_controllers.py -> /home/alex/Diplomatiki/install/ergodic_exploration/lib/python3.10/site-packages/my_erg_lib\n'}
[10.927305] (ergodic_exploration) StdoutLine: {'line': b'byte-compiling /home/alex/Diplomatiki/install/ergodic_exploration/lib/python3.10/site-packages/ergodic_exploration/__init__.py to __init__.cpython-310.pyc\n'}
[10.927410] (ergodic_exploration) StdoutLine: {'line': b'byte-compiling /home/alex/Diplomatiki/install/ergodic_exploration/lib/python3.10/site-packages/ergodic_exploration/environment.py to environment.cpython-310.pyc\n'}
[10.932477] (ergodic_exploration) StdoutLine: {'line': b'byte-compiling /home/alex/Diplomatiki/install/ergodic_exploration/lib/python3.10/site-packages/ergodic_exploration/agent_node.py to agent_node.cpython-310.pyc\n'}
[10.937139] (ergodic_exploration) StdoutLine: {'line': b'byte-compiling /home/alex/Diplomatiki/install/ergodic_exploration/lib/python3.10/site-packages/ergodic_exploration/dummy_agent.py to dummy_agent.cpython-310.pyc\n'}
[10.937480] (ergodic_exploration) StdoutLine: {'line': b'byte-compiling /home/alex/Diplomatiki/install/ergodic_exploration/lib/python3.10/site-packages/my_erg_lib/vis.py to vis.cpython-310.pyc\n'}
[10.946036] (ergodic_exploration) StdoutLine: {'line': b'byte-compiling /home/alex/Diplomatiki/install/ergodic_exploration/lib/python3.10/site-packages/my_erg_lib/model_dynamics.py to model_dynamics.cpython-310.pyc\n'}
[10.951086] (ergodic_exploration) StdoutLine: {'line': b'byte-compiling /home/alex/Diplomatiki/install/ergodic_exploration/lib/python3.10/site-packages/my_erg_lib/__init__.py to __init__.cpython-310.pyc\n'}
[10.951331] (ergodic_exploration) StdoutLine: {'line': b'byte-compiling /home/alex/Diplomatiki/install/ergodic_exploration/lib/python3.10/site-packages/my_erg_lib/eid.py to eid.cpython-310.pyc\n'}
[10.953266] (ergodic_exploration) StdoutLine: {'line': b'byte-compiling /home/alex/Diplomatiki/install/ergodic_exploration/lib/python3.10/site-packages/my_erg_lib/basis.py to basis.cpython-310.pyc\n'}
[10.954956] (ergodic_exploration) StdoutLine: {'line': b'byte-compiling /home/alex/Diplomatiki/install/ergodic_exploration/lib/python3.10/site-packages/my_erg_lib/agent.py to agent.cpython-310.pyc\n'}
[10.959636] (ergodic_exploration) StdoutLine: {'line': b'byte-compiling /home/alex/Diplomatiki/install/ergodic_exploration/lib/python3.10/site-packages/my_erg_lib/replay_buffer.py to replay_buffer.cpython-310.pyc\n'}
[10.960456] (ergodic_exploration) StdoutLine: {'line': b'byte-compiling /home/alex/Diplomatiki/install/ergodic_exploration/lib/python3.10/site-packages/my_erg_lib/Utilities.py to Utilities.cpython-310.pyc\n'}
[10.961990] (ergodic_exploration) StdoutLine: {'line': b'byte-compiling /home/alex/Diplomatiki/install/ergodic_exploration/lib/python3.10/site-packages/my_erg_lib/obstacles.py to obstacles.cpython-310.pyc\n'}
[10.963270] (ergodic_exploration) StdoutLine: {'line': b'byte-compiling /home/alex/Diplomatiki/install/ergodic_exploration/lib/python3.10/site-packages/my_erg_lib/ergodic_controllers.py to ergodic_controllers.cpython-310.pyc\n'}
[10.964878] (ergodic_exploration) StdoutLine: {'line': b'running install_data\n'}
[10.965303] (ergodic_exploration) StdoutLine: {'line': b'creating /home/alex/Diplomatiki/install/ergodic_exploration/share/ament_index/resource_index/packages\n'}
[10.965579] (ergodic_exploration) StdoutLine: {'line': b'copying resource/ergodic_exploration -> /home/alex/Diplomatiki/install/ergodic_exploration/share/ament_index/resource_index/packages\n'}
[10.965726] (ergodic_exploration) StdoutLine: {'line': b'copying package.xml -> /home/alex/Diplomatiki/install/ergodic_exploration/share/ergodic_exploration\n'}
[10.965987] (ergodic_exploration) StdoutLine: {'line': b'creating /home/alex/Diplomatiki/install/ergodic_exploration/share/ergodic_exploration/launch\n'}
[10.966138] (ergodic_exploration) StdoutLine: {'line': b'copying launch/big_environment_1.launch.py -> /home/alex/Diplomatiki/install/ergodic_exploration/share/ergodic_exploration/launch\n'}
[10.966293] (ergodic_exploration) StdoutLine: {'line': b'copying launch/fixed_wing_free_fly.launch.py -> /home/alex/Diplomatiki/install/ergodic_exploration/share/ergodic_exploration/launch\n'}
[10.966424] (ergodic_exploration) StdoutLine: {'line': b'copying launch/drones_in_small_space.launch.py -> /home/alex/Diplomatiki/install/ergodic_exploration/share/ergodic_exploration/launch\n'}
[10.966550] (ergodic_exploration) StdoutLine: {'line': b'copying launch/boats_simple.launch.py -> /home/alex/Diplomatiki/install/ergodic_exploration/share/ergodic_exploration/launch\n'}
[10.966676] (ergodic_exploration) StdoutLine: {'line': b'copying launch/three_drones_big.launch.py -> /home/alex/Diplomatiki/install/ergodic_exploration/share/ergodic_exploration/launch\n'}
[10.966895] (ergodic_exploration) StdoutLine: {'line': b'copying launch/multi_agent.launch.py -> /home/alex/Diplomatiki/install/ergodic_exploration/share/ergodic_exploration/launch\n'}
[10.967034] (ergodic_exploration) StdoutLine: {'line': b'creating /home/alex/Diplomatiki/install/ergodic_exploration/share/ergodic_exploration/meshes\n'}
[10.967155] (ergodic_exploration) StdoutLine: {'line': b'copying meshes/car.stl -> /home/alex/Diplomatiki/install/ergodic_exploration/share/ergodic_exploration/meshes\n'}
[10.968050] (ergodic_exploration) StdoutLine: {'line': b'copying meshes/hermes.stl -> /home/alex/Diplomatiki/install/ergodic_exploration/share/ergodic_exploration/meshes\n'}
[10.968962] (ergodic_exploration) StdoutLine: {'line': b'copying meshes/hermes_original.stl -> /home/alex/Diplomatiki/install/ergodic_exploration/share/ergodic_exploration/meshes\n'}
[10.970014] (ergodic_exploration) StdoutLine: {'line': b'copying meshes/boat.stl -> /home/alex/Diplomatiki/install/ergodic_exploration/share/ergodic_exploration/meshes\n'}
[10.970746] (ergodic_exploration) StdoutLine: {'line': b'copying meshes/drone_small.stl -> /home/alex/Diplomatiki/install/ergodic_exploration/share/ergodic_exploration/meshes\n'}
[10.970987] (ergodic_exploration) StdoutLine: {'line': b'copying meshes/drone_big.stl -> /home/alex/Diplomatiki/install/ergodic_exploration/share/ergodic_exploration/meshes\n'}
[10.973122] (ergodic_exploration) StdoutLine: {'line': b'running install_egg_info\n'}
[10.981386] (-) TimerEvent: {}
[10.986558] (ergodic_exploration) StdoutLine: {'line': b'Copying ../../build/ergodic_exploration/ergodic_exploration.egg-info to /home/alex/Diplomatiki/install/ergodic_exploration/lib/python3.10/site-packages/ergodic_exploration-0.0.0-py3.10.egg-info\n'}
[10.987153] (ergodic_exploration) StdoutLine: {'line': b'running install_scripts\n'}
[11.013951] (ergodic_exploration) StdoutLine: {'line': b'Installing agent_node script to /home/alex/Diplomatiki/install/ergodic_exploration/lib/ergodic_exploration\n'}
[11.014356] (ergodic_exploration) StdoutLine: {'line': b'Installing environment_node script to /home/alex/Diplomatiki/install/ergodic_exploration/lib/ergodic_exploration\n'}
[11.014780] (ergodic_exploration) StdoutLine: {'line': b"writing list of installed files to '/home/alex/Diplomatiki/build/ergodic_exploration/install.log'\n"}
[11.042993] (ergodic_exploration) CommandEnded: {'returncode': 0}
[11.047744] (ergodic_exploration) JobEnded: {'identifier': 'ergodic_exploration', 'rc': 0}
[11.048592] (-) EventReactorShutdown: {}
