[0.000000] (-) TimerEvent: {}
[0.000296] (my_interfaces) JobQueued: {'identifier': 'my_interfaces', 'dependencies': OrderedDict()}
[0.000347] (ergodic_exploration) JobQueued: {'identifier': 'ergodic_exploration', 'dependencies': OrderedDict([('my_interfaces', '/home/alex/Diplomatiki/ros/install/my_interfaces')])}
[0.000389] (my_interfaces) JobStarted: {'identifier': 'my_interfaces'}
[0.008769] (my_interfaces) JobProgress: {'identifier': 'my_interfaces', 'progress': 'cmake'}
[0.009872] (my_interfaces) Command: {'cmd': ['/usr/bin/cmake', '/home/alex/Diplomatiki/ros/src/my_interfaces', '-DCMAKE_INSTALL_PREFIX=/home/alex/Diplomatiki/ros/install/my_interfaces'], 'cwd': '/home/alex/Diplomatiki/ros/build/my_interfaces', 'env': OrderedDict([('LESSOPEN', '| /usr/bin/lesspipe %s'), ('USER', 'alex'), ('LC_TIME', 'el_GR.UTF-8'), ('XDG_SESSION_TYPE', 'x11'), ('SHLVL', '2'), ('LD_LIBRARY_PATH', '/home/alex/Diplomatiki/ros/install/my_interfaces/lib:/opt/ros/humble/opt/rviz_ogre_vendor/lib:/opt/ros/humble/lib/x86_64-linux-gnu:/opt/ros/humble/lib'), ('HOME', '/home/alex'), ('OLDPWD', '/home/alex'), ('DESKTOP_SESSION', 'ubuntu'), ('ROS_PYTHON_VERSION', '3'), ('GNOME_SHELL_SESSION_MODE', 'ubuntu'), ('GTK_MODULES', 'gail:atk-bridge'), ('LC_MONETARY', 'el_GR.UTF-8'), ('MANAGERPID', '1493'), ('SYSTEMD_EXEC_PID', '1942'), ('DBUS_SESSION_BUS_ADDRESS', 'unix:path=/run/user/1000/bus'), ('COLORTERM', 'truecolor'), ('GIO_LAUNCHED_DESKTOP_FILE_PID', '5122'), ('COLCON_PREFIX_PATH', '/home/alex/Diplomatiki/ros/install'), ('ROS_DISTRO', 'humble'), ('GTK_IM_MODULE', 'ibus'), ('LOGNAME', 'alex'), ('_', '/usr/bin/colcon'), ('JOURNAL_STREAM', '8:17525'), ('ROS_VERSION', '2'), ('XDG_SESSION_CLASS', 'user'), ('USERNAME', 'alex'), ('TERM', 'xterm-256color'), ('GNOME_DESKTOP_SESSION_ID', 'this-is-deprecated'), ('ROS_LOCALHOST_ONLY', '0'), ('WINDOWPATH', '2'), ('PATH', '/opt/ros/humble/bin:/usr/local/sbin:/usr/local/bin:/usr/sbin:/usr/bin:/sbin:/bin:/usr/games:/usr/local/games:/snap/bin:/snap/bin'), ('SESSION_MANAGER', 'local/alexlinux:@/tmp/.ICE-unix/1739,unix/alexlinux:/tmp/.ICE-unix/1739'), ('INVOCATION_ID', '8e69295de2a7458f83797d203a03c9ba'), ('XDG_MENU_PREFIX', 'gnome-'), ('LC_ADDRESS', 'el_GR.UTF-8'), ('XDG_RUNTIME_DIR', '/run/user/1000'), ('DISPLAY', ':1'), ('LANG', 'en_US.UTF-8'), ('XDG_CURRENT_DESKTOP', 'ubuntu:GNOME'), ('LC_TELEPHONE', 'el_GR.UTF-8'), ('TILIX_ID', 'fb1f97d2-1248-4ff0-a33b-d3882734f26a'), ('XMODIFIERS', '@im=ibus'), ('XDG_SESSION_DESKTOP', 'ubuntu'), ('XAUTHORITY', '/run/user/1000/gdm/Xauthority'), ('LS_COLORS', 'rs=0:di=01;34:ln=01;36:mh=00:pi=40;33:so=01;35:do=01;35:bd=40;33;01:cd=40;33;01:or=40;31;01:mi=00:su=37;41:sg=30;43:ca=30;41:tw=30;42:ow=34;42:st=37;44:ex=01;32:*.tar=01;31:*.tgz=01;31:*.arc=01;31:*.arj=01;31:*.taz=01;31:*.lha=01;31:*.lz4=01;31:*.lzh=01;31:*.lzma=01;31:*.tlz=01;31:*.txz=01;31:*.tzo=01;31:*.t7z=01;31:*.zip=01;31:*.z=01;31:*.dz=01;31:*.gz=01;31:*.lrz=01;31:*.lz=01;31:*.lzo=01;31:*.xz=01;31:*.zst=01;31:*.tzst=01;31:*.bz2=01;31:*.bz=01;31:*.tbz=01;31:*.tbz2=01;31:*.tz=01;31:*.deb=01;31:*.rpm=01;31:*.jar=01;31:*.war=01;31:*.ear=01;31:*.sar=01;31:*.rar=01;31:*.alz=01;31:*.ace=01;31:*.zoo=01;31:*.cpio=01;31:*.7z=01;31:*.rz=01;31:*.cab=01;31:*.wim=01;31:*.swm=01;31:*.dwm=01;31:*.esd=01;31:*.jpg=01;35:*.jpeg=01;35:*.mjpg=01;35:*.mjpeg=01;35:*.gif=01;35:*.bmp=01;35:*.pbm=01;35:*.pgm=01;35:*.ppm=01;35:*.tga=01;35:*.xbm=01;35:*.xpm=01;35:*.tif=01;35:*.tiff=01;35:*.png=01;35:*.svg=01;35:*.svgz=01;35:*.mng=01;35:*.pcx=01;35:*.mov=01;35:*.mpg=01;35:*.mpeg=01;35:*.m2v=01;35:*.mkv=01;35:*.webm=01;35:*.webp=01;35:*.ogm=01;35:*.mp4=01;35:*.m4v=01;35:*.mp4v=01;35:*.vob=01;35:*.qt=01;35:*.nuv=01;35:*.wmv=01;35:*.asf=01;35:*.rm=01;35:*.rmvb=01;35:*.flc=01;35:*.avi=01;35:*.fli=01;35:*.flv=01;35:*.gl=01;35:*.dl=01;35:*.xcf=01;35:*.xwd=01;35:*.yuv=01;35:*.cgm=01;35:*.emf=01;35:*.ogv=01;35:*.ogx=01;35:*.aac=00;36:*.au=00;36:*.flac=00;36:*.m4a=00;36:*.mid=00;36:*.midi=00;36:*.mka=00;36:*.mp3=00;36:*.mpc=00;36:*.ogg=00;36:*.ra=00;36:*.wav=00;36:*.oga=00;36:*.opus=00;36:*.spx=00;36:*.xspf=00;36:'), ('SSH_AGENT_LAUNCHER', 'gnome-keyring'), ('SSH_AUTH_SOCK', '/run/user/1000/keyring/ssh'), ('AMENT_PREFIX_PATH', '/home/alex/Diplomatiki/ros/install/ergodic_exploration:/home/alex/Diplomatiki/ros/install/my_interfaces:/opt/ros/humble'), ('SHELL', '/bin/bash'), ('LC_NAME', 'el_GR.UTF-8'), ('QT_ACCESSIBILITY', '1'), ('GDMSESSION', 'ubuntu'), ('LESSCLOSE', '/usr/bin/lesspipe %s %s'), ('LC_MEASUREMENT', 'el_GR.UTF-8'), ('GPG_AGENT_INFO', '/run/user/1000/gnupg/S.gpg-agent:0:1'), ('LC_IDENTIFICATION', 'el_GR.UTF-8'), ('QT_IM_MODULE', 'ibus'), ('PWD', '/home/alex/Diplomatiki/ros/build/my_interfaces'), ('XDG_CONFIG_DIRS', '/etc/xdg/xdg-ubuntu:/etc/xdg'), ('XDG_DATA_DIRS', '/usr/share/ubuntu:/usr/share/gnome:/usr/local/share/:/usr/share/:/var/lib/snapd/desktop'), ('PYTHONPATH', '/home/alex/Diplomatiki/ros/install/ergodic_exploration/lib/python3.10/site-packages:/home/alex/Diplomatiki/ros/install/my_interfaces/local/lib/python3.10/dist-packages:/opt/ros/humble/lib/python3.10/site-packages:/opt/ros/humble/local/lib/python3.10/dist-packages'), ('LC_NUMERIC', 'el_GR.UTF-8'), ('LC_PAPER', 'el_GR.UTF-8'), ('COLCON', '1'), ('VTE_VERSION', '6800'), ('CMAKE_PREFIX_PATH', '/home/alex/Diplomatiki/ros/install/my_interfaces:/home/alex/Diplomatiki/ros/install/ergodic_exploration:/opt/ros/humble')]), 'shell': False}
[0.099125] (-) TimerEvent: {}
[0.138279] (my_interfaces) StdoutLine: {'line': b'-- The C compiler identification is GNU 11.4.0\n'}
[0.199254] (-) TimerEvent: {}
[0.252295] (my_interfaces) StdoutLine: {'line': b'-- The CXX compiler identification is GNU 11.4.0\n'}
[0.268091] (my_interfaces) StdoutLine: {'line': b'-- Detecting C compiler ABI info\n'}
[0.299415] (-) TimerEvent: {}
[0.353792] (my_interfaces) StdoutLine: {'line': b'-- Detecting C compiler ABI info - done\n'}
[0.364743] (my_interfaces) StdoutLine: {'line': b'-- Check for working C compiler: /usr/bin/cc - skipped\n'}
[0.365268] (my_interfaces) StdoutLine: {'line': b'-- Detecting C compile features\n'}
[0.365997] (my_interfaces) StdoutLine: {'line': b'-- Detecting C compile features - done\n'}
[0.371678] (my_interfaces) StdoutLine: {'line': b'-- Detecting CXX compiler ABI info\n'}
[0.399554] (-) TimerEvent: {}
[0.474797] (my_interfaces) StdoutLine: {'line': b'-- Detecting CXX compiler ABI info - done\n'}
[0.486134] (my_interfaces) StdoutLine: {'line': b'-- Check for working CXX compiler: /usr/bin/c++ - skipped\n'}
[0.486489] (my_interfaces) StdoutLine: {'line': b'-- Detecting CXX compile features\n'}
[0.487077] (my_interfaces) StdoutLine: {'line': b'-- Detecting CXX compile features - done\n'}
[0.491166] (my_interfaces) StdoutLine: {'line': b'-- Found ament_cmake: 1.3.12 (/opt/ros/humble/share/ament_cmake/cmake)\n'}
[0.499695] (-) TimerEvent: {}
[0.600071] (-) TimerEvent: {}
[0.701555] (-) TimerEvent: {}
[0.801900] (-) TimerEvent: {}
[0.902344] (-) TimerEvent: {}
[1.002785] (-) TimerEvent: {}
[1.010305] (my_interfaces) StdoutLine: {'line': b'-- Found Python3: /usr/bin/python3 (found version "3.10.12") found components: Interpreter \n'}
[1.103196] (-) TimerEvent: {}
[1.147513] (my_interfaces) StdoutLine: {'line': b'-- Found rosidl_default_generators: 1.2.0 (/opt/ros/humble/share/rosidl_default_generators/cmake)\n'}
[1.153491] (my_interfaces) StdoutLine: {'line': b'-- Using all available rosidl_typesupport_c: rosidl_typesupport_fastrtps_c;rosidl_typesupport_introspection_c\n'}
[1.161396] (my_interfaces) StdoutLine: {'line': b'-- Found rosidl_adapter: 3.1.7 (/opt/ros/humble/share/rosidl_adapter/cmake)\n'}
[1.203317] (-) TimerEvent: {}
[1.224417] (my_interfaces) StdoutLine: {'line': b'-- Using all available rosidl_typesupport_cpp: rosidl_typesupport_fastrtps_cpp;rosidl_typesupport_introspection_cpp\n'}
[1.280186] (my_interfaces) StdoutLine: {'line': b'-- Found std_msgs: 4.9.0 (/opt/ros/humble/share/std_msgs/cmake)\n'}
[1.303453] (-) TimerEvent: {}
[1.325721] (my_interfaces) StdoutLine: {'line': b'-- Found geometry_msgs: 4.9.0 (/opt/ros/humble/share/geometry_msgs/cmake)\n'}
[1.403575] (-) TimerEvent: {}
[1.503961] (-) TimerEvent: {}
[1.604334] (-) TimerEvent: {}
[1.704724] (-) TimerEvent: {}
[1.805103] (-) TimerEvent: {}
[1.845522] (my_interfaces) StdoutLine: {'line': b'-- Found ament_cmake_ros: 0.10.0 (/opt/ros/humble/share/ament_cmake_ros/cmake)\n'}
[1.905239] (-) TimerEvent: {}
[2.005660] (-) TimerEvent: {}
[2.106062] (-) TimerEvent: {}
[2.206490] (-) TimerEvent: {}
[2.246754] (my_interfaces) StdoutLine: {'line': b'-- Using all available rosidl_typesupport_c: rosidl_typesupport_fastrtps_c;rosidl_typesupport_introspection_c\n'}
[2.306563] (-) TimerEvent: {}
[2.406940] (-) TimerEvent: {}
[2.507343] (-) TimerEvent: {}
[2.607788] (-) TimerEvent: {}
[2.708168] (-) TimerEvent: {}
[2.764895] (my_interfaces) StdoutLine: {'line': b'-- Using all available rosidl_typesupport_cpp: rosidl_typesupport_fastrtps_cpp;rosidl_typesupport_introspection_cpp\n'}
[2.802800] (my_interfaces) StdoutLine: {'line': b'-- Found PythonInterp: /usr/bin/python3 (found suitable version "3.10.12", minimum required is "3.6") \n'}
[2.805586] (my_interfaces) StdoutLine: {'line': b'-- Found python_cmake_module: 0.10.0 (/opt/ros/humble/share/python_cmake_module/cmake)\n'}
[2.808286] (-) TimerEvent: {}
[2.846989] (my_interfaces) StdoutLine: {'line': b'-- Found PythonLibs: /usr/lib/x86_64-linux-gnu/libpython3.10.so (found suitable version "3.10.12", minimum required is "3.5") \n'}
[2.847454] (my_interfaces) StdoutLine: {'line': b'-- Using PYTHON_EXECUTABLE: /usr/bin/python3\n'}
[2.847636] (my_interfaces) StdoutLine: {'line': b'-- Using PYTHON_INCLUDE_DIRS: /usr/include/python3.10\n'}
[2.847762] (my_interfaces) StdoutLine: {'line': b'-- Using PYTHON_LIBRARIES: /usr/lib/x86_64-linux-gnu/libpython3.10.so\n'}
[2.881062] (my_interfaces) StdoutLine: {'line': b'-- Found PythonExtra: .so  \n'}
[2.908422] (-) TimerEvent: {}
[2.989319] (my_interfaces) StdoutLine: {'line': b'-- Found ament_lint_auto: 0.12.14 (/opt/ros/humble/share/ament_lint_auto/cmake)\n'}
[3.008567] (-) TimerEvent: {}
[3.014488] (my_interfaces) StdoutLine: {'line': b"-- Added test 'lint_cmake' to check CMake code style\n"}
[3.016308] (my_interfaces) StdoutLine: {'line': b"-- Added test 'xmllint' to check XML markup files\n"}
[3.019645] (my_interfaces) StdoutLine: {'line': b'-- Configuring done\n'}
[3.074115] (my_interfaces) StdoutLine: {'line': b'-- Generating done\n'}
[3.090779] (my_interfaces) StdoutLine: {'line': b'-- Build files have been written to: /home/alex/Diplomatiki/ros/build/my_interfaces\n'}
[3.098623] (my_interfaces) CommandEnded: {'returncode': 0}
[3.100977] (my_interfaces) JobProgress: {'identifier': 'my_interfaces', 'progress': 'build'}
[3.101035] (my_interfaces) Command: {'cmd': ['/usr/bin/cmake', '--build', '/home/alex/Diplomatiki/ros/build/my_interfaces', '--', '-j6', '-l6'], 'cwd': '/home/alex/Diplomatiki/ros/build/my_interfaces', 'env': OrderedDict([('LESSOPEN', '| /usr/bin/lesspipe %s'), ('USER', 'alex'), ('LC_TIME', 'el_GR.UTF-8'), ('XDG_SESSION_TYPE', 'x11'), ('SHLVL', '2'), ('LD_LIBRARY_PATH', '/home/alex/Diplomatiki/ros/install/my_interfaces/lib:/opt/ros/humble/opt/rviz_ogre_vendor/lib:/opt/ros/humble/lib/x86_64-linux-gnu:/opt/ros/humble/lib'), ('HOME', '/home/alex'), ('OLDPWD', '/home/alex'), ('DESKTOP_SESSION', 'ubuntu'), ('ROS_PYTHON_VERSION', '3'), ('GNOME_SHELL_SESSION_MODE', 'ubuntu'), ('GTK_MODULES', 'gail:atk-bridge'), ('LC_MONETARY', 'el_GR.UTF-8'), ('MANAGERPID', '1493'), ('SYSTEMD_EXEC_PID', '1942'), ('DBUS_SESSION_BUS_ADDRESS', 'unix:path=/run/user/1000/bus'), ('COLORTERM', 'truecolor'), ('GIO_LAUNCHED_DESKTOP_FILE_PID', '5122'), ('COLCON_PREFIX_PATH', '/home/alex/Diplomatiki/ros/install'), ('ROS_DISTRO', 'humble'), ('GTK_IM_MODULE', 'ibus'), ('LOGNAME', 'alex'), ('_', '/usr/bin/colcon'), ('JOURNAL_STREAM', '8:17525'), ('ROS_VERSION', '2'), ('XDG_SESSION_CLASS', 'user'), ('USERNAME', 'alex'), ('TERM', 'xterm-256color'), ('GNOME_DESKTOP_SESSION_ID', 'this-is-deprecated'), ('ROS_LOCALHOST_ONLY', '0'), ('WINDOWPATH', '2'), ('PATH', '/opt/ros/humble/bin:/usr/local/sbin:/usr/local/bin:/usr/sbin:/usr/bin:/sbin:/bin:/usr/games:/usr/local/games:/snap/bin:/snap/bin'), ('SESSION_MANAGER', 'local/alexlinux:@/tmp/.ICE-unix/1739,unix/alexlinux:/tmp/.ICE-unix/1739'), ('INVOCATION_ID', '8e69295de2a7458f83797d203a03c9ba'), ('XDG_MENU_PREFIX', 'gnome-'), ('LC_ADDRESS', 'el_GR.UTF-8'), ('XDG_RUNTIME_DIR', '/run/user/1000'), ('DISPLAY', ':1'), ('LANG', 'en_US.UTF-8'), ('XDG_CURRENT_DESKTOP', 'ubuntu:GNOME'), ('LC_TELEPHONE', 'el_GR.UTF-8'), ('TILIX_ID', 'fb1f97d2-1248-4ff0-a33b-d3882734f26a'), ('XMODIFIERS', '@im=ibus'), ('XDG_SESSION_DESKTOP', 'ubuntu'), ('XAUTHORITY', '/run/user/1000/gdm/Xauthority'), ('LS_COLORS', 'rs=0:di=01;34:ln=01;36:mh=00:pi=40;33:so=01;35:do=01;35:bd=40;33;01:cd=40;33;01:or=40;31;01:mi=00:su=37;41:sg=30;43:ca=30;41:tw=30;42:ow=34;42:st=37;44:ex=01;32:*.tar=01;31:*.tgz=01;31:*.arc=01;31:*.arj=01;31:*.taz=01;31:*.lha=01;31:*.lz4=01;31:*.lzh=01;31:*.lzma=01;31:*.tlz=01;31:*.txz=01;31:*.tzo=01;31:*.t7z=01;31:*.zip=01;31:*.z=01;31:*.dz=01;31:*.gz=01;31:*.lrz=01;31:*.lz=01;31:*.lzo=01;31:*.xz=01;31:*.zst=01;31:*.tzst=01;31:*.bz2=01;31:*.bz=01;31:*.tbz=01;31:*.tbz2=01;31:*.tz=01;31:*.deb=01;31:*.rpm=01;31:*.jar=01;31:*.war=01;31:*.ear=01;31:*.sar=01;31:*.rar=01;31:*.alz=01;31:*.ace=01;31:*.zoo=01;31:*.cpio=01;31:*.7z=01;31:*.rz=01;31:*.cab=01;31:*.wim=01;31:*.swm=01;31:*.dwm=01;31:*.esd=01;31:*.jpg=01;35:*.jpeg=01;35:*.mjpg=01;35:*.mjpeg=01;35:*.gif=01;35:*.bmp=01;35:*.pbm=01;35:*.pgm=01;35:*.ppm=01;35:*.tga=01;35:*.xbm=01;35:*.xpm=01;35:*.tif=01;35:*.tiff=01;35:*.png=01;35:*.svg=01;35:*.svgz=01;35:*.mng=01;35:*.pcx=01;35:*.mov=01;35:*.mpg=01;35:*.mpeg=01;35:*.m2v=01;35:*.mkv=01;35:*.webm=01;35:*.webp=01;35:*.ogm=01;35:*.mp4=01;35:*.m4v=01;35:*.mp4v=01;35:*.vob=01;35:*.qt=01;35:*.nuv=01;35:*.wmv=01;35:*.asf=01;35:*.rm=01;35:*.rmvb=01;35:*.flc=01;35:*.avi=01;35:*.fli=01;35:*.flv=01;35:*.gl=01;35:*.dl=01;35:*.xcf=01;35:*.xwd=01;35:*.yuv=01;35:*.cgm=01;35:*.emf=01;35:*.ogv=01;35:*.ogx=01;35:*.aac=00;36:*.au=00;36:*.flac=00;36:*.m4a=00;36:*.mid=00;36:*.midi=00;36:*.mka=00;36:*.mp3=00;36:*.mpc=00;36:*.ogg=00;36:*.ra=00;36:*.wav=00;36:*.oga=00;36:*.opus=00;36:*.spx=00;36:*.xspf=00;36:'), ('SSH_AGENT_LAUNCHER', 'gnome-keyring'), ('SSH_AUTH_SOCK', '/run/user/1000/keyring/ssh'), ('AMENT_PREFIX_PATH', '/home/alex/Diplomatiki/ros/install/ergodic_exploration:/home/alex/Diplomatiki/ros/install/my_interfaces:/opt/ros/humble'), ('SHELL', '/bin/bash'), ('LC_NAME', 'el_GR.UTF-8'), ('QT_ACCESSIBILITY', '1'), ('GDMSESSION', 'ubuntu'), ('LESSCLOSE', '/usr/bin/lesspipe %s %s'), ('LC_MEASUREMENT', 'el_GR.UTF-8'), ('GPG_AGENT_INFO', '/run/user/1000/gnupg/S.gpg-agent:0:1'), ('LC_IDENTIFICATION', 'el_GR.UTF-8'), ('QT_IM_MODULE', 'ibus'), ('PWD', '/home/alex/Diplomatiki/ros/build/my_interfaces'), ('XDG_CONFIG_DIRS', '/etc/xdg/xdg-ubuntu:/etc/xdg'), ('XDG_DATA_DIRS', '/usr/share/ubuntu:/usr/share/gnome:/usr/local/share/:/usr/share/:/var/lib/snapd/desktop'), ('PYTHONPATH', '/home/alex/Diplomatiki/ros/install/ergodic_exploration/lib/python3.10/site-packages:/home/alex/Diplomatiki/ros/install/my_interfaces/local/lib/python3.10/dist-packages:/opt/ros/humble/lib/python3.10/site-packages:/opt/ros/humble/local/lib/python3.10/dist-packages'), ('LC_NUMERIC', 'el_GR.UTF-8'), ('LC_PAPER', 'el_GR.UTF-8'), ('COLCON', '1'), ('VTE_VERSION', '6800'), ('CMAKE_PREFIX_PATH', '/home/alex/Diplomatiki/ros/install/my_interfaces:/home/alex/Diplomatiki/ros/install/ergodic_exploration:/opt/ros/humble')]), 'shell': False}
[3.108697] (-) TimerEvent: {}
[3.152241] (my_interfaces) StdoutLine: {'line': b'[  1%] \x1b[34m\x1b[1mGenerating C code for ROS interfaces\x1b[0m\n'}
[3.163304] (my_interfaces) StdoutLine: {'line': b'[  2%] \x1b[34m\x1b[1mGenerating C++ code for ROS interfaces\x1b[0m\n'}
[3.173420] (my_interfaces) StdoutLine: {'line': b'[  2%] Built target ament_cmake_python_copy_my_interfaces\n'}
[3.208823] (-) TimerEvent: {}
[3.309193] (-) TimerEvent: {}
[3.409546] (-) TimerEvent: {}
[3.448161] (my_interfaces) StdoutLine: {'line': b'running egg_info\n'}
[3.469146] (my_interfaces) StdoutLine: {'line': b'creating my_interfaces.egg-info\n'}
[3.469489] (my_interfaces) StdoutLine: {'line': b'writing my_interfaces.egg-info/PKG-INFO\n'}
[3.469722] (my_interfaces) StdoutLine: {'line': b'writing dependency_links to my_interfaces.egg-info/dependency_links.txt\n'}
[3.470542] (my_interfaces) StdoutLine: {'line': b'writing top-level names to my_interfaces.egg-info/top_level.txt\n'}
[3.470730] (my_interfaces) StdoutLine: {'line': b"writing manifest file 'my_interfaces.egg-info/SOURCES.txt'\n"}
[3.509719] (-) TimerEvent: {}
[3.531343] (my_interfaces) StdoutLine: {'line': b"reading manifest file 'my_interfaces.egg-info/SOURCES.txt'\n"}
[3.532539] (my_interfaces) StdoutLine: {'line': b"writing manifest file 'my_interfaces.egg-info/SOURCES.txt'\n"}
[3.576526] (my_interfaces) StdoutLine: {'line': b'[  2%] Built target ament_cmake_python_build_my_interfaces_egg\n'}
[3.609850] (-) TimerEvent: {}
[3.710345] (-) TimerEvent: {}
[3.810740] (-) TimerEvent: {}
[3.911196] (-) TimerEvent: {}
[4.011551] (-) TimerEvent: {}
[4.111908] (-) TimerEvent: {}
[4.212298] (-) TimerEvent: {}
[4.242748] (my_interfaces) StdoutLine: {'line': b'[  2%] Built target my_interfaces__cpp\n'}
[4.254675] (my_interfaces) StdoutLine: {'line': b'[  5%] \x1b[34m\x1b[1mGenerating C++ type support for eProsima Fast-RTPS\x1b[0m\n'}
[4.258563] (my_interfaces) StdoutLine: {'line': b'[  5%] \x1b[34m\x1b[1mGenerating C++ type support dispatch for ROS interfaces\x1b[0m\n'}
[4.259566] (my_interfaces) StdoutLine: {'line': b'[  7%] \x1b[34m\x1b[1mGenerating C++ introspection for ROS interfaces\x1b[0m\n'}
[4.286253] (my_interfaces) StdoutLine: {'line': b'[  9%] \x1b[32mBuilding C object CMakeFiles/my_interfaces__rosidl_generator_c.dir/rosidl_generator_c/my_interfaces/msg/detail/ck_table__functions.c.o\x1b[0m\n'}
[4.287613] (my_interfaces) StdoutLine: {'line': b'[  9%] \x1b[32mBuilding C object CMakeFiles/my_interfaces__rosidl_generator_c.dir/rosidl_generator_c/my_interfaces/msg/detail/agent_data__functions.c.o\x1b[0m\n'}
[4.287862] (my_interfaces) StdoutLine: {'line': b'[ 11%] \x1b[32mBuilding C object CMakeFiles/my_interfaces__rosidl_generator_c.dir/rosidl_generator_c/my_interfaces/msg/detail/single_obstacle__functions.c.o\x1b[0m\n'}
[4.312411] (-) TimerEvent: {}
[4.367563] (my_interfaces) StdoutLine: {'line': b'[ 12%] \x1b[32mBuilding C object CMakeFiles/my_interfaces__rosidl_generator_c.dir/rosidl_generator_c/my_interfaces/msg/detail/multiple_obstacles__functions.c.o\x1b[0m\n'}
[4.367812] (my_interfaces) StdoutLine: {'line': b'[ 14%] \x1b[32mBuilding C object CMakeFiles/my_interfaces__rosidl_generator_c.dir/rosidl_generator_c/my_interfaces/msg/detail/single_target_estimate__functions.c.o\x1b[0m\n'}
[4.371650] (my_interfaces) StdoutLine: {'line': b'[ 15%] \x1b[32mBuilding C object CMakeFiles/my_interfaces__rosidl_generator_c.dir/rosidl_generator_c/my_interfaces/msg/detail/multiple_target_estimates__functions.c.o\x1b[0m\n'}
[4.412542] (-) TimerEvent: {}
[4.431879] (my_interfaces) StdoutLine: {'line': b'[ 16%] \x1b[32m\x1b[1mLinking C shared library libmy_interfaces__rosidl_generator_c.so\x1b[0m\n'}
[4.484654] (my_interfaces) StdoutLine: {'line': b'[ 16%] Built target my_interfaces__rosidl_generator_c\n'}
[4.498503] (my_interfaces) StdoutLine: {'line': b'[ 19%] \x1b[34m\x1b[1mGenerating C type support dispatch for ROS interfaces\x1b[0m\n'}
[4.498718] (my_interfaces) StdoutLine: {'line': b'[ 19%] \x1b[34m\x1b[1mGenerating C introspection for ROS interfaces\x1b[0m\n'}
[4.500791] (my_interfaces) StdoutLine: {'line': b'[ 21%] \x1b[34m\x1b[1mGenerating C type support for eProsima Fast-RTPS\x1b[0m\n'}
[4.513386] (-) TimerEvent: {}
[4.613851] (-) TimerEvent: {}
[4.717525] (-) TimerEvent: {}
[4.817971] (-) TimerEvent: {}
[4.918441] (-) TimerEvent: {}
[5.019056] (-) TimerEvent: {}
[5.119485] (-) TimerEvent: {}
[5.163170] (my_interfaces) StdoutLine: {'line': b'[ 22%] \x1b[32mBuilding CXX object CMakeFiles/my_interfaces__rosidl_typesupport_cpp.dir/rosidl_typesupport_cpp/my_interfaces/msg/ck_table__type_support.cpp.o\x1b[0m\n'}
[5.219621] (-) TimerEvent: {}
[5.286221] (my_interfaces) StdoutLine: {'line': b'[ 23%] \x1b[32mBuilding CXX object CMakeFiles/my_interfaces__rosidl_typesupport_introspection_cpp.dir/rosidl_typesupport_introspection_cpp/my_interfaces/msg/detail/ck_table__type_support.cpp.o\x1b[0m\n'}
[5.319736] (-) TimerEvent: {}
[5.374498] (my_interfaces) StdoutLine: {'line': b'[ 25%] \x1b[32mBuilding CXX object CMakeFiles/my_interfaces__rosidl_typesupport_fastrtps_cpp.dir/rosidl_typesupport_fastrtps_cpp/my_interfaces/msg/detail/dds_fastrtps/ck_table__type_support.cpp.o\x1b[0m\n'}
[5.408109] (my_interfaces) StdoutLine: {'line': b'[ 26%] \x1b[32mBuilding CXX object CMakeFiles/my_interfaces__rosidl_typesupport_c.dir/rosidl_typesupport_c/my_interfaces/msg/ck_table__type_support.cpp.o\x1b[0m\n'}
[5.419852] (-) TimerEvent: {}
[5.449594] (my_interfaces) StdoutLine: {'line': b'[ 28%] \x1b[32mBuilding CXX object CMakeFiles/my_interfaces__rosidl_typesupport_c.dir/rosidl_typesupport_c/my_interfaces/msg/agent_data__type_support.cpp.o\x1b[0m\n'}
[5.485847] (my_interfaces) StdoutLine: {'line': b'[ 29%] \x1b[32mBuilding CXX object CMakeFiles/my_interfaces__rosidl_typesupport_c.dir/rosidl_typesupport_c/my_interfaces/msg/single_obstacle__type_support.cpp.o\x1b[0m\n'}
[5.520431] (-) TimerEvent: {}
[5.525555] (my_interfaces) StdoutLine: {'line': b'[ 30%] \x1b[32mBuilding CXX object CMakeFiles/my_interfaces__rosidl_typesupport_c.dir/rosidl_typesupport_c/my_interfaces/msg/multiple_obstacles__type_support.cpp.o\x1b[0m\n'}
[5.543624] (my_interfaces) StdoutLine: {'line': b'[ 32%] \x1b[32mBuilding CXX object CMakeFiles/my_interfaces__rosidl_typesupport_cpp.dir/rosidl_typesupport_cpp/my_interfaces/msg/agent_data__type_support.cpp.o\x1b[0m\n'}
[5.551776] (my_interfaces) StdoutLine: {'line': b'[ 33%] \x1b[32mBuilding C object CMakeFiles/my_interfaces__rosidl_typesupport_introspection_c.dir/rosidl_typesupport_introspection_c/my_interfaces/msg/detail/ck_table__type_support.c.o\x1b[0m\n'}
[5.563785] (my_interfaces) StdoutLine: {'line': b'[ 35%] \x1b[32mBuilding CXX object CMakeFiles/my_interfaces__rosidl_typesupport_c.dir/rosidl_typesupport_c/my_interfaces/msg/single_target_estimate__type_support.cpp.o\x1b[0m\n'}
[5.602392] (my_interfaces) StdoutLine: {'line': b'[ 38%] \x1b[32mBuilding CXX object CMakeFiles/my_interfaces__rosidl_typesupport_c.dir/rosidl_typesupport_c/my_interfaces/msg/multiple_target_estimates__type_support.cpp.o\x1b[0m\n'}
[5.602620] (my_interfaces) StdoutLine: {'line': b'[ 38%] \x1b[32mBuilding C object CMakeFiles/my_interfaces__rosidl_typesupport_introspection_c.dir/rosidl_typesupport_introspection_c/my_interfaces/msg/detail/agent_data__type_support.c.o\x1b[0m\n'}
[5.621566] (-) TimerEvent: {}
[5.623615] (my_interfaces) StdoutLine: {'line': b'[ 39%] \x1b[32mBuilding CXX object CMakeFiles/my_interfaces__rosidl_typesupport_fastrtps_c.dir/rosidl_typesupport_fastrtps_c/my_interfaces/msg/detail/ck_table__type_support_c.cpp.o\x1b[0m\n'}
[5.647209] (my_interfaces) StdoutLine: {'line': b'[ 40%] \x1b[32m\x1b[1mLinking CXX shared library libmy_interfaces__rosidl_typesupport_c.so\x1b[0m\n'}
[5.676090] (my_interfaces) StdoutLine: {'line': b'[ 42%] \x1b[32mBuilding C object CMakeFiles/my_interfaces__rosidl_typesupport_introspection_c.dir/rosidl_typesupport_introspection_c/my_interfaces/msg/detail/single_obstacle__type_support.c.o\x1b[0m\n'}
[5.722533] (my_interfaces) StdoutLine: {'line': b'[ 43%] \x1b[32mBuilding C object CMakeFiles/my_interfaces__rosidl_typesupport_introspection_c.dir/rosidl_typesupport_introspection_c/my_interfaces/msg/detail/multiple_obstacles__type_support.c.o\x1b[0m\n'}
[5.722746] (-) TimerEvent: {}
[5.723876] (my_interfaces) StdoutLine: {'line': b'[ 43%] Built target my_interfaces__rosidl_typesupport_c\n'}
[5.737498] (my_interfaces) StdoutLine: {'line': b'[ 45%] \x1b[32mBuilding CXX object CMakeFiles/my_interfaces__rosidl_typesupport_cpp.dir/rosidl_typesupport_cpp/my_interfaces/msg/single_obstacle__type_support.cpp.o\x1b[0m\n'}
[5.776646] (my_interfaces) StdoutLine: {'line': b'[ 46%] \x1b[32mBuilding C object CMakeFiles/my_interfaces__rosidl_typesupport_introspection_c.dir/rosidl_typesupport_introspection_c/my_interfaces/msg/detail/single_target_estimate__type_support.c.o\x1b[0m\n'}
[5.823808] (my_interfaces) StdoutLine: {'line': b'[ 47%] \x1b[32mBuilding C object CMakeFiles/my_interfaces__rosidl_typesupport_introspection_c.dir/rosidl_typesupport_introspection_c/my_interfaces/msg/detail/multiple_target_estimates__type_support.c.o\x1b[0m\n'}
[5.824059] (-) TimerEvent: {}
[5.840344] (my_interfaces) StdoutLine: {'line': b'[ 49%] \x1b[32mBuilding CXX object CMakeFiles/my_interfaces__rosidl_typesupport_introspection_cpp.dir/rosidl_typesupport_introspection_cpp/my_interfaces/msg/detail/agent_data__type_support.cpp.o\x1b[0m\n'}
[5.877672] (my_interfaces) StdoutLine: {'line': b'[ 50%] \x1b[32m\x1b[1mLinking C shared library libmy_interfaces__rosidl_typesupport_introspection_c.so\x1b[0m\n'}
[5.898353] (my_interfaces) StdoutLine: {'line': b'[ 52%] \x1b[32mBuilding CXX object CMakeFiles/my_interfaces__rosidl_typesupport_fastrtps_cpp.dir/rosidl_typesupport_fastrtps_cpp/my_interfaces/msg/detail/dds_fastrtps/agent_data__type_support.cpp.o\x1b[0m\n'}
[5.925376] (-) TimerEvent: {}
[5.925653] (my_interfaces) StdoutLine: {'line': b'[ 52%] Built target my_interfaces__rosidl_typesupport_introspection_c\n'}
[5.936132] (my_interfaces) StdoutLine: {'line': b'[ 53%] \x1b[32mBuilding CXX object CMakeFiles/my_interfaces__rosidl_typesupport_introspection_cpp.dir/rosidl_typesupport_introspection_cpp/my_interfaces/msg/detail/single_obstacle__type_support.cpp.o\x1b[0m\n'}
[5.981545] (my_interfaces) StdoutLine: {'line': b'[ 54%] \x1b[32mBuilding CXX object CMakeFiles/my_interfaces__rosidl_typesupport_cpp.dir/rosidl_typesupport_cpp/my_interfaces/msg/multiple_obstacles__type_support.cpp.o\x1b[0m\n'}
[6.025535] (-) TimerEvent: {}
[6.090899] (my_interfaces) StdoutLine: {'line': b'[ 56%] \x1b[32mBuilding CXX object CMakeFiles/my_interfaces__rosidl_typesupport_fastrtps_c.dir/rosidl_typesupport_fastrtps_c/my_interfaces/msg/detail/agent_data__type_support_c.cpp.o\x1b[0m\n'}
[6.118700] (my_interfaces) StdoutLine: {'line': b'[ 57%] \x1b[32mBuilding CXX object CMakeFiles/my_interfaces__rosidl_typesupport_fastrtps_c.dir/rosidl_typesupport_fastrtps_c/my_interfaces/msg/detail/single_obstacle__type_support_c.cpp.o\x1b[0m\n'}
[6.125656] (-) TimerEvent: {}
[6.227788] (-) TimerEvent: {}
[6.328596] (my_interfaces) StdoutLine: {'line': b'[ 59%] \x1b[32mBuilding CXX object CMakeFiles/my_interfaces__rosidl_typesupport_cpp.dir/rosidl_typesupport_cpp/my_interfaces/msg/single_target_estimate__type_support.cpp.o\x1b[0m\n'}
[6.328826] (-) TimerEvent: {}
[6.429505] (-) TimerEvent: {}
[6.439163] (my_interfaces) StdoutLine: {'line': b'[ 60%] \x1b[32mBuilding CXX object CMakeFiles/my_interfaces__rosidl_typesupport_fastrtps_cpp.dir/rosidl_typesupport_fastrtps_cpp/my_interfaces/msg/detail/dds_fastrtps/single_obstacle__type_support.cpp.o\x1b[0m\n'}
[6.478120] (my_interfaces) StdoutLine: {'line': b'[ 61%] \x1b[32mBuilding CXX object CMakeFiles/my_interfaces__rosidl_typesupport_introspection_cpp.dir/rosidl_typesupport_introspection_cpp/my_interfaces/msg/detail/multiple_obstacles__type_support.cpp.o\x1b[0m\n'}
[6.529613] (-) TimerEvent: {}
[6.535202] (my_interfaces) StdoutLine: {'line': b'[ 63%] \x1b[32mBuilding CXX object CMakeFiles/my_interfaces__rosidl_typesupport_cpp.dir/rosidl_typesupport_cpp/my_interfaces/msg/multiple_target_estimates__type_support.cpp.o\x1b[0m\n'}
[6.536873] (my_interfaces) StdoutLine: {'line': b'[ 64%] \x1b[32mBuilding CXX object CMakeFiles/my_interfaces__rosidl_typesupport_introspection_cpp.dir/rosidl_typesupport_introspection_cpp/my_interfaces/msg/detail/single_target_estimate__type_support.cpp.o\x1b[0m\n'}
[6.583264] (my_interfaces) StdoutLine: {'line': b'[ 66%] \x1b[32mBuilding CXX object CMakeFiles/my_interfaces__rosidl_typesupport_fastrtps_c.dir/rosidl_typesupport_fastrtps_c/my_interfaces/msg/detail/multiple_obstacles__type_support_c.cpp.o\x1b[0m\n'}
[6.629750] (-) TimerEvent: {}
[6.661628] (my_interfaces) StdoutLine: {'line': b'[ 67%] \x1b[32mBuilding CXX object CMakeFiles/my_interfaces__rosidl_typesupport_introspection_cpp.dir/rosidl_typesupport_introspection_cpp/my_interfaces/msg/detail/multiple_target_estimates__type_support.cpp.o\x1b[0m\n'}
[6.729888] (-) TimerEvent: {}
[6.832755] (-) TimerEvent: {}
[6.902489] (my_interfaces) StdoutLine: {'line': b'[ 69%] \x1b[32m\x1b[1mLinking CXX shared library libmy_interfaces__rosidl_typesupport_cpp.so\x1b[0m\n'}
[6.932893] (-) TimerEvent: {}
[6.958499] (my_interfaces) StdoutLine: {'line': b'[ 69%] Built target my_interfaces__rosidl_typesupport_cpp\n'}
[6.969858] (my_interfaces) StdoutLine: {'line': b'[ 70%] \x1b[32mBuilding CXX object CMakeFiles/my_interfaces__rosidl_typesupport_fastrtps_cpp.dir/rosidl_typesupport_fastrtps_cpp/my_interfaces/msg/detail/dds_fastrtps/multiple_obstacles__type_support.cpp.o\x1b[0m\n'}
[7.007714] (my_interfaces) StdoutLine: {'line': b'[ 71%] \x1b[32mBuilding CXX object CMakeFiles/my_interfaces__rosidl_typesupport_fastrtps_c.dir/rosidl_typesupport_fastrtps_c/my_interfaces/msg/detail/single_target_estimate__type_support_c.cpp.o\x1b[0m\n'}
[7.030074] (my_interfaces) StdoutLine: {'line': b'[ 73%] \x1b[32mBuilding CXX object CMakeFiles/my_interfaces__rosidl_typesupport_fastrtps_c.dir/rosidl_typesupport_fastrtps_c/my_interfaces/msg/detail/multiple_target_estimates__type_support_c.cpp.o\x1b[0m\n'}
[7.033025] (-) TimerEvent: {}
[7.039688] (my_interfaces) StdoutLine: {'line': b'[ 74%] \x1b[32mBuilding CXX object CMakeFiles/my_interfaces__rosidl_typesupport_fastrtps_cpp.dir/rosidl_typesupport_fastrtps_cpp/my_interfaces/msg/detail/dds_fastrtps/single_target_estimate__type_support.cpp.o\x1b[0m\n'}
[7.097105] (my_interfaces) StdoutLine: {'line': b'[ 76%] \x1b[32mBuilding CXX object CMakeFiles/my_interfaces__rosidl_typesupport_fastrtps_cpp.dir/rosidl_typesupport_fastrtps_cpp/my_interfaces/msg/detail/dds_fastrtps/multiple_target_estimates__type_support.cpp.o\x1b[0m\n'}
[7.133160] (-) TimerEvent: {}
[7.208035] (my_interfaces) StdoutLine: {'line': b'[ 77%] \x1b[32m\x1b[1mLinking CXX shared library libmy_interfaces__rosidl_typesupport_introspection_cpp.so\x1b[0m\n'}
[7.233297] (-) TimerEvent: {}
[7.333840] (-) TimerEvent: {}
[7.348256] (my_interfaces) StdoutLine: {'line': b'[ 77%] Built target my_interfaces__rosidl_typesupport_introspection_cpp\n'}
[7.433985] (-) TimerEvent: {}
[7.485766] (my_interfaces) StdoutLine: {'line': b'[ 78%] \x1b[32m\x1b[1mLinking CXX shared library libmy_interfaces__rosidl_typesupport_fastrtps_c.so\x1b[0m\n'}
[7.534178] (-) TimerEvent: {}
[7.596930] (my_interfaces) StdoutLine: {'line': b'[ 78%] Built target my_interfaces__rosidl_typesupport_fastrtps_c\n'}
[7.624963] (my_interfaces) StdoutLine: {'line': b'[ 80%] \x1b[32m\x1b[1mLinking CXX shared library libmy_interfaces__rosidl_typesupport_fastrtps_cpp.so\x1b[0m\n'}
[7.634306] (-) TimerEvent: {}
[7.724669] (my_interfaces) StdoutLine: {'line': b'[ 80%] Built target my_interfaces__rosidl_typesupport_fastrtps_cpp\n'}
[7.734448] (-) TimerEvent: {}
[7.745857] (my_interfaces) StdoutLine: {'line': b'[ 80%] Built target my_interfaces\n'}
[7.765025] (my_interfaces) StdoutLine: {'line': b'[ 81%] \x1b[34m\x1b[1mGenerating Python code for ROS interfaces\x1b[0m\n'}
[7.834610] (-) TimerEvent: {}
[7.935031] (-) TimerEvent: {}
[8.035427] (-) TimerEvent: {}
[8.135874] (-) TimerEvent: {}
[8.236295] (-) TimerEvent: {}
[8.336738] (-) TimerEvent: {}
[8.437167] (-) TimerEvent: {}
[8.537584] (-) TimerEvent: {}
[8.637989] (-) TimerEvent: {}
[8.738383] (-) TimerEvent: {}
[8.838890] (-) TimerEvent: {}
[8.894984] (my_interfaces) StdoutLine: {'line': b'[ 81%] Built target my_interfaces__py\n'}
[8.914929] (my_interfaces) StdoutLine: {'line': b'[ 85%] \x1b[32mBuilding C object CMakeFiles/my_interfaces__rosidl_generator_py.dir/rosidl_generator_py/my_interfaces/msg/_single_obstacle_s.c.o\x1b[0m\n'}
[8.915146] (my_interfaces) StdoutLine: {'line': b'[ 85%] \x1b[32mBuilding C object CMakeFiles/my_interfaces__rosidl_generator_py.dir/rosidl_generator_py/my_interfaces/msg/_agent_data_s.c.o\x1b[0m\n'}
[8.915211] (my_interfaces) StdoutLine: {'line': b'[ 87%] \x1b[32mBuilding C object CMakeFiles/my_interfaces__rosidl_generator_py.dir/rosidl_generator_py/my_interfaces/msg/_multiple_target_estimates_s.c.o\x1b[0m\n'}
[8.915270] (my_interfaces) StdoutLine: {'line': b'[ 87%] \x1b[32mBuilding C object CMakeFiles/my_interfaces__rosidl_generator_py.dir/rosidl_generator_py/my_interfaces/msg/_ck_table_s.c.o\x1b[0m\n'}
[8.915328] (my_interfaces) StdoutLine: {'line': b'[ 88%] \x1b[32mBuilding C object CMakeFiles/my_interfaces__rosidl_generator_py.dir/rosidl_generator_py/my_interfaces/msg/_single_target_estimate_s.c.o\x1b[0m\n'}
[8.915488] (my_interfaces) StdoutLine: {'line': b'[ 90%] \x1b[32mBuilding C object CMakeFiles/my_interfaces__rosidl_generator_py.dir/rosidl_generator_py/my_interfaces/msg/_multiple_obstacles_s.c.o\x1b[0m\n'}
[8.939077] (-) TimerEvent: {}
[9.041558] (-) TimerEvent: {}
[9.064321] (my_interfaces) StdoutLine: {'line': b'[ 91%] \x1b[32m\x1b[1mLinking C shared library rosidl_generator_py/my_interfaces/libmy_interfaces__rosidl_generator_py.so\x1b[0m\n'}
[9.106082] (my_interfaces) StdoutLine: {'line': b'[ 91%] Built target my_interfaces__rosidl_generator_py\n'}
[9.123953] (my_interfaces) StdoutLine: {'line': b'[ 94%] \x1b[32mBuilding C object CMakeFiles/my_interfaces__rosidl_typesupport_c__pyext.dir/rosidl_generator_py/my_interfaces/_my_interfaces_s.ep.rosidl_typesupport_c.c.o\x1b[0m\n'}
[9.124209] (my_interfaces) StdoutLine: {'line': b'[ 94%] \x1b[32mBuilding C object CMakeFiles/my_interfaces__rosidl_typesupport_introspection_c__pyext.dir/rosidl_generator_py/my_interfaces/_my_interfaces_s.ep.rosidl_typesupport_introspection_c.c.o\x1b[0m\n'}
[9.129119] (my_interfaces) StdoutLine: {'line': b'[ 95%] \x1b[32mBuilding C object CMakeFiles/my_interfaces__rosidl_typesupport_fastrtps_c__pyext.dir/rosidl_generator_py/my_interfaces/_my_interfaces_s.ep.rosidl_typesupport_fastrtps_c.c.o\x1b[0m\n'}
[9.141691] (-) TimerEvent: {}
[9.227079] (my_interfaces) StdoutLine: {'line': b'[ 97%] \x1b[32m\x1b[1mLinking C shared library rosidl_generator_py/my_interfaces/my_interfaces_s__rosidl_typesupport_introspection_c.cpython-310-x86_64-linux-gnu.so\x1b[0m\n'}
[9.229660] (my_interfaces) StdoutLine: {'line': b'[ 98%] \x1b[32m\x1b[1mLinking C shared library rosidl_generator_py/my_interfaces/my_interfaces_s__rosidl_typesupport_c.cpython-310-x86_64-linux-gnu.so\x1b[0m\n'}
[9.230680] (my_interfaces) StdoutLine: {'line': b'[100%] \x1b[32m\x1b[1mLinking C shared library rosidl_generator_py/my_interfaces/my_interfaces_s__rosidl_typesupport_fastrtps_c.cpython-310-x86_64-linux-gnu.so\x1b[0m\n'}
[9.242649] (-) TimerEvent: {}
[9.265034] (my_interfaces) StdoutLine: {'line': b'[100%] Built target my_interfaces__rosidl_typesupport_introspection_c__pyext\n'}
[9.266844] (my_interfaces) StdoutLine: {'line': b'[100%] Built target my_interfaces__rosidl_typesupport_c__pyext\n'}
[9.268661] (my_interfaces) StdoutLine: {'line': b'[100%] Built target my_interfaces__rosidl_typesupport_fastrtps_c__pyext\n'}
[9.280694] (my_interfaces) CommandEnded: {'returncode': 0}
[9.281318] (my_interfaces) JobProgress: {'identifier': 'my_interfaces', 'progress': 'install'}
[9.288392] (my_interfaces) Command: {'cmd': ['/usr/bin/cmake', '--install', '/home/alex/Diplomatiki/ros/build/my_interfaces'], 'cwd': '/home/alex/Diplomatiki/ros/build/my_interfaces', 'env': OrderedDict([('LESSOPEN', '| /usr/bin/lesspipe %s'), ('USER', 'alex'), ('LC_TIME', 'el_GR.UTF-8'), ('XDG_SESSION_TYPE', 'x11'), ('SHLVL', '2'), ('LD_LIBRARY_PATH', '/home/alex/Diplomatiki/ros/install/my_interfaces/lib:/opt/ros/humble/opt/rviz_ogre_vendor/lib:/opt/ros/humble/lib/x86_64-linux-gnu:/opt/ros/humble/lib'), ('HOME', '/home/alex'), ('OLDPWD', '/home/alex'), ('DESKTOP_SESSION', 'ubuntu'), ('ROS_PYTHON_VERSION', '3'), ('GNOME_SHELL_SESSION_MODE', 'ubuntu'), ('GTK_MODULES', 'gail:atk-bridge'), ('LC_MONETARY', 'el_GR.UTF-8'), ('MANAGERPID', '1493'), ('SYSTEMD_EXEC_PID', '1942'), ('DBUS_SESSION_BUS_ADDRESS', 'unix:path=/run/user/1000/bus'), ('COLORTERM', 'truecolor'), ('GIO_LAUNCHED_DESKTOP_FILE_PID', '5122'), ('COLCON_PREFIX_PATH', '/home/alex/Diplomatiki/ros/install'), ('ROS_DISTRO', 'humble'), ('GTK_IM_MODULE', 'ibus'), ('LOGNAME', 'alex'), ('_', '/usr/bin/colcon'), ('JOURNAL_STREAM', '8:17525'), ('ROS_VERSION', '2'), ('XDG_SESSION_CLASS', 'user'), ('USERNAME', 'alex'), ('TERM', 'xterm-256color'), ('GNOME_DESKTOP_SESSION_ID', 'this-is-deprecated'), ('ROS_LOCALHOST_ONLY', '0'), ('WINDOWPATH', '2'), ('PATH', '/opt/ros/humble/bin:/usr/local/sbin:/usr/local/bin:/usr/sbin:/usr/bin:/sbin:/bin:/usr/games:/usr/local/games:/snap/bin:/snap/bin'), ('SESSION_MANAGER', 'local/alexlinux:@/tmp/.ICE-unix/1739,unix/alexlinux:/tmp/.ICE-unix/1739'), ('INVOCATION_ID', '8e69295de2a7458f83797d203a03c9ba'), ('XDG_MENU_PREFIX', 'gnome-'), ('LC_ADDRESS', 'el_GR.UTF-8'), ('XDG_RUNTIME_DIR', '/run/user/1000'), ('DISPLAY', ':1'), ('LANG', 'en_US.UTF-8'), ('XDG_CURRENT_DESKTOP', 'ubuntu:GNOME'), ('LC_TELEPHONE', 'el_GR.UTF-8'), ('TILIX_ID', 'fb1f97d2-1248-4ff0-a33b-d3882734f26a'), ('XMODIFIERS', '@im=ibus'), ('XDG_SESSION_DESKTOP', 'ubuntu'), ('XAUTHORITY', '/run/user/1000/gdm/Xauthority'), ('LS_COLORS', 'rs=0:di=01;34:ln=01;36:mh=00:pi=40;33:so=01;35:do=01;35:bd=40;33;01:cd=40;33;01:or=40;31;01:mi=00:su=37;41:sg=30;43:ca=30;41:tw=30;42:ow=34;42:st=37;44:ex=01;32:*.tar=01;31:*.tgz=01;31:*.arc=01;31:*.arj=01;31:*.taz=01;31:*.lha=01;31:*.lz4=01;31:*.lzh=01;31:*.lzma=01;31:*.tlz=01;31:*.txz=01;31:*.tzo=01;31:*.t7z=01;31:*.zip=01;31:*.z=01;31:*.dz=01;31:*.gz=01;31:*.lrz=01;31:*.lz=01;31:*.lzo=01;31:*.xz=01;31:*.zst=01;31:*.tzst=01;31:*.bz2=01;31:*.bz=01;31:*.tbz=01;31:*.tbz2=01;31:*.tz=01;31:*.deb=01;31:*.rpm=01;31:*.jar=01;31:*.war=01;31:*.ear=01;31:*.sar=01;31:*.rar=01;31:*.alz=01;31:*.ace=01;31:*.zoo=01;31:*.cpio=01;31:*.7z=01;31:*.rz=01;31:*.cab=01;31:*.wim=01;31:*.swm=01;31:*.dwm=01;31:*.esd=01;31:*.jpg=01;35:*.jpeg=01;35:*.mjpg=01;35:*.mjpeg=01;35:*.gif=01;35:*.bmp=01;35:*.pbm=01;35:*.pgm=01;35:*.ppm=01;35:*.tga=01;35:*.xbm=01;35:*.xpm=01;35:*.tif=01;35:*.tiff=01;35:*.png=01;35:*.svg=01;35:*.svgz=01;35:*.mng=01;35:*.pcx=01;35:*.mov=01;35:*.mpg=01;35:*.mpeg=01;35:*.m2v=01;35:*.mkv=01;35:*.webm=01;35:*.webp=01;35:*.ogm=01;35:*.mp4=01;35:*.m4v=01;35:*.mp4v=01;35:*.vob=01;35:*.qt=01;35:*.nuv=01;35:*.wmv=01;35:*.asf=01;35:*.rm=01;35:*.rmvb=01;35:*.flc=01;35:*.avi=01;35:*.fli=01;35:*.flv=01;35:*.gl=01;35:*.dl=01;35:*.xcf=01;35:*.xwd=01;35:*.yuv=01;35:*.cgm=01;35:*.emf=01;35:*.ogv=01;35:*.ogx=01;35:*.aac=00;36:*.au=00;36:*.flac=00;36:*.m4a=00;36:*.mid=00;36:*.midi=00;36:*.mka=00;36:*.mp3=00;36:*.mpc=00;36:*.ogg=00;36:*.ra=00;36:*.wav=00;36:*.oga=00;36:*.opus=00;36:*.spx=00;36:*.xspf=00;36:'), ('SSH_AGENT_LAUNCHER', 'gnome-keyring'), ('SSH_AUTH_SOCK', '/run/user/1000/keyring/ssh'), ('AMENT_PREFIX_PATH', '/home/alex/Diplomatiki/ros/install/ergodic_exploration:/home/alex/Diplomatiki/ros/install/my_interfaces:/opt/ros/humble'), ('SHELL', '/bin/bash'), ('LC_NAME', 'el_GR.UTF-8'), ('QT_ACCESSIBILITY', '1'), ('GDMSESSION', 'ubuntu'), ('LESSCLOSE', '/usr/bin/lesspipe %s %s'), ('LC_MEASUREMENT', 'el_GR.UTF-8'), ('GPG_AGENT_INFO', '/run/user/1000/gnupg/S.gpg-agent:0:1'), ('LC_IDENTIFICATION', 'el_GR.UTF-8'), ('QT_IM_MODULE', 'ibus'), ('PWD', '/home/alex/Diplomatiki/ros/build/my_interfaces'), ('XDG_CONFIG_DIRS', '/etc/xdg/xdg-ubuntu:/etc/xdg'), ('XDG_DATA_DIRS', '/usr/share/ubuntu:/usr/share/gnome:/usr/local/share/:/usr/share/:/var/lib/snapd/desktop'), ('PYTHONPATH', '/home/alex/Diplomatiki/ros/install/ergodic_exploration/lib/python3.10/site-packages:/home/alex/Diplomatiki/ros/install/my_interfaces/local/lib/python3.10/dist-packages:/opt/ros/humble/lib/python3.10/site-packages:/opt/ros/humble/local/lib/python3.10/dist-packages'), ('LC_NUMERIC', 'el_GR.UTF-8'), ('LC_PAPER', 'el_GR.UTF-8'), ('COLCON', '1'), ('VTE_VERSION', '6800'), ('CMAKE_PREFIX_PATH', '/home/alex/Diplomatiki/ros/install/my_interfaces:/home/alex/Diplomatiki/ros/install/ergodic_exploration:/opt/ros/humble')]), 'shell': False}
[9.296534] (my_interfaces) StdoutLine: {'line': b'-- Install configuration: ""\n'}
[9.296795] (my_interfaces) StdoutLine: {'line': b'-- Installing: /home/alex/Diplomatiki/ros/install/my_interfaces/share/ament_index/resource_index/rosidl_interfaces/my_interfaces\n'}
[9.297019] (my_interfaces) StdoutLine: {'line': b'-- Installing: /home/alex/Diplomatiki/ros/install/my_interfaces/include/my_interfaces/my_interfaces\n'}
[9.297156] (my_interfaces) StdoutLine: {'line': b'-- Installing: /home/alex/Diplomatiki/ros/install/my_interfaces/include/my_interfaces/my_interfaces/msg\n'}
[9.297284] (my_interfaces) StdoutLine: {'line': b'-- Installing: /home/alex/Diplomatiki/ros/install/my_interfaces/include/my_interfaces/my_interfaces/msg/agent_data.h\n'}
[9.297610] (my_interfaces) StdoutLine: {'line': b'-- Installing: /home/alex/Diplomatiki/ros/install/my_interfaces/include/my_interfaces/my_interfaces/msg/multiple_obstacles.h\n'}
[9.297763] (my_interfaces) StdoutLine: {'line': b'-- Installing: /home/alex/Diplomatiki/ros/install/my_interfaces/include/my_interfaces/my_interfaces/msg/rosidl_generator_c__visibility_control.h\n'}
[9.297894] (my_interfaces) StdoutLine: {'line': b'-- Installing: /home/alex/Diplomatiki/ros/install/my_interfaces/include/my_interfaces/my_interfaces/msg/multiple_target_estimates.h\n'}
[9.298020] (my_interfaces) StdoutLine: {'line': b'-- Installing: /home/alex/Diplomatiki/ros/install/my_interfaces/include/my_interfaces/my_interfaces/msg/detail\n'}
[9.298146] (my_interfaces) StdoutLine: {'line': b'-- Installing: /home/alex/Diplomatiki/ros/install/my_interfaces/include/my_interfaces/my_interfaces/msg/detail/single_target_estimate__type_support.h\n'}
[9.298273] (my_interfaces) StdoutLine: {'line': b'-- Installing: /home/alex/Diplomatiki/ros/install/my_interfaces/include/my_interfaces/my_interfaces/msg/detail/single_obstacle__type_support.h\n'}
[9.298398] (my_interfaces) StdoutLine: {'line': b'-- Installing: /home/alex/Diplomatiki/ros/install/my_interfaces/include/my_interfaces/my_interfaces/msg/detail/single_target_estimate__struct.h\n'}
[9.298597] (my_interfaces) StdoutLine: {'line': b'-- Installing: /home/alex/Diplomatiki/ros/install/my_interfaces/include/my_interfaces/my_interfaces/msg/detail/agent_data__functions.h\n'}
[9.298730] (my_interfaces) StdoutLine: {'line': b'-- Installing: /home/alex/Diplomatiki/ros/install/my_interfaces/include/my_interfaces/my_interfaces/msg/detail/multiple_target_estimates__type_support.h\n'}
[9.298866] (my_interfaces) StdoutLine: {'line': b'-- Installing: /home/alex/Diplomatiki/ros/install/my_interfaces/include/my_interfaces/my_interfaces/msg/detail/multiple_obstacles__functions.c\n'}
[9.299063] (my_interfaces) StdoutLine: {'line': b'-- Installing: /home/alex/Diplomatiki/ros/install/my_interfaces/include/my_interfaces/my_interfaces/msg/detail/single_target_estimate__functions.h\n'}
[9.299163] (my_interfaces) StdoutLine: {'line': b'-- Installing: /home/alex/Diplomatiki/ros/install/my_interfaces/include/my_interfaces/my_interfaces/msg/detail/ck_table__struct.h\n'}
[9.299260] (my_interfaces) StdoutLine: {'line': b'-- Installing: /home/alex/Diplomatiki/ros/install/my_interfaces/include/my_interfaces/my_interfaces/msg/detail/agent_data__type_support.h\n'}
[9.299353] (my_interfaces) StdoutLine: {'line': b'-- Installing: /home/alex/Diplomatiki/ros/install/my_interfaces/include/my_interfaces/my_interfaces/msg/detail/single_obstacle__functions.h\n'}
[9.299449] (my_interfaces) StdoutLine: {'line': b'-- Installing: /home/alex/Diplomatiki/ros/install/my_interfaces/include/my_interfaces/my_interfaces/msg/detail/single_obstacle__struct.h\n'}
[9.299568] (my_interfaces) StdoutLine: {'line': b'-- Installing: /home/alex/Diplomatiki/ros/install/my_interfaces/include/my_interfaces/my_interfaces/msg/detail/agent_data__struct.h\n'}
[9.299668] (my_interfaces) StdoutLine: {'line': b'-- Installing: /home/alex/Diplomatiki/ros/install/my_interfaces/include/my_interfaces/my_interfaces/msg/detail/agent_data__functions.c\n'}
[9.299765] (my_interfaces) StdoutLine: {'line': b'-- Installing: /home/alex/Diplomatiki/ros/install/my_interfaces/include/my_interfaces/my_interfaces/msg/detail/multiple_obstacles__struct.h\n'}
[9.299860] (my_interfaces) StdoutLine: {'line': b'-- Installing: /home/alex/Diplomatiki/ros/install/my_interfaces/include/my_interfaces/my_interfaces/msg/detail/ck_table__functions.c\n'}
[9.300045] (my_interfaces) StdoutLine: {'line': b'-- Installing: /home/alex/Diplomatiki/ros/install/my_interfaces/include/my_interfaces/my_interfaces/msg/detail/single_obstacle__functions.c\n'}
[9.300156] (my_interfaces) StdoutLine: {'line': b'-- Installing: /home/alex/Diplomatiki/ros/install/my_interfaces/include/my_interfaces/my_interfaces/msg/detail/single_target_estimate__functions.c\n'}
[9.300259] (my_interfaces) StdoutLine: {'line': b'-- Installing: /home/alex/Diplomatiki/ros/install/my_interfaces/include/my_interfaces/my_interfaces/msg/detail/multiple_obstacles__type_support.h\n'}
[9.300354] (my_interfaces) StdoutLine: {'line': b'-- Installing: /home/alex/Diplomatiki/ros/install/my_interfaces/include/my_interfaces/my_interfaces/msg/detail/multiple_target_estimates__functions.h\n'}
[9.300451] (my_interfaces) StdoutLine: {'line': b'-- Installing: /home/alex/Diplomatiki/ros/install/my_interfaces/include/my_interfaces/my_interfaces/msg/detail/ck_table__functions.h\n'}
[9.300567] (my_interfaces) StdoutLine: {'line': b'-- Installing: /home/alex/Diplomatiki/ros/install/my_interfaces/include/my_interfaces/my_interfaces/msg/detail/multiple_target_estimates__functions.c\n'}
[9.300664] (my_interfaces) StdoutLine: {'line': b'-- Installing: /home/alex/Diplomatiki/ros/install/my_interfaces/include/my_interfaces/my_interfaces/msg/detail/multiple_target_estimates__struct.h\n'}
[9.300785] (my_interfaces) StdoutLine: {'line': b'-- Installing: /home/alex/Diplomatiki/ros/install/my_interfaces/include/my_interfaces/my_interfaces/msg/detail/multiple_obstacles__functions.h\n'}
[9.300910] (my_interfaces) StdoutLine: {'line': b'-- Installing: /home/alex/Diplomatiki/ros/install/my_interfaces/include/my_interfaces/my_interfaces/msg/detail/ck_table__type_support.h\n'}
[9.301033] (my_interfaces) StdoutLine: {'line': b'-- Installing: /home/alex/Diplomatiki/ros/install/my_interfaces/include/my_interfaces/my_interfaces/msg/single_target_estimate.h\n'}
[9.301156] (my_interfaces) StdoutLine: {'line': b'-- Installing: /home/alex/Diplomatiki/ros/install/my_interfaces/include/my_interfaces/my_interfaces/msg/ck_table.h\n'}
[9.301281] (my_interfaces) StdoutLine: {'line': b'-- Installing: /home/alex/Diplomatiki/ros/install/my_interfaces/include/my_interfaces/my_interfaces/msg/single_obstacle.h\n'}
[9.301405] (my_interfaces) StdoutLine: {'line': b'-- Installing: /home/alex/Diplomatiki/ros/install/my_interfaces/share/my_interfaces/environment/library_path.sh\n'}
[9.301554] (my_interfaces) StdoutLine: {'line': b'-- Installing: /home/alex/Diplomatiki/ros/install/my_interfaces/share/my_interfaces/environment/library_path.dsv\n'}
[9.301692] (my_interfaces) StdoutLine: {'line': b'-- Installing: /home/alex/Diplomatiki/ros/install/my_interfaces/lib/libmy_interfaces__rosidl_generator_c.so\n'}
[9.301801] (my_interfaces) StdoutLine: {'line': b'-- Set runtime path of "/home/alex/Diplomatiki/ros/install/my_interfaces/lib/libmy_interfaces__rosidl_generator_c.so" to ""\n'}
[9.301900] (my_interfaces) StdoutLine: {'line': b'-- Up-to-date: /home/alex/Diplomatiki/ros/install/my_interfaces/include/my_interfaces/my_interfaces\n'}
[9.301995] (my_interfaces) StdoutLine: {'line': b'-- Up-to-date: /home/alex/Diplomatiki/ros/install/my_interfaces/include/my_interfaces/my_interfaces/msg\n'}
[9.302090] (my_interfaces) StdoutLine: {'line': b'-- Installing: /home/alex/Diplomatiki/ros/install/my_interfaces/include/my_interfaces/my_interfaces/msg/rosidl_typesupport_fastrtps_c__visibility_control.h\n'}
[9.302186] (my_interfaces) StdoutLine: {'line': b'-- Up-to-date: /home/alex/Diplomatiki/ros/install/my_interfaces/include/my_interfaces/my_interfaces/msg/detail\n'}
[9.302281] (my_interfaces) StdoutLine: {'line': b'-- Installing: /home/alex/Diplomatiki/ros/install/my_interfaces/include/my_interfaces/my_interfaces/msg/detail/single_obstacle__rosidl_typesupport_fastrtps_c.h\n'}
[9.302488] (my_interfaces) StdoutLine: {'line': b'-- Installing: /home/alex/Diplomatiki/ros/install/my_interfaces/include/my_interfaces/my_interfaces/msg/detail/multiple_target_estimates__rosidl_typesupport_fastrtps_c.h\n'}
[9.302596] (my_interfaces) StdoutLine: {'line': b'-- Installing: /home/alex/Diplomatiki/ros/install/my_interfaces/include/my_interfaces/my_interfaces/msg/detail/ck_table__rosidl_typesupport_fastrtps_c.h\n'}
[9.302693] (my_interfaces) StdoutLine: {'line': b'-- Installing: /home/alex/Diplomatiki/ros/install/my_interfaces/include/my_interfaces/my_interfaces/msg/detail/multiple_obstacles__rosidl_typesupport_fastrtps_c.h\n'}
[9.302897] (my_interfaces) StdoutLine: {'line': b'-- Installing: /home/alex/Diplomatiki/ros/install/my_interfaces/include/my_interfaces/my_interfaces/msg/detail/single_target_estimate__rosidl_typesupport_fastrtps_c.h\n'}
[9.303073] (my_interfaces) StdoutLine: {'line': b'-- Installing: /home/alex/Diplomatiki/ros/install/my_interfaces/include/my_interfaces/my_interfaces/msg/detail/agent_data__rosidl_typesupport_fastrtps_c.h\n'}
[9.303200] (my_interfaces) StdoutLine: {'line': b'-- Installing: /home/alex/Diplomatiki/ros/install/my_interfaces/lib/libmy_interfaces__rosidl_typesupport_fastrtps_c.so\n'}
[9.303326] (my_interfaces) StdoutLine: {'line': b'-- Set runtime path of "/home/alex/Diplomatiki/ros/install/my_interfaces/lib/libmy_interfaces__rosidl_typesupport_fastrtps_c.so" to ""\n'}
[9.303539] (my_interfaces) StdoutLine: {'line': b'-- Up-to-date: /home/alex/Diplomatiki/ros/install/my_interfaces/include/my_interfaces/my_interfaces\n'}
[9.303684] (my_interfaces) StdoutLine: {'line': b'-- Up-to-date: /home/alex/Diplomatiki/ros/install/my_interfaces/include/my_interfaces/my_interfaces/msg\n'}
[9.303795] (my_interfaces) StdoutLine: {'line': b'-- Up-to-date: /home/alex/Diplomatiki/ros/install/my_interfaces/include/my_interfaces/my_interfaces/msg/detail\n'}
[9.303891] (my_interfaces) StdoutLine: {'line': b'-- Installing: /home/alex/Diplomatiki/ros/install/my_interfaces/include/my_interfaces/my_interfaces/msg/detail/multiple_obstacles__rosidl_typesupport_introspection_c.h\n'}
[9.303986] (my_interfaces) StdoutLine: {'line': b'-- Installing: /home/alex/Diplomatiki/ros/install/my_interfaces/include/my_interfaces/my_interfaces/msg/detail/ck_table__rosidl_typesupport_introspection_c.h\n'}
[9.304082] (my_interfaces) StdoutLine: {'line': b'-- Installing: /home/alex/Diplomatiki/ros/install/my_interfaces/include/my_interfaces/my_interfaces/msg/detail/multiple_target_estimates__rosidl_typesupport_introspection_c.h\n'}
[9.304178] (my_interfaces) StdoutLine: {'line': b'-- Installing: /home/alex/Diplomatiki/ros/install/my_interfaces/include/my_interfaces/my_interfaces/msg/detail/agent_data__rosidl_typesupport_introspection_c.h\n'}
[9.304274] (my_interfaces) StdoutLine: {'line': b'-- Installing: /home/alex/Diplomatiki/ros/install/my_interfaces/include/my_interfaces/my_interfaces/msg/detail/ck_table__type_support.c\n'}
[9.304370] (my_interfaces) StdoutLine: {'line': b'-- Installing: /home/alex/Diplomatiki/ros/install/my_interfaces/include/my_interfaces/my_interfaces/msg/detail/single_obstacle__rosidl_typesupport_introspection_c.h\n'}
[9.304479] (my_interfaces) StdoutLine: {'line': b'-- Installing: /home/alex/Diplomatiki/ros/install/my_interfaces/include/my_interfaces/my_interfaces/msg/detail/multiple_obstacles__type_support.c\n'}
[9.304587] (my_interfaces) StdoutLine: {'line': b'-- Installing: /home/alex/Diplomatiki/ros/install/my_interfaces/include/my_interfaces/my_interfaces/msg/detail/agent_data__type_support.c\n'}
[9.304684] (my_interfaces) StdoutLine: {'line': b'-- Installing: /home/alex/Diplomatiki/ros/install/my_interfaces/include/my_interfaces/my_interfaces/msg/detail/single_obstacle__type_support.c\n'}
[9.304788] (my_interfaces) StdoutLine: {'line': b'-- Installing: /home/alex/Diplomatiki/ros/install/my_interfaces/include/my_interfaces/my_interfaces/msg/detail/single_target_estimate__rosidl_typesupport_introspection_c.h\n'}
[9.304890] (my_interfaces) StdoutLine: {'line': b'-- Installing: /home/alex/Diplomatiki/ros/install/my_interfaces/include/my_interfaces/my_interfaces/msg/detail/single_target_estimate__type_support.c\n'}
[9.304993] (my_interfaces) StdoutLine: {'line': b'-- Installing: /home/alex/Diplomatiki/ros/install/my_interfaces/include/my_interfaces/my_interfaces/msg/detail/multiple_target_estimates__type_support.c\n'}
[9.305096] (my_interfaces) StdoutLine: {'line': b'-- Installing: /home/alex/Diplomatiki/ros/install/my_interfaces/include/my_interfaces/my_interfaces/msg/rosidl_typesupport_introspection_c__visibility_control.h\n'}
[9.305270] (my_interfaces) StdoutLine: {'line': b'-- Installing: /home/alex/Diplomatiki/ros/install/my_interfaces/lib/libmy_interfaces__rosidl_typesupport_introspection_c.so\n'}
[9.305369] (my_interfaces) StdoutLine: {'line': b'-- Set runtime path of "/home/alex/Diplomatiki/ros/install/my_interfaces/lib/libmy_interfaces__rosidl_typesupport_introspection_c.so" to ""\n'}
[9.305480] (my_interfaces) StdoutLine: {'line': b'-- Installing: /home/alex/Diplomatiki/ros/install/my_interfaces/lib/libmy_interfaces__rosidl_typesupport_c.so\n'}
[9.305594] (my_interfaces) StdoutLine: {'line': b'-- Set runtime path of "/home/alex/Diplomatiki/ros/install/my_interfaces/lib/libmy_interfaces__rosidl_typesupport_c.so" to ""\n'}
[9.305697] (my_interfaces) StdoutLine: {'line': b'-- Up-to-date: /home/alex/Diplomatiki/ros/install/my_interfaces/include/my_interfaces/my_interfaces\n'}
[9.305797] (my_interfaces) StdoutLine: {'line': b'-- Up-to-date: /home/alex/Diplomatiki/ros/install/my_interfaces/include/my_interfaces/my_interfaces/msg\n'}
[9.305942] (my_interfaces) StdoutLine: {'line': b'-- Installing: /home/alex/Diplomatiki/ros/install/my_interfaces/include/my_interfaces/my_interfaces/msg/ck_table.hpp\n'}
[9.306043] (my_interfaces) StdoutLine: {'line': b'-- Installing: /home/alex/Diplomatiki/ros/install/my_interfaces/include/my_interfaces/my_interfaces/msg/multiple_obstacles.hpp\n'}
[9.306142] (my_interfaces) StdoutLine: {'line': b'-- Installing: /home/alex/Diplomatiki/ros/install/my_interfaces/include/my_interfaces/my_interfaces/msg/rosidl_generator_cpp__visibility_control.hpp\n'}
[9.306241] (my_interfaces) StdoutLine: {'line': b'-- Installing: /home/alex/Diplomatiki/ros/install/my_interfaces/include/my_interfaces/my_interfaces/msg/single_obstacle.hpp\n'}
[9.306340] (my_interfaces) StdoutLine: {'line': b'-- Installing: /home/alex/Diplomatiki/ros/install/my_interfaces/include/my_interfaces/my_interfaces/msg/agent_data.hpp\n'}
[9.306439] (my_interfaces) StdoutLine: {'line': b'-- Installing: /home/alex/Diplomatiki/ros/install/my_interfaces/include/my_interfaces/my_interfaces/msg/multiple_target_estimates.hpp\n'}
[9.306596] (my_interfaces) StdoutLine: {'line': b'-- Up-to-date: /home/alex/Diplomatiki/ros/install/my_interfaces/include/my_interfaces/my_interfaces/msg/detail\n'}
[9.306703] (my_interfaces) StdoutLine: {'line': b'-- Installing: /home/alex/Diplomatiki/ros/install/my_interfaces/include/my_interfaces/my_interfaces/msg/detail/multiple_target_estimates__traits.hpp\n'}
[9.306807] (my_interfaces) StdoutLine: {'line': b'-- Installing: /home/alex/Diplomatiki/ros/install/my_interfaces/include/my_interfaces/my_interfaces/msg/detail/single_obstacle__builder.hpp\n'}
[9.306909] (my_interfaces) StdoutLine: {'line': b'-- Installing: /home/alex/Diplomatiki/ros/install/my_interfaces/include/my_interfaces/my_interfaces/msg/detail/ck_table__traits.hpp\n'}
[9.307012] (my_interfaces) StdoutLine: {'line': b'-- Installing: /home/alex/Diplomatiki/ros/install/my_interfaces/include/my_interfaces/my_interfaces/msg/detail/single_target_estimate__builder.hpp\n'}
[9.307117] (my_interfaces) StdoutLine: {'line': b'-- Installing: /home/alex/Diplomatiki/ros/install/my_interfaces/include/my_interfaces/my_interfaces/msg/detail/multiple_obstacles__builder.hpp\n'}
[9.307220] (my_interfaces) StdoutLine: {'line': b'-- Installing: /home/alex/Diplomatiki/ros/install/my_interfaces/include/my_interfaces/my_interfaces/msg/detail/ck_table__type_support.hpp\n'}
[9.307323] (my_interfaces) StdoutLine: {'line': b'-- Installing: /home/alex/Diplomatiki/ros/install/my_interfaces/include/my_interfaces/my_interfaces/msg/detail/multiple_obstacles__type_support.hpp\n'}
[9.307426] (my_interfaces) StdoutLine: {'line': b'-- Installing: /home/alex/Diplomatiki/ros/install/my_interfaces/include/my_interfaces/my_interfaces/msg/detail/single_target_estimate__traits.hpp\n'}
[9.307551] (my_interfaces) StdoutLine: {'line': b'-- Installing: /home/alex/Diplomatiki/ros/install/my_interfaces/include/my_interfaces/my_interfaces/msg/detail/ck_table__struct.hpp\n'}
[9.307657] (my_interfaces) StdoutLine: {'line': b'-- Installing: /home/alex/Diplomatiki/ros/install/my_interfaces/include/my_interfaces/my_interfaces/msg/detail/single_target_estimate__type_support.hpp\n'}
[9.307804] (my_interfaces) StdoutLine: {'line': b'-- Installing: /home/alex/Diplomatiki/ros/install/my_interfaces/include/my_interfaces/my_interfaces/msg/detail/agent_data__struct.hpp\n'}
[9.307907] (my_interfaces) StdoutLine: {'line': b'-- Installing: /home/alex/Diplomatiki/ros/install/my_interfaces/include/my_interfaces/my_interfaces/msg/detail/multiple_target_estimates__builder.hpp\n'}
[9.308011] (my_interfaces) StdoutLine: {'line': b'-- Installing: /home/alex/Diplomatiki/ros/install/my_interfaces/include/my_interfaces/my_interfaces/msg/detail/single_obstacle__struct.hpp\n'}
[9.308112] (my_interfaces) StdoutLine: {'line': b'-- Installing: /home/alex/Diplomatiki/ros/install/my_interfaces/include/my_interfaces/my_interfaces/msg/detail/multiple_obstacles__struct.hpp\n'}
[9.308215] (my_interfaces) StdoutLine: {'line': b'-- Installing: /home/alex/Diplomatiki/ros/install/my_interfaces/include/my_interfaces/my_interfaces/msg/detail/multiple_obstacles__traits.hpp\n'}
[9.308318] (my_interfaces) StdoutLine: {'line': b'-- Installing: /home/alex/Diplomatiki/ros/install/my_interfaces/include/my_interfaces/my_interfaces/msg/detail/multiple_target_estimates__type_support.hpp\n'}
[9.308420] (my_interfaces) StdoutLine: {'line': b'-- Installing: /home/alex/Diplomatiki/ros/install/my_interfaces/include/my_interfaces/my_interfaces/msg/detail/multiple_target_estimates__struct.hpp\n'}
[9.308581] (my_interfaces) StdoutLine: {'line': b'-- Installing: /home/alex/Diplomatiki/ros/install/my_interfaces/include/my_interfaces/my_interfaces/msg/detail/ck_table__builder.hpp\n'}
[9.308688] (my_interfaces) StdoutLine: {'line': b'-- Installing: /home/alex/Diplomatiki/ros/install/my_interfaces/include/my_interfaces/my_interfaces/msg/detail/agent_data__type_support.hpp\n'}
[9.308794] (my_interfaces) StdoutLine: {'line': b'-- Installing: /home/alex/Diplomatiki/ros/install/my_interfaces/include/my_interfaces/my_interfaces/msg/detail/single_obstacle__traits.hpp\n'}
[9.308898] (my_interfaces) StdoutLine: {'line': b'-- Installing: /home/alex/Diplomatiki/ros/install/my_interfaces/include/my_interfaces/my_interfaces/msg/detail/single_target_estimate__struct.hpp\n'}
[9.309001] (my_interfaces) StdoutLine: {'line': b'-- Installing: /home/alex/Diplomatiki/ros/install/my_interfaces/include/my_interfaces/my_interfaces/msg/detail/agent_data__traits.hpp\n'}
[9.309105] (my_interfaces) StdoutLine: {'line': b'-- Installing: /home/alex/Diplomatiki/ros/install/my_interfaces/include/my_interfaces/my_interfaces/msg/detail/single_obstacle__type_support.hpp\n'}
[9.309253] (my_interfaces) StdoutLine: {'line': b'-- Installing: /home/alex/Diplomatiki/ros/install/my_interfaces/include/my_interfaces/my_interfaces/msg/detail/agent_data__builder.hpp\n'}
[9.309360] (my_interfaces) StdoutLine: {'line': b'-- Installing: /home/alex/Diplomatiki/ros/install/my_interfaces/include/my_interfaces/my_interfaces/msg/single_target_estimate.hpp\n'}
[9.309480] (my_interfaces) StdoutLine: {'line': b'-- Up-to-date: /home/alex/Diplomatiki/ros/install/my_interfaces/include/my_interfaces/my_interfaces\n'}
[9.309596] (my_interfaces) StdoutLine: {'line': b'-- Up-to-date: /home/alex/Diplomatiki/ros/install/my_interfaces/include/my_interfaces/my_interfaces/msg\n'}
[9.309713] (my_interfaces) StdoutLine: {'line': b'-- Installing: /home/alex/Diplomatiki/ros/install/my_interfaces/include/my_interfaces/my_interfaces/msg/rosidl_typesupport_fastrtps_cpp__visibility_control.h\n'}
[9.309816] (my_interfaces) StdoutLine: {'line': b'-- Up-to-date: /home/alex/Diplomatiki/ros/install/my_interfaces/include/my_interfaces/my_interfaces/msg/detail\n'}
[9.309914] (my_interfaces) StdoutLine: {'line': b'-- Installing: /home/alex/Diplomatiki/ros/install/my_interfaces/include/my_interfaces/my_interfaces/msg/detail/dds_fastrtps\n'}
[9.310013] (my_interfaces) StdoutLine: {'line': b'-- Installing: /home/alex/Diplomatiki/ros/install/my_interfaces/include/my_interfaces/my_interfaces/msg/detail/single_obstacle__rosidl_typesupport_fastrtps_cpp.hpp\n'}
[9.310138] (my_interfaces) StdoutLine: {'line': b'-- Installing: /home/alex/Diplomatiki/ros/install/my_interfaces/include/my_interfaces/my_interfaces/msg/detail/agent_data__rosidl_typesupport_fastrtps_cpp.hpp\n'}
[9.310234] (my_interfaces) StdoutLine: {'line': b'-- Installing: /home/alex/Diplomatiki/ros/install/my_interfaces/include/my_interfaces/my_interfaces/msg/detail/multiple_obstacles__rosidl_typesupport_fastrtps_cpp.hpp\n'}
[9.310329] (my_interfaces) StdoutLine: {'line': b'-- Installing: /home/alex/Diplomatiki/ros/install/my_interfaces/include/my_interfaces/my_interfaces/msg/detail/single_target_estimate__rosidl_typesupport_fastrtps_cpp.hpp\n'}
[9.310424] (my_interfaces) StdoutLine: {'line': b'-- Installing: /home/alex/Diplomatiki/ros/install/my_interfaces/include/my_interfaces/my_interfaces/msg/detail/multiple_target_estimates__rosidl_typesupport_fastrtps_cpp.hpp\n'}
[9.310537] (my_interfaces) StdoutLine: {'line': b'-- Installing: /home/alex/Diplomatiki/ros/install/my_interfaces/include/my_interfaces/my_interfaces/msg/detail/ck_table__rosidl_typesupport_fastrtps_cpp.hpp\n'}
[9.310635] (my_interfaces) StdoutLine: {'line': b'-- Installing: /home/alex/Diplomatiki/ros/install/my_interfaces/lib/libmy_interfaces__rosidl_typesupport_fastrtps_cpp.so\n'}
[9.310730] (my_interfaces) StdoutLine: {'line': b'-- Set runtime path of "/home/alex/Diplomatiki/ros/install/my_interfaces/lib/libmy_interfaces__rosidl_typesupport_fastrtps_cpp.so" to ""\n'}
[9.310825] (my_interfaces) StdoutLine: {'line': b'-- Up-to-date: /home/alex/Diplomatiki/ros/install/my_interfaces/include/my_interfaces/my_interfaces\n'}
[9.310918] (my_interfaces) StdoutLine: {'line': b'-- Up-to-date: /home/alex/Diplomatiki/ros/install/my_interfaces/include/my_interfaces/my_interfaces/msg\n'}
[9.311012] (my_interfaces) StdoutLine: {'line': b'-- Up-to-date: /home/alex/Diplomatiki/ros/install/my_interfaces/include/my_interfaces/my_interfaces/msg/detail\n'}
[9.311105] (my_interfaces) StdoutLine: {'line': b'-- Installing: /home/alex/Diplomatiki/ros/install/my_interfaces/include/my_interfaces/my_interfaces/msg/detail/agent_data__rosidl_typesupport_introspection_cpp.hpp\n'}
[9.311199] (my_interfaces) StdoutLine: {'line': b'-- Installing: /home/alex/Diplomatiki/ros/install/my_interfaces/include/my_interfaces/my_interfaces/msg/detail/single_target_estimate__type_support.cpp\n'}
[9.311292] (my_interfaces) StdoutLine: {'line': b'-- Installing: /home/alex/Diplomatiki/ros/install/my_interfaces/include/my_interfaces/my_interfaces/msg/detail/multiple_target_estimates__type_support.cpp\n'}
[9.311385] (my_interfaces) StdoutLine: {'line': b'-- Installing: /home/alex/Diplomatiki/ros/install/my_interfaces/include/my_interfaces/my_interfaces/msg/detail/single_obstacle__rosidl_typesupport_introspection_cpp.hpp\n'}
[9.311487] (my_interfaces) StdoutLine: {'line': b'-- Installing: /home/alex/Diplomatiki/ros/install/my_interfaces/include/my_interfaces/my_interfaces/msg/detail/multiple_target_estimates__rosidl_typesupport_introspection_cpp.hpp\n'}
[9.311599] (my_interfaces) StdoutLine: {'line': b'-- Installing: /home/alex/Diplomatiki/ros/install/my_interfaces/include/my_interfaces/my_interfaces/msg/detail/single_target_estimate__rosidl_typesupport_introspection_cpp.hpp\n'}
[9.311694] (my_interfaces) StdoutLine: {'line': b'-- Installing: /home/alex/Diplomatiki/ros/install/my_interfaces/include/my_interfaces/my_interfaces/msg/detail/ck_table__rosidl_typesupport_introspection_cpp.hpp\n'}
[9.311787] (my_interfaces) StdoutLine: {'line': b'-- Installing: /home/alex/Diplomatiki/ros/install/my_interfaces/include/my_interfaces/my_interfaces/msg/detail/single_obstacle__type_support.cpp\n'}
[9.311881] (my_interfaces) StdoutLine: {'line': b'-- Installing: /home/alex/Diplomatiki/ros/install/my_interfaces/include/my_interfaces/my_interfaces/msg/detail/ck_table__type_support.cpp\n'}
[9.311974] (my_interfaces) StdoutLine: {'line': b'-- Installing: /home/alex/Diplomatiki/ros/install/my_interfaces/include/my_interfaces/my_interfaces/msg/detail/multiple_obstacles__type_support.cpp\n'}
[9.312084] (my_interfaces) StdoutLine: {'line': b'-- Installing: /home/alex/Diplomatiki/ros/install/my_interfaces/include/my_interfaces/my_interfaces/msg/detail/multiple_obstacles__rosidl_typesupport_introspection_cpp.hpp\n'}
[9.312179] (my_interfaces) StdoutLine: {'line': b'-- Installing: /home/alex/Diplomatiki/ros/install/my_interfaces/include/my_interfaces/my_interfaces/msg/detail/agent_data__type_support.cpp\n'}
[9.312277] (my_interfaces) StdoutLine: {'line': b'-- Installing: /home/alex/Diplomatiki/ros/install/my_interfaces/lib/libmy_interfaces__rosidl_typesupport_introspection_cpp.so\n'}
[9.312371] (my_interfaces) StdoutLine: {'line': b'-- Set runtime path of "/home/alex/Diplomatiki/ros/install/my_interfaces/lib/libmy_interfaces__rosidl_typesupport_introspection_cpp.so" to ""\n'}
[9.312474] (my_interfaces) StdoutLine: {'line': b'-- Installing: /home/alex/Diplomatiki/ros/install/my_interfaces/lib/libmy_interfaces__rosidl_typesupport_cpp.so\n'}
[9.312577] (my_interfaces) StdoutLine: {'line': b'-- Set runtime path of "/home/alex/Diplomatiki/ros/install/my_interfaces/lib/libmy_interfaces__rosidl_typesupport_cpp.so" to ""\n'}
[9.312674] (my_interfaces) StdoutLine: {'line': b'-- Installing: /home/alex/Diplomatiki/ros/install/my_interfaces/share/my_interfaces/environment/pythonpath.sh\n'}
[9.312780] (my_interfaces) StdoutLine: {'line': b'-- Installing: /home/alex/Diplomatiki/ros/install/my_interfaces/share/my_interfaces/environment/pythonpath.dsv\n'}
[9.312901] (my_interfaces) StdoutLine: {'line': b'-- Installing: /home/alex/Diplomatiki/ros/install/my_interfaces/local/lib/python3.10/dist-packages/my_interfaces-0.0.0-py3.10.egg-info\n'}
[9.313022] (my_interfaces) StdoutLine: {'line': b'-- Installing: /home/alex/Diplomatiki/ros/install/my_interfaces/local/lib/python3.10/dist-packages/my_interfaces-0.0.0-py3.10.egg-info/SOURCES.txt\n'}
[9.313143] (my_interfaces) StdoutLine: {'line': b'-- Installing: /home/alex/Diplomatiki/ros/install/my_interfaces/local/lib/python3.10/dist-packages/my_interfaces-0.0.0-py3.10.egg-info/dependency_links.txt\n'}
[9.313265] (my_interfaces) StdoutLine: {'line': b'-- Installing: /home/alex/Diplomatiki/ros/install/my_interfaces/local/lib/python3.10/dist-packages/my_interfaces-0.0.0-py3.10.egg-info/PKG-INFO\n'}
[9.313384] (my_interfaces) StdoutLine: {'line': b'-- Installing: /home/alex/Diplomatiki/ros/install/my_interfaces/local/lib/python3.10/dist-packages/my_interfaces-0.0.0-py3.10.egg-info/top_level.txt\n'}
[9.313524] (my_interfaces) StdoutLine: {'line': b'-- Installing: /home/alex/Diplomatiki/ros/install/my_interfaces/local/lib/python3.10/dist-packages/my_interfaces\n'}
[9.313654] (my_interfaces) StdoutLine: {'line': b'-- Installing: /home/alex/Diplomatiki/ros/install/my_interfaces/local/lib/python3.10/dist-packages/my_interfaces/msg\n'}
[9.313774] (my_interfaces) StdoutLine: {'line': b'-- Installing: /home/alex/Diplomatiki/ros/install/my_interfaces/local/lib/python3.10/dist-packages/my_interfaces/msg/_multiple_obstacles.py\n'}
[9.313867] (my_interfaces) StdoutLine: {'line': b'-- Installing: /home/alex/Diplomatiki/ros/install/my_interfaces/local/lib/python3.10/dist-packages/my_interfaces/msg/__init__.py\n'}
[9.313960] (my_interfaces) StdoutLine: {'line': b'-- Installing: /home/alex/Diplomatiki/ros/install/my_interfaces/local/lib/python3.10/dist-packages/my_interfaces/msg/_agent_data.py\n'}
[9.314053] (my_interfaces) StdoutLine: {'line': b'-- Installing: /home/alex/Diplomatiki/ros/install/my_interfaces/local/lib/python3.10/dist-packages/my_interfaces/msg/_agent_data_s.c\n'}
[9.314146] (my_interfaces) StdoutLine: {'line': b'-- Installing: /home/alex/Diplomatiki/ros/install/my_interfaces/local/lib/python3.10/dist-packages/my_interfaces/msg/_ck_table.py\n'}
[9.314239] (my_interfaces) StdoutLine: {'line': b'-- Installing: /home/alex/Diplomatiki/ros/install/my_interfaces/local/lib/python3.10/dist-packages/my_interfaces/msg/_ck_table_s.c\n'}
[9.314332] (my_interfaces) StdoutLine: {'line': b'-- Installing: /home/alex/Diplomatiki/ros/install/my_interfaces/local/lib/python3.10/dist-packages/my_interfaces/msg/_multiple_obstacles_s.c\n'}
[9.314434] (my_interfaces) StdoutLine: {'line': b'-- Installing: /home/alex/Diplomatiki/ros/install/my_interfaces/local/lib/python3.10/dist-packages/my_interfaces/msg/_single_target_estimate_s.c\n'}
[9.314546] (my_interfaces) StdoutLine: {'line': b'-- Installing: /home/alex/Diplomatiki/ros/install/my_interfaces/local/lib/python3.10/dist-packages/my_interfaces/msg/_single_obstacle_s.c\n'}
[9.314641] (my_interfaces) StdoutLine: {'line': b'-- Installing: /home/alex/Diplomatiki/ros/install/my_interfaces/local/lib/python3.10/dist-packages/my_interfaces/msg/_single_target_estimate.py\n'}
[9.314738] (my_interfaces) StdoutLine: {'line': b'-- Installing: /home/alex/Diplomatiki/ros/install/my_interfaces/local/lib/python3.10/dist-packages/my_interfaces/msg/_single_obstacle.py\n'}
[9.314862] (my_interfaces) StdoutLine: {'line': b'-- Installing: /home/alex/Diplomatiki/ros/install/my_interfaces/local/lib/python3.10/dist-packages/my_interfaces/msg/_multiple_target_estimates.py\n'}
[9.314983] (my_interfaces) StdoutLine: {'line': b'-- Installing: /home/alex/Diplomatiki/ros/install/my_interfaces/local/lib/python3.10/dist-packages/my_interfaces/msg/_multiple_target_estimates_s.c\n'}
[9.315103] (my_interfaces) StdoutLine: {'line': b'-- Installing: /home/alex/Diplomatiki/ros/install/my_interfaces/local/lib/python3.10/dist-packages/my_interfaces/__init__.py\n'}
[9.315224] (my_interfaces) StdoutLine: {'line': b'-- Installing: /home/alex/Diplomatiki/ros/install/my_interfaces/local/lib/python3.10/dist-packages/my_interfaces/libmy_interfaces__rosidl_generator_py.so\n'}
[9.315354] (my_interfaces) StdoutLine: {'line': b'-- Installing: /home/alex/Diplomatiki/ros/install/my_interfaces/local/lib/python3.10/dist-packages/my_interfaces/_my_interfaces_s.ep.rosidl_typesupport_c.c\n'}
[9.315500] (my_interfaces) StdoutLine: {'line': b'-- Installing: /home/alex/Diplomatiki/ros/install/my_interfaces/local/lib/python3.10/dist-packages/my_interfaces/my_interfaces_s__rosidl_typesupport_fastrtps_c.cpython-310-x86_64-linux-gnu.so\n'}
[9.315638] (my_interfaces) StdoutLine: {'line': b'-- Installing: /home/alex/Diplomatiki/ros/install/my_interfaces/local/lib/python3.10/dist-packages/my_interfaces/_my_interfaces_s.ep.rosidl_typesupport_introspection_c.c\n'}
[9.315760] (my_interfaces) StdoutLine: {'line': b'-- Installing: /home/alex/Diplomatiki/ros/install/my_interfaces/local/lib/python3.10/dist-packages/my_interfaces/my_interfaces_s__rosidl_typesupport_c.cpython-310-x86_64-linux-gnu.so\n'}
[9.315881] (my_interfaces) StdoutLine: {'line': b'-- Installing: /home/alex/Diplomatiki/ros/install/my_interfaces/local/lib/python3.10/dist-packages/my_interfaces/_my_interfaces_s.ep.rosidl_typesupport_fastrtps_c.c\n'}
[9.316002] (my_interfaces) StdoutLine: {'line': b'-- Installing: /home/alex/Diplomatiki/ros/install/my_interfaces/local/lib/python3.10/dist-packages/my_interfaces/my_interfaces_s__rosidl_typesupport_introspection_c.cpython-310-x86_64-linux-gnu.so\n'}
[9.342114] (my_interfaces) StdoutLine: {'line': b"Listing '/home/alex/Diplomatiki/ros/install/my_interfaces/local/lib/python3.10/dist-packages/my_interfaces'...\n"}
[9.342385] (my_interfaces) StdoutLine: {'line': b"Compiling '/home/alex/Diplomatiki/ros/install/my_interfaces/local/lib/python3.10/dist-packages/my_interfaces/__init__.py'...\n"}
[9.342548] (my_interfaces) StdoutLine: {'line': b"Listing '/home/alex/Diplomatiki/ros/install/my_interfaces/local/lib/python3.10/dist-packages/my_interfaces/msg'...\n"}
[9.342669] (-) TimerEvent: {}
[9.342835] (my_interfaces) StdoutLine: {'line': b"Compiling '/home/alex/Diplomatiki/ros/install/my_interfaces/local/lib/python3.10/dist-packages/my_interfaces/msg/__init__.py'...\n"}
[9.342974] (my_interfaces) StdoutLine: {'line': b"Compiling '/home/alex/Diplomatiki/ros/install/my_interfaces/local/lib/python3.10/dist-packages/my_interfaces/msg/_agent_data.py'...\n"}
[9.343098] (my_interfaces) StdoutLine: {'line': b"Compiling '/home/alex/Diplomatiki/ros/install/my_interfaces/local/lib/python3.10/dist-packages/my_interfaces/msg/_ck_table.py'...\n"}
[9.343244] (my_interfaces) StdoutLine: {'line': b"Compiling '/home/alex/Diplomatiki/ros/install/my_interfaces/local/lib/python3.10/dist-packages/my_interfaces/msg/_multiple_obstacles.py'...\n"}
[9.343365] (my_interfaces) StdoutLine: {'line': b"Compiling '/home/alex/Diplomatiki/ros/install/my_interfaces/local/lib/python3.10/dist-packages/my_interfaces/msg/_multiple_target_estimates.py'...\n"}
[9.343499] (my_interfaces) StdoutLine: {'line': b"Compiling '/home/alex/Diplomatiki/ros/install/my_interfaces/local/lib/python3.10/dist-packages/my_interfaces/msg/_single_obstacle.py'...\n"}
[9.343634] (my_interfaces) StdoutLine: {'line': b"Compiling '/home/alex/Diplomatiki/ros/install/my_interfaces/local/lib/python3.10/dist-packages/my_interfaces/msg/_single_target_estimate.py'...\n"}
[9.346645] (my_interfaces) StdoutLine: {'line': b'-- Installing: /home/alex/Diplomatiki/ros/install/my_interfaces/local/lib/python3.10/dist-packages/my_interfaces/my_interfaces_s__rosidl_typesupport_fastrtps_c.cpython-310-x86_64-linux-gnu.so\n'}
[9.346904] (my_interfaces) StdoutLine: {'line': b'-- Set runtime path of "/home/alex/Diplomatiki/ros/install/my_interfaces/local/lib/python3.10/dist-packages/my_interfaces/my_interfaces_s__rosidl_typesupport_fastrtps_c.cpython-310-x86_64-linux-gnu.so" to ""\n'}
[9.347149] (my_interfaces) StdoutLine: {'line': b'-- Installing: /home/alex/Diplomatiki/ros/install/my_interfaces/local/lib/python3.10/dist-packages/my_interfaces/my_interfaces_s__rosidl_typesupport_introspection_c.cpython-310-x86_64-linux-gnu.so\n'}
[9.347640] (my_interfaces) StdoutLine: {'line': b'-- Set runtime path of "/home/alex/Diplomatiki/ros/install/my_interfaces/local/lib/python3.10/dist-packages/my_interfaces/my_interfaces_s__rosidl_typesupport_introspection_c.cpython-310-x86_64-linux-gnu.so" to ""\n'}
[9.347922] (my_interfaces) StdoutLine: {'line': b'-- Installing: /home/alex/Diplomatiki/ros/install/my_interfaces/local/lib/python3.10/dist-packages/my_interfaces/my_interfaces_s__rosidl_typesupport_c.cpython-310-x86_64-linux-gnu.so\n'}
[9.348331] (my_interfaces) StdoutLine: {'line': b'-- Set runtime path of "/home/alex/Diplomatiki/ros/install/my_interfaces/local/lib/python3.10/dist-packages/my_interfaces/my_interfaces_s__rosidl_typesupport_c.cpython-310-x86_64-linux-gnu.so" to ""\n'}
[9.348637] (my_interfaces) StdoutLine: {'line': b'-- Installing: /home/alex/Diplomatiki/ros/install/my_interfaces/lib/libmy_interfaces__rosidl_generator_py.so\n'}
[9.349040] (my_interfaces) StdoutLine: {'line': b'-- Set runtime path of "/home/alex/Diplomatiki/ros/install/my_interfaces/lib/libmy_interfaces__rosidl_generator_py.so" to ""\n'}
[9.349298] (my_interfaces) StdoutLine: {'line': b'-- Installing: /home/alex/Diplomatiki/ros/install/my_interfaces/share/my_interfaces/msg/CkTable.idl\n'}
[9.349502] (my_interfaces) StdoutLine: {'line': b'-- Installing: /home/alex/Diplomatiki/ros/install/my_interfaces/share/my_interfaces/msg/AgentData.idl\n'}
[9.349672] (my_interfaces) StdoutLine: {'line': b'-- Installing: /home/alex/Diplomatiki/ros/install/my_interfaces/share/my_interfaces/msg/SingleObstacle.idl\n'}
[9.349836] (my_interfaces) StdoutLine: {'line': b'-- Installing: /home/alex/Diplomatiki/ros/install/my_interfaces/share/my_interfaces/msg/MultipleObstacles.idl\n'}
[9.350021] (my_interfaces) StdoutLine: {'line': b'-- Installing: /home/alex/Diplomatiki/ros/install/my_interfaces/share/my_interfaces/msg/SingleTargetEstimate.idl\n'}
[9.350211] (my_interfaces) StdoutLine: {'line': b'-- Installing: /home/alex/Diplomatiki/ros/install/my_interfaces/share/my_interfaces/msg/MultipleTargetEstimates.idl\n'}
[9.350402] (my_interfaces) StdoutLine: {'line': b'-- Installing: /home/alex/Diplomatiki/ros/install/my_interfaces/share/my_interfaces/msg/CkTable.msg\n'}
[9.350629] (my_interfaces) StdoutLine: {'line': b'-- Installing: /home/alex/Diplomatiki/ros/install/my_interfaces/share/my_interfaces/msg/AgentData.msg\n'}
[9.350817] (my_interfaces) StdoutLine: {'line': b'-- Installing: /home/alex/Diplomatiki/ros/install/my_interfaces/share/my_interfaces/msg/SingleObstacle.msg\n'}
[9.351006] (my_interfaces) StdoutLine: {'line': b'-- Installing: /home/alex/Diplomatiki/ros/install/my_interfaces/share/my_interfaces/msg/MultipleObstacles.msg\n'}
[9.351179] (my_interfaces) StdoutLine: {'line': b'-- Installing: /home/alex/Diplomatiki/ros/install/my_interfaces/share/my_interfaces/msg/SingleTargetEstimate.msg\n'}
[9.351332] (my_interfaces) StdoutLine: {'line': b'-- Installing: /home/alex/Diplomatiki/ros/install/my_interfaces/share/my_interfaces/msg/MultipleTargetEstimates.msg\n'}
[9.351512] (my_interfaces) StdoutLine: {'line': b'-- Installing: /home/alex/Diplomatiki/ros/install/my_interfaces/share/ament_index/resource_index/package_run_dependencies/my_interfaces\n'}
[9.351782] (my_interfaces) StdoutLine: {'line': b'-- Installing: /home/alex/Diplomatiki/ros/install/my_interfaces/share/ament_index/resource_index/parent_prefix_path/my_interfaces\n'}
[9.351973] (my_interfaces) StdoutLine: {'line': b'-- Installing: /home/alex/Diplomatiki/ros/install/my_interfaces/share/my_interfaces/environment/ament_prefix_path.sh\n'}
[9.352155] (my_interfaces) StdoutLine: {'line': b'-- Installing: /home/alex/Diplomatiki/ros/install/my_interfaces/share/my_interfaces/environment/ament_prefix_path.dsv\n'}
[9.352340] (my_interfaces) StdoutLine: {'line': b'-- Installing: /home/alex/Diplomatiki/ros/install/my_interfaces/share/my_interfaces/environment/path.sh\n'}
[9.352531] (my_interfaces) StdoutLine: {'line': b'-- Installing: /home/alex/Diplomatiki/ros/install/my_interfaces/share/my_interfaces/environment/path.dsv\n'}
[9.352715] (my_interfaces) StdoutLine: {'line': b'-- Installing: /home/alex/Diplomatiki/ros/install/my_interfaces/share/my_interfaces/local_setup.bash\n'}
[9.352891] (my_interfaces) StdoutLine: {'line': b'-- Installing: /home/alex/Diplomatiki/ros/install/my_interfaces/share/my_interfaces/local_setup.sh\n'}
[9.353076] (my_interfaces) StdoutLine: {'line': b'-- Installing: /home/alex/Diplomatiki/ros/install/my_interfaces/share/my_interfaces/local_setup.zsh\n'}
[9.353247] (my_interfaces) StdoutLine: {'line': b'-- Installing: /home/alex/Diplomatiki/ros/install/my_interfaces/share/my_interfaces/local_setup.dsv\n'}
[9.353422] (my_interfaces) StdoutLine: {'line': b'-- Installing: /home/alex/Diplomatiki/ros/install/my_interfaces/share/my_interfaces/package.dsv\n'}
[9.353716] (my_interfaces) StdoutLine: {'line': b'-- Installing: /home/alex/Diplomatiki/ros/install/my_interfaces/share/ament_index/resource_index/packages/my_interfaces\n'}
[9.354012] (my_interfaces) StdoutLine: {'line': b'-- Installing: /home/alex/Diplomatiki/ros/install/my_interfaces/share/my_interfaces/cmake/export_my_interfaces__rosidl_generator_cExport.cmake\n'}
[9.354198] (my_interfaces) StdoutLine: {'line': b'-- Installing: /home/alex/Diplomatiki/ros/install/my_interfaces/share/my_interfaces/cmake/export_my_interfaces__rosidl_generator_cExport-noconfig.cmake\n'}
[9.354377] (my_interfaces) StdoutLine: {'line': b'-- Installing: /home/alex/Diplomatiki/ros/install/my_interfaces/share/my_interfaces/cmake/export_my_interfaces__rosidl_typesupport_fastrtps_cExport.cmake\n'}
[9.354611] (my_interfaces) StdoutLine: {'line': b'-- Installing: /home/alex/Diplomatiki/ros/install/my_interfaces/share/my_interfaces/cmake/export_my_interfaces__rosidl_typesupport_fastrtps_cExport-noconfig.cmake\n'}
[9.354795] (my_interfaces) StdoutLine: {'line': b'-- Installing: /home/alex/Diplomatiki/ros/install/my_interfaces/share/my_interfaces/cmake/my_interfaces__rosidl_typesupport_introspection_cExport.cmake\n'}
[9.354967] (my_interfaces) StdoutLine: {'line': b'-- Installing: /home/alex/Diplomatiki/ros/install/my_interfaces/share/my_interfaces/cmake/my_interfaces__rosidl_typesupport_introspection_cExport-noconfig.cmake\n'}
[9.355128] (my_interfaces) StdoutLine: {'line': b'-- Installing: /home/alex/Diplomatiki/ros/install/my_interfaces/share/my_interfaces/cmake/my_interfaces__rosidl_typesupport_cExport.cmake\n'}
[9.355316] (my_interfaces) StdoutLine: {'line': b'-- Installing: /home/alex/Diplomatiki/ros/install/my_interfaces/share/my_interfaces/cmake/my_interfaces__rosidl_typesupport_cExport-noconfig.cmake\n'}
[9.355548] (my_interfaces) StdoutLine: {'line': b'-- Installing: /home/alex/Diplomatiki/ros/install/my_interfaces/share/my_interfaces/cmake/export_my_interfaces__rosidl_generator_cppExport.cmake\n'}
[9.355772] (my_interfaces) StdoutLine: {'line': b'-- Installing: /home/alex/Diplomatiki/ros/install/my_interfaces/share/my_interfaces/cmake/export_my_interfaces__rosidl_typesupport_fastrtps_cppExport.cmake\n'}
[9.355963] (my_interfaces) StdoutLine: {'line': b'-- Installing: /home/alex/Diplomatiki/ros/install/my_interfaces/share/my_interfaces/cmake/export_my_interfaces__rosidl_typesupport_fastrtps_cppExport-noconfig.cmake\n'}
[9.356169] (my_interfaces) StdoutLine: {'line': b'-- Installing: /home/alex/Diplomatiki/ros/install/my_interfaces/share/my_interfaces/cmake/my_interfaces__rosidl_typesupport_introspection_cppExport.cmake\n'}
[9.356379] (my_interfaces) StdoutLine: {'line': b'-- Installing: /home/alex/Diplomatiki/ros/install/my_interfaces/share/my_interfaces/cmake/my_interfaces__rosidl_typesupport_introspection_cppExport-noconfig.cmake\n'}
[9.356616] (my_interfaces) StdoutLine: {'line': b'-- Installing: /home/alex/Diplomatiki/ros/install/my_interfaces/share/my_interfaces/cmake/my_interfaces__rosidl_typesupport_cppExport.cmake\n'}
[9.356827] (my_interfaces) StdoutLine: {'line': b'-- Installing: /home/alex/Diplomatiki/ros/install/my_interfaces/share/my_interfaces/cmake/my_interfaces__rosidl_typesupport_cppExport-noconfig.cmake\n'}
[9.357308] (my_interfaces) StdoutLine: {'line': b'-- Installing: /home/alex/Diplomatiki/ros/install/my_interfaces/share/my_interfaces/cmake/export_my_interfaces__rosidl_generator_pyExport.cmake\n'}
[9.357477] (my_interfaces) StdoutLine: {'line': b'-- Installing: /home/alex/Diplomatiki/ros/install/my_interfaces/share/my_interfaces/cmake/export_my_interfaces__rosidl_generator_pyExport-noconfig.cmake\n'}
[9.357710] (my_interfaces) StdoutLine: {'line': b'-- Installing: /home/alex/Diplomatiki/ros/install/my_interfaces/share/my_interfaces/cmake/rosidl_cmake-extras.cmake\n'}
[9.357842] (my_interfaces) StdoutLine: {'line': b'-- Installing: /home/alex/Diplomatiki/ros/install/my_interfaces/share/my_interfaces/cmake/ament_cmake_export_dependencies-extras.cmake\n'}
[9.358028] (my_interfaces) StdoutLine: {'line': b'-- Installing: /home/alex/Diplomatiki/ros/install/my_interfaces/share/my_interfaces/cmake/ament_cmake_export_include_directories-extras.cmake\n'}
[9.358220] (my_interfaces) StdoutLine: {'line': b'-- Installing: /home/alex/Diplomatiki/ros/install/my_interfaces/share/my_interfaces/cmake/ament_cmake_export_libraries-extras.cmake\n'}
[9.358425] (my_interfaces) StdoutLine: {'line': b'-- Installing: /home/alex/Diplomatiki/ros/install/my_interfaces/share/my_interfaces/cmake/ament_cmake_export_targets-extras.cmake\n'}
[9.358637] (my_interfaces) StdoutLine: {'line': b'-- Installing: /home/alex/Diplomatiki/ros/install/my_interfaces/share/my_interfaces/cmake/rosidl_cmake_export_typesupport_targets-extras.cmake\n'}
[9.358827] (my_interfaces) StdoutLine: {'line': b'-- Installing: /home/alex/Diplomatiki/ros/install/my_interfaces/share/my_interfaces/cmake/rosidl_cmake_export_typesupport_libraries-extras.cmake\n'}
[9.358992] (my_interfaces) StdoutLine: {'line': b'-- Installing: /home/alex/Diplomatiki/ros/install/my_interfaces/share/my_interfaces/cmake/my_interfacesConfig.cmake\n'}
[9.359199] (my_interfaces) StdoutLine: {'line': b'-- Installing: /home/alex/Diplomatiki/ros/install/my_interfaces/share/my_interfaces/cmake/my_interfacesConfig-version.cmake\n'}
[9.359394] (my_interfaces) StdoutLine: {'line': b'-- Installing: /home/alex/Diplomatiki/ros/install/my_interfaces/share/my_interfaces/package.xml\n'}
[9.362762] (my_interfaces) CommandEnded: {'returncode': 0}
[9.390697] (my_interfaces) JobEnded: {'identifier': 'my_interfaces', 'rc': 0}
[9.392130] (ergodic_exploration) JobStarted: {'identifier': 'ergodic_exploration'}
[9.442812] (-) TimerEvent: {}
[9.543171] (-) TimerEvent: {}
[9.643544] (-) TimerEvent: {}
[9.743858] (-) TimerEvent: {}
[9.844197] (-) TimerEvent: {}
[9.932196] (ergodic_exploration) Command: {'cmd': ['/usr/bin/python3', '-W', 'ignore:setup.py install is deprecated', '-W', 'ignore:easy_install command is deprecated', 'setup.py', 'egg_info', '--egg-base', '../../build/ergodic_exploration', 'build', '--build-base', '/home/alex/Diplomatiki/ros/build/ergodic_exploration/build', 'install', '--record', '/home/alex/Diplomatiki/ros/build/ergodic_exploration/install.log', '--single-version-externally-managed', 'install_data'], 'cwd': '/home/alex/Diplomatiki/ros/src/ergodic_exploration', 'env': {'LESSOPEN': '| /usr/bin/lesspipe %s', 'USER': 'alex', 'LC_TIME': 'el_GR.UTF-8', 'XDG_SESSION_TYPE': 'x11', 'SHLVL': '2', 'LD_LIBRARY_PATH': '/home/alex/Diplomatiki/ros/install/my_interfaces/lib:/opt/ros/humble/opt/rviz_ogre_vendor/lib:/opt/ros/humble/lib/x86_64-linux-gnu:/opt/ros/humble/lib', 'HOME': '/home/alex', 'OLDPWD': '/home/alex', 'DESKTOP_SESSION': 'ubuntu', 'ROS_PYTHON_VERSION': '3', 'GNOME_SHELL_SESSION_MODE': 'ubuntu', 'GTK_MODULES': 'gail:atk-bridge', 'LC_MONETARY': 'el_GR.UTF-8', 'MANAGERPID': '1493', 'SYSTEMD_EXEC_PID': '1942', 'DBUS_SESSION_BUS_ADDRESS': 'unix:path=/run/user/1000/bus', 'COLORTERM': 'truecolor', 'GIO_LAUNCHED_DESKTOP_FILE_PID': '5122', 'COLCON_PREFIX_PATH': '/home/alex/Diplomatiki/ros/install', 'ROS_DISTRO': 'humble', 'GTK_IM_MODULE': 'ibus', 'LOGNAME': 'alex', '_': '/usr/bin/colcon', 'JOURNAL_STREAM': '8:17525', 'ROS_VERSION': '2', 'XDG_SESSION_CLASS': 'user', 'USERNAME': 'alex', 'TERM': 'xterm-256color', 'GNOME_DESKTOP_SESSION_ID': 'this-is-deprecated', 'ROS_LOCALHOST_ONLY': '0', 'WINDOWPATH': '2', 'PATH': '/opt/ros/humble/bin:/usr/local/sbin:/usr/local/bin:/usr/sbin:/usr/bin:/sbin:/bin:/usr/games:/usr/local/games:/snap/bin:/snap/bin', 'SESSION_MANAGER': 'local/alexlinux:@/tmp/.ICE-unix/1739,unix/alexlinux:/tmp/.ICE-unix/1739', 'INVOCATION_ID': '8e69295de2a7458f83797d203a03c9ba', 'XDG_MENU_PREFIX': 'gnome-', 'LC_ADDRESS': 'el_GR.UTF-8', 'XDG_RUNTIME_DIR': '/run/user/1000', 'DISPLAY': ':1', 'LANG': 'en_US.UTF-8', 'XDG_CURRENT_DESKTOP': 'ubuntu:GNOME', 'LC_TELEPHONE': 'el_GR.UTF-8', 'TILIX_ID': 'fb1f97d2-1248-4ff0-a33b-d3882734f26a', 'XMODIFIERS': '@im=ibus', 'XDG_SESSION_DESKTOP': 'ubuntu', 'XAUTHORITY': '/run/user/1000/gdm/Xauthority', 'LS_COLORS': 'rs=0:di=01;34:ln=01;36:mh=00:pi=40;33:so=01;35:do=01;35:bd=40;33;01:cd=40;33;01:or=40;31;01:mi=00:su=37;41:sg=30;43:ca=30;41:tw=30;42:ow=34;42:st=37;44:ex=01;32:*.tar=01;31:*.tgz=01;31:*.arc=01;31:*.arj=01;31:*.taz=01;31:*.lha=01;31:*.lz4=01;31:*.lzh=01;31:*.lzma=01;31:*.tlz=01;31:*.txz=01;31:*.tzo=01;31:*.t7z=01;31:*.zip=01;31:*.z=01;31:*.dz=01;31:*.gz=01;31:*.lrz=01;31:*.lz=01;31:*.lzo=01;31:*.xz=01;31:*.zst=01;31:*.tzst=01;31:*.bz2=01;31:*.bz=01;31:*.tbz=01;31:*.tbz2=01;31:*.tz=01;31:*.deb=01;31:*.rpm=01;31:*.jar=01;31:*.war=01;31:*.ear=01;31:*.sar=01;31:*.rar=01;31:*.alz=01;31:*.ace=01;31:*.zoo=01;31:*.cpio=01;31:*.7z=01;31:*.rz=01;31:*.cab=01;31:*.wim=01;31:*.swm=01;31:*.dwm=01;31:*.esd=01;31:*.jpg=01;35:*.jpeg=01;35:*.mjpg=01;35:*.mjpeg=01;35:*.gif=01;35:*.bmp=01;35:*.pbm=01;35:*.pgm=01;35:*.ppm=01;35:*.tga=01;35:*.xbm=01;35:*.xpm=01;35:*.tif=01;35:*.tiff=01;35:*.png=01;35:*.svg=01;35:*.svgz=01;35:*.mng=01;35:*.pcx=01;35:*.mov=01;35:*.mpg=01;35:*.mpeg=01;35:*.m2v=01;35:*.mkv=01;35:*.webm=01;35:*.webp=01;35:*.ogm=01;35:*.mp4=01;35:*.m4v=01;35:*.mp4v=01;35:*.vob=01;35:*.qt=01;35:*.nuv=01;35:*.wmv=01;35:*.asf=01;35:*.rm=01;35:*.rmvb=01;35:*.flc=01;35:*.avi=01;35:*.fli=01;35:*.flv=01;35:*.gl=01;35:*.dl=01;35:*.xcf=01;35:*.xwd=01;35:*.yuv=01;35:*.cgm=01;35:*.emf=01;35:*.ogv=01;35:*.ogx=01;35:*.aac=00;36:*.au=00;36:*.flac=00;36:*.m4a=00;36:*.mid=00;36:*.midi=00;36:*.mka=00;36:*.mp3=00;36:*.mpc=00;36:*.ogg=00;36:*.ra=00;36:*.wav=00;36:*.oga=00;36:*.opus=00;36:*.spx=00;36:*.xspf=00;36:', 'SSH_AGENT_LAUNCHER': 'gnome-keyring', 'SSH_AUTH_SOCK': '/run/user/1000/keyring/ssh', 'AMENT_PREFIX_PATH': '/home/alex/Diplomatiki/ros/install/ergodic_exploration:/home/alex/Diplomatiki/ros/install/my_interfaces:/opt/ros/humble', 'SHELL': '/bin/bash', 'LC_NAME': 'el_GR.UTF-8', 'QT_ACCESSIBILITY': '1', 'GDMSESSION': 'ubuntu', 'LESSCLOSE': '/usr/bin/lesspipe %s %s', 'LC_MEASUREMENT': 'el_GR.UTF-8', 'GPG_AGENT_INFO': '/run/user/1000/gnupg/S.gpg-agent:0:1', 'LC_IDENTIFICATION': 'el_GR.UTF-8', 'QT_IM_MODULE': 'ibus', 'PWD': '/home/alex/Diplomatiki/ros/build/ergodic_exploration', 'XDG_CONFIG_DIRS': '/etc/xdg/xdg-ubuntu:/etc/xdg', 'XDG_DATA_DIRS': '/usr/share/ubuntu:/usr/share/gnome:/usr/local/share/:/usr/share/:/var/lib/snapd/desktop', 'PYTHONPATH': '/home/alex/Diplomatiki/ros/build/ergodic_exploration/prefix_override:/usr/lib/python3/dist-packages/colcon_core/task/python/colcon_distutils_commands:/home/alex/Diplomatiki/ros/install/ergodic_exploration/lib/python3.10/site-packages:/home/alex/Diplomatiki/ros/install/ergodic_exploration/lib/python3.10/site-packages:/home/alex/Diplomatiki/ros/install/my_interfaces/local/lib/python3.10/dist-packages:/opt/ros/humble/lib/python3.10/site-packages:/opt/ros/humble/local/lib/python3.10/dist-packages', 'LC_NUMERIC': 'el_GR.UTF-8', 'LC_PAPER': 'el_GR.UTF-8', 'COLCON': '1', 'VTE_VERSION': '6800', 'CMAKE_PREFIX_PATH': '/home/alex/Diplomatiki/ros/install/my_interfaces'}, 'shell': False}
[9.944312] (-) TimerEvent: {}
[10.044671] (-) TimerEvent: {}
[10.067375] (ergodic_exploration) StderrLine: {'line': b"/home/alex/.local/lib/python3.10/site-packages/setuptools/_distutils/dist.py:289: UserWarning: Unknown distribution option: 'tests_require'\n"}
[10.067666] (ergodic_exploration) StderrLine: {'line': b'  warnings.warn(msg)\n'}
[10.144804] (-) TimerEvent: {}
[10.150799] (ergodic_exploration) StdoutLine: {'line': b'running egg_info\n'}
[10.163659] (ergodic_exploration) StdoutLine: {'line': b'creating ../../build/ergodic_exploration/ergodic_exploration.egg-info\n'}
[10.163911] (ergodic_exploration) StdoutLine: {'line': b'writing ../../build/ergodic_exploration/ergodic_exploration.egg-info/PKG-INFO\n'}
[10.164190] (ergodic_exploration) StdoutLine: {'line': b'writing dependency_links to ../../build/ergodic_exploration/ergodic_exploration.egg-info/dependency_links.txt\n'}
[10.164416] (ergodic_exploration) StdoutLine: {'line': b'writing entry points to ../../build/ergodic_exploration/ergodic_exploration.egg-info/entry_points.txt\n'}
[10.164600] (ergodic_exploration) StdoutLine: {'line': b'writing requirements to ../../build/ergodic_exploration/ergodic_exploration.egg-info/requires.txt\n'}
[10.164746] (ergodic_exploration) StdoutLine: {'line': b'writing top-level names to ../../build/ergodic_exploration/ergodic_exploration.egg-info/top_level.txt\n'}
[10.164840] (ergodic_exploration) StdoutLine: {'line': b"writing manifest file '../../build/ergodic_exploration/ergodic_exploration.egg-info/SOURCES.txt'\n"}
[10.192404] (ergodic_exploration) StdoutLine: {'line': b"reading manifest file '../../build/ergodic_exploration/ergodic_exploration.egg-info/SOURCES.txt'\n"}
[10.192765] (ergodic_exploration) StdoutLine: {'line': b"adding license file 'LICENSE'\n"}
[10.193644] (ergodic_exploration) StdoutLine: {'line': b"writing manifest file '../../build/ergodic_exploration/ergodic_exploration.egg-info/SOURCES.txt'\n"}
[10.193945] (ergodic_exploration) StdoutLine: {'line': b'running build\n'}
[10.194270] (ergodic_exploration) StdoutLine: {'line': b'running build_py\n'}
[10.194448] (ergodic_exploration) StdoutLine: {'line': b'creating /home/alex/Diplomatiki/ros/build/ergodic_exploration/build/lib/ergodic_exploration\n'}
[10.194592] (ergodic_exploration) StdoutLine: {'line': b'copying ergodic_exploration/__init__.py -> /home/alex/Diplomatiki/ros/build/ergodic_exploration/build/lib/ergodic_exploration\n'}
[10.194949] (ergodic_exploration) StdoutLine: {'line': b'copying ergodic_exploration/environment.py -> /home/alex/Diplomatiki/ros/build/ergodic_exploration/build/lib/ergodic_exploration\n'}
[10.195141] (ergodic_exploration) StdoutLine: {'line': b'copying ergodic_exploration/agent_node.py -> /home/alex/Diplomatiki/ros/build/ergodic_exploration/build/lib/ergodic_exploration\n'}
[10.195267] (ergodic_exploration) StdoutLine: {'line': b'creating /home/alex/Diplomatiki/ros/build/ergodic_exploration/build/lib/my_erg_lib\n'}
[10.195384] (ergodic_exploration) StdoutLine: {'line': b'copying my_erg_lib/vis.py -> /home/alex/Diplomatiki/ros/build/ergodic_exploration/build/lib/my_erg_lib\n'}
[10.195594] (ergodic_exploration) StdoutLine: {'line': b'copying my_erg_lib/model_dynamics.py -> /home/alex/Diplomatiki/ros/build/ergodic_exploration/build/lib/my_erg_lib\n'}
[10.195716] (ergodic_exploration) StdoutLine: {'line': b'copying my_erg_lib/__init__.py -> /home/alex/Diplomatiki/ros/build/ergodic_exploration/build/lib/my_erg_lib\n'}
[10.195829] (ergodic_exploration) StdoutLine: {'line': b'copying my_erg_lib/eid.py -> /home/alex/Diplomatiki/ros/build/ergodic_exploration/build/lib/my_erg_lib\n'}
[10.195979] (ergodic_exploration) StdoutLine: {'line': b'copying my_erg_lib/basis.py -> /home/alex/Diplomatiki/ros/build/ergodic_exploration/build/lib/my_erg_lib\n'}
[10.196087] (ergodic_exploration) StdoutLine: {'line': b'copying my_erg_lib/barrier.py -> /home/alex/Diplomatiki/ros/build/ergodic_exploration/build/lib/my_erg_lib\n'}
[10.196201] (ergodic_exploration) StdoutLine: {'line': b'copying my_erg_lib/agent.py -> /home/alex/Diplomatiki/ros/build/ergodic_exploration/build/lib/my_erg_lib\n'}
[10.196313] (ergodic_exploration) StdoutLine: {'line': b'copying my_erg_lib/replay_buffer.py -> /home/alex/Diplomatiki/ros/build/ergodic_exploration/build/lib/my_erg_lib\n'}
[10.196425] (ergodic_exploration) StdoutLine: {'line': b'copying my_erg_lib/Utilities.py -> /home/alex/Diplomatiki/ros/build/ergodic_exploration/build/lib/my_erg_lib\n'}
[10.196626] (ergodic_exploration) StdoutLine: {'line': b'copying my_erg_lib/obstacles.py -> /home/alex/Diplomatiki/ros/build/ergodic_exploration/build/lib/my_erg_lib\n'}
[10.196735] (ergodic_exploration) StdoutLine: {'line': b'copying my_erg_lib/ergodic_controllers.py -> /home/alex/Diplomatiki/ros/build/ergodic_exploration/build/lib/my_erg_lib\n'}
[10.196839] (ergodic_exploration) StdoutLine: {'line': b'copying my_erg_lib/vis.py -> /home/alex/Diplomatiki/ros/build/ergodic_exploration/build/lib/my_erg_lib\n'}
[10.197017] (ergodic_exploration) StdoutLine: {'line': b'copying my_erg_lib/model_dynamics.py -> /home/alex/Diplomatiki/ros/build/ergodic_exploration/build/lib/my_erg_lib\n'}
[10.197145] (ergodic_exploration) StdoutLine: {'line': b'copying my_erg_lib/__init__.py -> /home/alex/Diplomatiki/ros/build/ergodic_exploration/build/lib/my_erg_lib\n'}
[10.197288] (ergodic_exploration) StdoutLine: {'line': b'copying my_erg_lib/eid.py -> /home/alex/Diplomatiki/ros/build/ergodic_exploration/build/lib/my_erg_lib\n'}
[10.197403] (ergodic_exploration) StdoutLine: {'line': b'copying my_erg_lib/basis.py -> /home/alex/Diplomatiki/ros/build/ergodic_exploration/build/lib/my_erg_lib\n'}
[10.197600] (ergodic_exploration) StdoutLine: {'line': b'copying my_erg_lib/barrier.py -> /home/alex/Diplomatiki/ros/build/ergodic_exploration/build/lib/my_erg_lib\n'}
[10.197740] (ergodic_exploration) StdoutLine: {'line': b'copying my_erg_lib/agent.py -> /home/alex/Diplomatiki/ros/build/ergodic_exploration/build/lib/my_erg_lib\n'}
[10.197866] (ergodic_exploration) StdoutLine: {'line': b'copying my_erg_lib/replay_buffer.py -> /home/alex/Diplomatiki/ros/build/ergodic_exploration/build/lib/my_erg_lib\n'}
[10.197990] (ergodic_exploration) StdoutLine: {'line': b'copying my_erg_lib/Utilities.py -> /home/alex/Diplomatiki/ros/build/ergodic_exploration/build/lib/my_erg_lib\n'}
[10.198148] (ergodic_exploration) StdoutLine: {'line': b'copying my_erg_lib/obstacles.py -> /home/alex/Diplomatiki/ros/build/ergodic_exploration/build/lib/my_erg_lib\n'}
[10.198256] (ergodic_exploration) StdoutLine: {'line': b'copying my_erg_lib/ergodic_controllers.py -> /home/alex/Diplomatiki/ros/build/ergodic_exploration/build/lib/my_erg_lib\n'}
[10.198753] (ergodic_exploration) StdoutLine: {'line': b'running install\n'}
[10.202433] (ergodic_exploration) StdoutLine: {'line': b'running install_lib\n'}
[10.215330] (ergodic_exploration) StdoutLine: {'line': b'creating /home/alex/Diplomatiki/ros/install/ergodic_exploration/lib/python3.10/site-packages/ergodic_exploration\n'}
[10.215747] (ergodic_exploration) StdoutLine: {'line': b'copying /home/alex/Diplomatiki/ros/build/ergodic_exploration/build/lib/ergodic_exploration/__init__.py -> /home/alex/Diplomatiki/ros/install/ergodic_exploration/lib/python3.10/site-packages/ergodic_exploration\n'}
[10.216061] (ergodic_exploration) StdoutLine: {'line': b'copying /home/alex/Diplomatiki/ros/build/ergodic_exploration/build/lib/ergodic_exploration/environment.py -> /home/alex/Diplomatiki/ros/install/ergodic_exploration/lib/python3.10/site-packages/ergodic_exploration\n'}
[10.216208] (ergodic_exploration) StdoutLine: {'line': b'copying /home/alex/Diplomatiki/ros/build/ergodic_exploration/build/lib/ergodic_exploration/agent_node.py -> /home/alex/Diplomatiki/ros/install/ergodic_exploration/lib/python3.10/site-packages/ergodic_exploration\n'}
[10.216338] (ergodic_exploration) StdoutLine: {'line': b'creating /home/alex/Diplomatiki/ros/install/ergodic_exploration/lib/python3.10/site-packages/my_erg_lib\n'}
[10.216486] (ergodic_exploration) StdoutLine: {'line': b'copying /home/alex/Diplomatiki/ros/build/ergodic_exploration/build/lib/my_erg_lib/vis.py -> /home/alex/Diplomatiki/ros/install/ergodic_exploration/lib/python3.10/site-packages/my_erg_lib\n'}
[10.216635] (ergodic_exploration) StdoutLine: {'line': b'copying /home/alex/Diplomatiki/ros/build/ergodic_exploration/build/lib/my_erg_lib/model_dynamics.py -> /home/alex/Diplomatiki/ros/install/ergodic_exploration/lib/python3.10/site-packages/my_erg_lib\n'}
[10.216878] (ergodic_exploration) StdoutLine: {'line': b'copying /home/alex/Diplomatiki/ros/build/ergodic_exploration/build/lib/my_erg_lib/__init__.py -> /home/alex/Diplomatiki/ros/install/ergodic_exploration/lib/python3.10/site-packages/my_erg_lib\n'}
[10.217009] (ergodic_exploration) StdoutLine: {'line': b'copying /home/alex/Diplomatiki/ros/build/ergodic_exploration/build/lib/my_erg_lib/eid.py -> /home/alex/Diplomatiki/ros/install/ergodic_exploration/lib/python3.10/site-packages/my_erg_lib\n'}
[10.217130] (ergodic_exploration) StdoutLine: {'line': b'copying /home/alex/Diplomatiki/ros/build/ergodic_exploration/build/lib/my_erg_lib/basis.py -> /home/alex/Diplomatiki/ros/install/ergodic_exploration/lib/python3.10/site-packages/my_erg_lib\n'}
[10.217269] (ergodic_exploration) StdoutLine: {'line': b'copying /home/alex/Diplomatiki/ros/build/ergodic_exploration/build/lib/my_erg_lib/barrier.py -> /home/alex/Diplomatiki/ros/install/ergodic_exploration/lib/python3.10/site-packages/my_erg_lib\n'}
[10.217399] (ergodic_exploration) StdoutLine: {'line': b'copying /home/alex/Diplomatiki/ros/build/ergodic_exploration/build/lib/my_erg_lib/agent.py -> /home/alex/Diplomatiki/ros/install/ergodic_exploration/lib/python3.10/site-packages/my_erg_lib\n'}
[10.217566] (ergodic_exploration) StdoutLine: {'line': b'copying /home/alex/Diplomatiki/ros/build/ergodic_exploration/build/lib/my_erg_lib/replay_buffer.py -> /home/alex/Diplomatiki/ros/install/ergodic_exploration/lib/python3.10/site-packages/my_erg_lib\n'}
[10.217700] (ergodic_exploration) StdoutLine: {'line': b'copying /home/alex/Diplomatiki/ros/build/ergodic_exploration/build/lib/my_erg_lib/Utilities.py -> /home/alex/Diplomatiki/ros/install/ergodic_exploration/lib/python3.10/site-packages/my_erg_lib\n'}
[10.217829] (ergodic_exploration) StdoutLine: {'line': b'copying /home/alex/Diplomatiki/ros/build/ergodic_exploration/build/lib/my_erg_lib/obstacles.py -> /home/alex/Diplomatiki/ros/install/ergodic_exploration/lib/python3.10/site-packages/my_erg_lib\n'}
[10.217957] (ergodic_exploration) StdoutLine: {'line': b'copying /home/alex/Diplomatiki/ros/build/ergodic_exploration/build/lib/my_erg_lib/ergodic_controllers.py -> /home/alex/Diplomatiki/ros/install/ergodic_exploration/lib/python3.10/site-packages/my_erg_lib\n'}
[10.218126] (ergodic_exploration) StdoutLine: {'line': b'byte-compiling /home/alex/Diplomatiki/ros/install/ergodic_exploration/lib/python3.10/site-packages/ergodic_exploration/__init__.py to __init__.cpython-310.pyc\n'}
[10.218253] (ergodic_exploration) StdoutLine: {'line': b'byte-compiling /home/alex/Diplomatiki/ros/install/ergodic_exploration/lib/python3.10/site-packages/ergodic_exploration/environment.py to environment.cpython-310.pyc\n'}
[10.222256] (ergodic_exploration) StdoutLine: {'line': b'byte-compiling /home/alex/Diplomatiki/ros/install/ergodic_exploration/lib/python3.10/site-packages/ergodic_exploration/agent_node.py to agent_node.cpython-310.pyc\n'}
[10.225321] (ergodic_exploration) StdoutLine: {'line': b'byte-compiling /home/alex/Diplomatiki/ros/install/ergodic_exploration/lib/python3.10/site-packages/my_erg_lib/vis.py to vis.cpython-310.pyc\n'}
[10.233847] (ergodic_exploration) StdoutLine: {'line': b'byte-compiling /home/alex/Diplomatiki/ros/install/ergodic_exploration/lib/python3.10/site-packages/my_erg_lib/model_dynamics.py to model_dynamics.cpython-310.pyc\n'}
[10.237265] (ergodic_exploration) StdoutLine: {'line': b'byte-compiling /home/alex/Diplomatiki/ros/install/ergodic_exploration/lib/python3.10/site-packages/my_erg_lib/__init__.py to __init__.cpython-310.pyc\n'}
[10.237513] (ergodic_exploration) StdoutLine: {'line': b'byte-compiling /home/alex/Diplomatiki/ros/install/ergodic_exploration/lib/python3.10/site-packages/my_erg_lib/eid.py to eid.cpython-310.pyc\n'}
[10.240212] (ergodic_exploration) StdoutLine: {'line': b'byte-compiling /home/alex/Diplomatiki/ros/install/ergodic_exploration/lib/python3.10/site-packages/my_erg_lib/basis.py to basis.cpython-310.pyc\n'}
[10.241679] (ergodic_exploration) StdoutLine: {'line': b'byte-compiling /home/alex/Diplomatiki/ros/install/ergodic_exploration/lib/python3.10/site-packages/my_erg_lib/barrier.py to barrier.cpython-310.pyc\n'}
[10.242012] (ergodic_exploration) StdoutLine: {'line': b'byte-compiling /home/alex/Diplomatiki/ros/install/ergodic_exploration/lib/python3.10/site-packages/my_erg_lib/agent.py to agent.cpython-310.pyc\n'}
[10.244861] (-) TimerEvent: {}
[10.245959] (ergodic_exploration) StdoutLine: {'line': b'byte-compiling /home/alex/Diplomatiki/ros/install/ergodic_exploration/lib/python3.10/site-packages/my_erg_lib/replay_buffer.py to replay_buffer.cpython-310.pyc\n'}
[10.246781] (ergodic_exploration) StdoutLine: {'line': b'byte-compiling /home/alex/Diplomatiki/ros/install/ergodic_exploration/lib/python3.10/site-packages/my_erg_lib/Utilities.py to Utilities.cpython-310.pyc\n'}
[10.247103] (ergodic_exploration) StdoutLine: {'line': b'byte-compiling /home/alex/Diplomatiki/ros/install/ergodic_exploration/lib/python3.10/site-packages/my_erg_lib/obstacles.py to obstacles.cpython-310.pyc\n'}
[10.248229] (ergodic_exploration) StdoutLine: {'line': b'byte-compiling /home/alex/Diplomatiki/ros/install/ergodic_exploration/lib/python3.10/site-packages/my_erg_lib/ergodic_controllers.py to ergodic_controllers.cpython-310.pyc\n'}
[10.249832] (ergodic_exploration) StdoutLine: {'line': b'running install_data\n'}
[10.249963] (ergodic_exploration) StdoutLine: {'line': b'creating /home/alex/Diplomatiki/ros/install/ergodic_exploration/share/ament_index/resource_index/packages\n'}
[10.250104] (ergodic_exploration) StdoutLine: {'line': b'copying resource/ergodic_exploration -> /home/alex/Diplomatiki/ros/install/ergodic_exploration/share/ament_index/resource_index/packages\n'}
[10.250242] (ergodic_exploration) StdoutLine: {'line': b'copying package.xml -> /home/alex/Diplomatiki/ros/install/ergodic_exploration/share/ergodic_exploration\n'}
[10.250366] (ergodic_exploration) StdoutLine: {'line': b'creating /home/alex/Diplomatiki/ros/install/ergodic_exploration/share/ergodic_exploration/launch\n'}
[10.250439] (ergodic_exploration) StdoutLine: {'line': b'copying launch/multi_agent.launch.py -> /home/alex/Diplomatiki/ros/install/ergodic_exploration/share/ergodic_exploration/launch\n'}
[10.250529] (ergodic_exploration) StdoutLine: {'line': b'copying launch/three_agents.launch.py -> /home/alex/Diplomatiki/ros/install/ergodic_exploration/share/ergodic_exploration/launch\n'}
[10.250642] (ergodic_exploration) StdoutLine: {'line': b'copying launch/multi_agent.launch.yaml -> /home/alex/Diplomatiki/ros/install/ergodic_exploration/share/ergodic_exploration/launch\n'}
[10.250723] (ergodic_exploration) StdoutLine: {'line': b'running install_egg_info\n'}
[10.264385] (ergodic_exploration) StdoutLine: {'line': b'Copying ../../build/ergodic_exploration/ergodic_exploration.egg-info to /home/alex/Diplomatiki/ros/install/ergodic_exploration/lib/python3.10/site-packages/ergodic_exploration-0.0.0-py3.10.egg-info\n'}
[10.264972] (ergodic_exploration) StdoutLine: {'line': b'running install_scripts\n'}
[10.291824] (ergodic_exploration) StdoutLine: {'line': b'Installing agent_node script to /home/alex/Diplomatiki/ros/install/ergodic_exploration/lib/ergodic_exploration\n'}
[10.292161] (ergodic_exploration) StdoutLine: {'line': b'Installing environment_node script to /home/alex/Diplomatiki/ros/install/ergodic_exploration/lib/ergodic_exploration\n'}
[10.292654] (ergodic_exploration) StdoutLine: {'line': b"writing list of installed files to '/home/alex/Diplomatiki/ros/build/ergodic_exploration/install.log'\n"}
[10.321065] (ergodic_exploration) CommandEnded: {'returncode': 0}
[10.332181] (ergodic_exploration) JobEnded: {'identifier': 'ergodic_exploration', 'rc': 0}
[10.333617] (-) EventReactorShutdown: {}
