[0.000000] (-) TimerEvent: {}
[0.000351] (my_interfaces) JobQueued: {'identifier': 'my_interfaces', 'dependencies': OrderedDict()}
[0.000404] (ergodic_exploration) JobQueued: {'identifier': 'ergodic_exploration', 'dependencies': OrderedDict([('my_interfaces', '/home/alex/Diplomatiki/ros/install/my_interfaces')])}
[0.000443] (my_interfaces) JobStarted: {'identifier': 'my_interfaces'}
[0.006379] (my_interfaces) JobProgress: {'identifier': 'my_interfaces', 'progress': 'cmake'}
[0.006797] (my_interfaces) Command: {'cmd': ['/usr/bin/cmake', '/home/alex/Diplomatiki/ros/src/my_interfaces', '-DCMAKE_INSTALL_PREFIX=/home/alex/Diplomatiki/ros/install/my_interfaces'], 'cwd': '/home/alex/Diplomatiki/ros/build/my_interfaces', 'env': OrderedDict([('LESSOPEN', '| /usr/bin/lesspipe %s'), ('PYTHONWARNINGS', 'ignore::UserWarning:google.protobuf'), ('USER', 'alex'), ('LC_TIME', 'el_GR.UTF-8'), ('XDG_SESSION_TYPE', 'x11'), ('SHLVL', '2'), ('LD_LIBRARY_PATH', '/home/alex/Diplomatiki/ros/install/my_interfaces/lib:/opt/ros/humble/opt/rviz_ogre_vendor/lib:/opt/ros/humble/lib/x86_64-linux-gnu:/opt/ros/humble/lib'), ('HOME', '/home/alex'), ('OLDPWD', '/home/alex/Diplomatiki'), ('DESKTOP_SESSION', 'ubuntu'), ('ROS_PYTHON_VERSION', '3'), ('GNOME_SHELL_SESSION_MODE', 'ubuntu'), ('GTK_MODULES', 'gail:atk-bridge'), ('LC_MONETARY', 'el_GR.UTF-8'), ('MANAGERPID', '1488'), ('SYSTEMD_EXEC_PID', '1943'), ('DBUS_SESSION_BUS_ADDRESS', 'unix:path=/run/user/1000/bus'), ('COLORTERM', 'truecolor'), ('GIO_LAUNCHED_DESKTOP_FILE_PID', '6261'), ('COLCON_PREFIX_PATH', '/home/alex/Diplomatiki/ros/install'), ('ROS_DISTRO', 'humble'), ('GTK_IM_MODULE', 'ibus'), ('LOGNAME', 'alex'), ('_', '/usr/bin/colcon'), ('JOURNAL_STREAM', '8:13093'), ('ROS_VERSION', '2'), ('XDG_SESSION_CLASS', 'user'), ('USERNAME', 'alex'), ('TERM', 'xterm-256color'), ('GNOME_DESKTOP_SESSION_ID', 'this-is-deprecated'), ('ROS_LOCALHOST_ONLY', '0'), ('WINDOWPATH', '2'), ('PATH', '/opt/ros/humble/bin:/home/alex/.local/bin:/usr/local/sbin:/usr/local/bin:/usr/sbin:/usr/bin:/sbin:/bin:/usr/games:/usr/local/games:/snap/bin:/snap/bin'), ('SESSION_MANAGER', 'local/alexlinux:@/tmp/.ICE-unix/1722,unix/alexlinux:/tmp/.ICE-unix/1722'), ('INVOCATION_ID', '0a29c4dbad4e41ccb37a37f5d7ab25bd'), ('PAPERSIZE', 'a4'), ('XDG_MENU_PREFIX', 'gnome-'), ('LC_ADDRESS', 'el_GR.UTF-8'), ('XDG_RUNTIME_DIR', '/run/user/1000'), ('DISPLAY', ':1'), ('LANG', 'en_US.UTF-8'), ('XDG_CURRENT_DESKTOP', 'ubuntu:GNOME'), ('LC_TELEPHONE', 'el_GR.UTF-8'), ('TILIX_ID', '3a132a97-2893-4a1e-ab49-20cbada82ea8'), ('XMODIFIERS', '@im=ibus'), ('XDG_SESSION_DESKTOP', 'ubuntu'), ('XAUTHORITY', '/run/user/1000/gdm/Xauthority'), ('LS_COLORS', 'rs=0:di=01;34:ln=01;36:mh=00:pi=40;33:so=01;35:do=01;35:bd=40;33;01:cd=40;33;01:or=40;31;01:mi=00:su=37;41:sg=30;43:ca=30;41:tw=30;42:ow=34;42:st=37;44:ex=01;32:*.tar=01;31:*.tgz=01;31:*.arc=01;31:*.arj=01;31:*.taz=01;31:*.lha=01;31:*.lz4=01;31:*.lzh=01;31:*.lzma=01;31:*.tlz=01;31:*.txz=01;31:*.tzo=01;31:*.t7z=01;31:*.zip=01;31:*.z=01;31:*.dz=01;31:*.gz=01;31:*.lrz=01;31:*.lz=01;31:*.lzo=01;31:*.xz=01;31:*.zst=01;31:*.tzst=01;31:*.bz2=01;31:*.bz=01;31:*.tbz=01;31:*.tbz2=01;31:*.tz=01;31:*.deb=01;31:*.rpm=01;31:*.jar=01;31:*.war=01;31:*.ear=01;31:*.sar=01;31:*.rar=01;31:*.alz=01;31:*.ace=01;31:*.zoo=01;31:*.cpio=01;31:*.7z=01;31:*.rz=01;31:*.cab=01;31:*.wim=01;31:*.swm=01;31:*.dwm=01;31:*.esd=01;31:*.jpg=01;35:*.jpeg=01;35:*.mjpg=01;35:*.mjpeg=01;35:*.gif=01;35:*.bmp=01;35:*.pbm=01;35:*.pgm=01;35:*.ppm=01;35:*.tga=01;35:*.xbm=01;35:*.xpm=01;35:*.tif=01;35:*.tiff=01;35:*.png=01;35:*.svg=01;35:*.svgz=01;35:*.mng=01;35:*.pcx=01;35:*.mov=01;35:*.mpg=01;35:*.mpeg=01;35:*.m2v=01;35:*.mkv=01;35:*.webm=01;35:*.webp=01;35:*.ogm=01;35:*.mp4=01;35:*.m4v=01;35:*.mp4v=01;35:*.vob=01;35:*.qt=01;35:*.nuv=01;35:*.wmv=01;35:*.asf=01;35:*.rm=01;35:*.rmvb=01;35:*.flc=01;35:*.avi=01;35:*.fli=01;35:*.flv=01;35:*.gl=01;35:*.dl=01;35:*.xcf=01;35:*.xwd=01;35:*.yuv=01;35:*.cgm=01;35:*.emf=01;35:*.ogv=01;35:*.ogx=01;35:*.aac=00;36:*.au=00;36:*.flac=00;36:*.m4a=00;36:*.mid=00;36:*.midi=00;36:*.mka=00;36:*.mp3=00;36:*.mpc=00;36:*.ogg=00;36:*.ra=00;36:*.wav=00;36:*.oga=00;36:*.opus=00;36:*.spx=00;36:*.xspf=00;36:'), ('SSH_AGENT_LAUNCHER', 'gnome-keyring'), ('SSH_AUTH_SOCK', '/run/user/1000/keyring/ssh'), ('AMENT_PREFIX_PATH', '/home/alex/Diplomatiki/ros/install/ergodic_exploration:/home/alex/Diplomatiki/ros/install/my_interfaces:/opt/ros/humble'), ('SHELL', '/bin/bash'), ('LC_NAME', 'el_GR.UTF-8'), ('QT_ACCESSIBILITY', '1'), ('GDMSESSION', 'ubuntu'), ('LESSCLOSE', '/usr/bin/lesspipe %s %s'), ('LC_MEASUREMENT', 'el_GR.UTF-8'), ('GPG_AGENT_INFO', '/run/user/1000/gnupg/S.gpg-agent:0:1'), ('LC_IDENTIFICATION', 'el_GR.UTF-8'), ('QT_IM_MODULE', 'ibus'), ('PWD', '/home/alex/Diplomatiki/ros/build/my_interfaces'), ('XDG_CONFIG_DIRS', '/etc/xdg/xdg-ubuntu:/etc/xdg'), ('XDG_DATA_DIRS', '/usr/share/ubuntu:/usr/share/gnome:/usr/local/share/:/usr/share/:/var/lib/snapd/desktop'), ('PYTHONPATH', '/home/alex/Diplomatiki/ros/install/ergodic_exploration/lib/python3.10/site-packages:/home/alex/Diplomatiki/ros/install/my_interfaces/local/lib/python3.10/dist-packages:/opt/ros/humble/lib/python3.10/site-packages:/opt/ros/humble/local/lib/python3.10/dist-packages'), ('LC_NUMERIC', 'el_GR.UTF-8'), ('LC_PAPER', 'el_GR.UTF-8'), ('COLCON', '1'), ('VTE_VERSION', '6800'), ('CMAKE_PREFIX_PATH', '/home/alex/Diplomatiki/ros/install/my_interfaces:/home/alex/Diplomatiki/ros/install/ergodic_exploration:/opt/ros/humble')]), 'shell': False}
[0.060484] (my_interfaces) StdoutLine: {'line': b'-- The C compiler identification is GNU 11.4.0\n'}
[0.099333] (-) TimerEvent: {}
[0.108614] (my_interfaces) StdoutLine: {'line': b'-- The CXX compiler identification is GNU 11.4.0\n'}
[0.116713] (my_interfaces) StdoutLine: {'line': b'-- Detecting C compiler ABI info\n'}
[0.175808] (my_interfaces) StdoutLine: {'line': b'-- Detecting C compiler ABI info - done\n'}
[0.182571] (my_interfaces) StdoutLine: {'line': b'-- Check for working C compiler: /usr/bin/cc - skipped\n'}
[0.183025] (my_interfaces) StdoutLine: {'line': b'-- Detecting C compile features\n'}
[0.183521] (my_interfaces) StdoutLine: {'line': b'-- Detecting C compile features - done\n'}
[0.186457] (my_interfaces) StdoutLine: {'line': b'-- Detecting CXX compiler ABI info\n'}
[0.199448] (-) TimerEvent: {}
[0.261082] (my_interfaces) StdoutLine: {'line': b'-- Detecting CXX compiler ABI info - done\n'}
[0.268251] (my_interfaces) StdoutLine: {'line': b'-- Check for working CXX compiler: /usr/bin/c++ - skipped\n'}
[0.269103] (my_interfaces) StdoutLine: {'line': b'-- Detecting CXX compile features\n'}
[0.269178] (my_interfaces) StdoutLine: {'line': b'-- Detecting CXX compile features - done\n'}
[0.270716] (my_interfaces) StdoutLine: {'line': b'-- Found ament_cmake: 1.3.12 (/opt/ros/humble/share/ament_cmake/cmake)\n'}
[0.299601] (-) TimerEvent: {}
[0.399998] (-) TimerEvent: {}
[0.500408] (-) TimerEvent: {}
[0.600826] (-) TimerEvent: {}
[0.616508] (my_interfaces) StdoutLine: {'line': b'-- Found Python3: /usr/bin/python3 (found version "3.10.12") found components: Interpreter \n'}
[0.700987] (-) TimerEvent: {}
[0.710843] (my_interfaces) StdoutLine: {'line': b'-- Found rosidl_default_generators: 1.2.0 (/opt/ros/humble/share/rosidl_default_generators/cmake)\n'}
[0.712772] (my_interfaces) StdoutLine: {'line': b'-- Using all available rosidl_typesupport_c: rosidl_typesupport_fastrtps_c;rosidl_typesupport_introspection_c\n'}
[0.717061] (my_interfaces) StdoutLine: {'line': b'-- Found rosidl_adapter: 3.1.7 (/opt/ros/humble/share/rosidl_adapter/cmake)\n'}
[0.755725] (my_interfaces) StdoutLine: {'line': b'-- Using all available rosidl_typesupport_cpp: rosidl_typesupport_fastrtps_cpp;rosidl_typesupport_introspection_cpp\n'}
[0.784312] (my_interfaces) StdoutLine: {'line': b'-- Found std_msgs: 4.9.0 (/opt/ros/humble/share/std_msgs/cmake)\n'}
[0.801181] (-) TimerEvent: {}
[0.803106] (my_interfaces) StdoutLine: {'line': b'-- Found geometry_msgs: 4.9.0 (/opt/ros/humble/share/geometry_msgs/cmake)\n'}
[0.901494] (-) TimerEvent: {}
[1.001892] (-) TimerEvent: {}
[1.102238] (-) TimerEvent: {}
[1.158583] (my_interfaces) StdoutLine: {'line': b'-- Found ament_cmake_ros: 0.10.0 (/opt/ros/humble/share/ament_cmake_ros/cmake)\n'}
[1.202391] (-) TimerEvent: {}
[1.302765] (-) TimerEvent: {}
[1.403153] (-) TimerEvent: {}
[1.433241] (my_interfaces) StdoutLine: {'line': b'-- Using all available rosidl_typesupport_c: rosidl_typesupport_fastrtps_c;rosidl_typesupport_introspection_c\n'}
[1.503239] (-) TimerEvent: {}
[1.603651] (-) TimerEvent: {}
[1.704253] (-) TimerEvent: {}
[1.770786] (my_interfaces) StdoutLine: {'line': b'-- Using all available rosidl_typesupport_cpp: rosidl_typesupport_fastrtps_cpp;rosidl_typesupport_introspection_cpp\n'}
[1.797397] (my_interfaces) StdoutLine: {'line': b'-- Found PythonInterp: /usr/bin/python3 (found suitable version "3.10.12", minimum required is "3.6") \n'}
[1.797645] (my_interfaces) StdoutLine: {'line': b'-- Found python_cmake_module: 0.10.0 (/opt/ros/humble/share/python_cmake_module/cmake)\n'}
[1.804377] (-) TimerEvent: {}
[1.824023] (my_interfaces) StdoutLine: {'line': b'-- Found PythonLibs: /usr/lib/x86_64-linux-gnu/libpython3.10.so (found suitable version "3.10.12", minimum required is "3.5") \n'}
[1.824368] (my_interfaces) StdoutLine: {'line': b'-- Using PYTHON_EXECUTABLE: /usr/bin/python3\n'}
[1.824440] (my_interfaces) StdoutLine: {'line': b'-- Using PYTHON_INCLUDE_DIRS: /usr/include/python3.10\n'}
[1.824495] (my_interfaces) StdoutLine: {'line': b'-- Using PYTHON_LIBRARIES: /usr/lib/x86_64-linux-gnu/libpython3.10.so\n'}
[1.852530] (my_interfaces) StdoutLine: {'line': b'-- Found PythonExtra: .so  \n'}
[1.904485] (-) TimerEvent: {}
[1.923637] (my_interfaces) StdoutLine: {'line': b'-- Found ament_lint_auto: 0.12.14 (/opt/ros/humble/share/ament_lint_auto/cmake)\n'}
[1.937264] (my_interfaces) StdoutLine: {'line': b"-- Added test 'lint_cmake' to check CMake code style\n"}
[1.938160] (my_interfaces) StdoutLine: {'line': b"-- Added test 'xmllint' to check XML markup files\n"}
[1.940081] (my_interfaces) StdoutLine: {'line': b'-- Configuring done\n'}
[1.973623] (my_interfaces) StdoutLine: {'line': b'-- Generating done\n'}
[1.984244] (my_interfaces) StdoutLine: {'line': b'-- Build files have been written to: /home/alex/Diplomatiki/ros/build/my_interfaces\n'}
[1.991076] (my_interfaces) CommandEnded: {'returncode': 0}
[1.991960] (my_interfaces) JobProgress: {'identifier': 'my_interfaces', 'progress': 'build'}
[1.992777] (my_interfaces) Command: {'cmd': ['/usr/bin/cmake', '--build', '/home/alex/Diplomatiki/ros/build/my_interfaces', '--', '-j6', '-l6'], 'cwd': '/home/alex/Diplomatiki/ros/build/my_interfaces', 'env': OrderedDict([('LESSOPEN', '| /usr/bin/lesspipe %s'), ('PYTHONWARNINGS', 'ignore::UserWarning:google.protobuf'), ('USER', 'alex'), ('LC_TIME', 'el_GR.UTF-8'), ('XDG_SESSION_TYPE', 'x11'), ('SHLVL', '2'), ('LD_LIBRARY_PATH', '/home/alex/Diplomatiki/ros/install/my_interfaces/lib:/opt/ros/humble/opt/rviz_ogre_vendor/lib:/opt/ros/humble/lib/x86_64-linux-gnu:/opt/ros/humble/lib'), ('HOME', '/home/alex'), ('OLDPWD', '/home/alex/Diplomatiki'), ('DESKTOP_SESSION', 'ubuntu'), ('ROS_PYTHON_VERSION', '3'), ('GNOME_SHELL_SESSION_MODE', 'ubuntu'), ('GTK_MODULES', 'gail:atk-bridge'), ('LC_MONETARY', 'el_GR.UTF-8'), ('MANAGERPID', '1488'), ('SYSTEMD_EXEC_PID', '1943'), ('DBUS_SESSION_BUS_ADDRESS', 'unix:path=/run/user/1000/bus'), ('COLORTERM', 'truecolor'), ('GIO_LAUNCHED_DESKTOP_FILE_PID', '6261'), ('COLCON_PREFIX_PATH', '/home/alex/Diplomatiki/ros/install'), ('ROS_DISTRO', 'humble'), ('GTK_IM_MODULE', 'ibus'), ('LOGNAME', 'alex'), ('_', '/usr/bin/colcon'), ('JOURNAL_STREAM', '8:13093'), ('ROS_VERSION', '2'), ('XDG_SESSION_CLASS', 'user'), ('USERNAME', 'alex'), ('TERM', 'xterm-256color'), ('GNOME_DESKTOP_SESSION_ID', 'this-is-deprecated'), ('ROS_LOCALHOST_ONLY', '0'), ('WINDOWPATH', '2'), ('PATH', '/opt/ros/humble/bin:/home/alex/.local/bin:/usr/local/sbin:/usr/local/bin:/usr/sbin:/usr/bin:/sbin:/bin:/usr/games:/usr/local/games:/snap/bin:/snap/bin'), ('SESSION_MANAGER', 'local/alexlinux:@/tmp/.ICE-unix/1722,unix/alexlinux:/tmp/.ICE-unix/1722'), ('INVOCATION_ID', '0a29c4dbad4e41ccb37a37f5d7ab25bd'), ('PAPERSIZE', 'a4'), ('XDG_MENU_PREFIX', 'gnome-'), ('LC_ADDRESS', 'el_GR.UTF-8'), ('XDG_RUNTIME_DIR', '/run/user/1000'), ('DISPLAY', ':1'), ('LANG', 'en_US.UTF-8'), ('XDG_CURRENT_DESKTOP', 'ubuntu:GNOME'), ('LC_TELEPHONE', 'el_GR.UTF-8'), ('TILIX_ID', '3a132a97-2893-4a1e-ab49-20cbada82ea8'), ('XMODIFIERS', '@im=ibus'), ('XDG_SESSION_DESKTOP', 'ubuntu'), ('XAUTHORITY', '/run/user/1000/gdm/Xauthority'), ('LS_COLORS', 'rs=0:di=01;34:ln=01;36:mh=00:pi=40;33:so=01;35:do=01;35:bd=40;33;01:cd=40;33;01:or=40;31;01:mi=00:su=37;41:sg=30;43:ca=30;41:tw=30;42:ow=34;42:st=37;44:ex=01;32:*.tar=01;31:*.tgz=01;31:*.arc=01;31:*.arj=01;31:*.taz=01;31:*.lha=01;31:*.lz4=01;31:*.lzh=01;31:*.lzma=01;31:*.tlz=01;31:*.txz=01;31:*.tzo=01;31:*.t7z=01;31:*.zip=01;31:*.z=01;31:*.dz=01;31:*.gz=01;31:*.lrz=01;31:*.lz=01;31:*.lzo=01;31:*.xz=01;31:*.zst=01;31:*.tzst=01;31:*.bz2=01;31:*.bz=01;31:*.tbz=01;31:*.tbz2=01;31:*.tz=01;31:*.deb=01;31:*.rpm=01;31:*.jar=01;31:*.war=01;31:*.ear=01;31:*.sar=01;31:*.rar=01;31:*.alz=01;31:*.ace=01;31:*.zoo=01;31:*.cpio=01;31:*.7z=01;31:*.rz=01;31:*.cab=01;31:*.wim=01;31:*.swm=01;31:*.dwm=01;31:*.esd=01;31:*.jpg=01;35:*.jpeg=01;35:*.mjpg=01;35:*.mjpeg=01;35:*.gif=01;35:*.bmp=01;35:*.pbm=01;35:*.pgm=01;35:*.ppm=01;35:*.tga=01;35:*.xbm=01;35:*.xpm=01;35:*.tif=01;35:*.tiff=01;35:*.png=01;35:*.svg=01;35:*.svgz=01;35:*.mng=01;35:*.pcx=01;35:*.mov=01;35:*.mpg=01;35:*.mpeg=01;35:*.m2v=01;35:*.mkv=01;35:*.webm=01;35:*.webp=01;35:*.ogm=01;35:*.mp4=01;35:*.m4v=01;35:*.mp4v=01;35:*.vob=01;35:*.qt=01;35:*.nuv=01;35:*.wmv=01;35:*.asf=01;35:*.rm=01;35:*.rmvb=01;35:*.flc=01;35:*.avi=01;35:*.fli=01;35:*.flv=01;35:*.gl=01;35:*.dl=01;35:*.xcf=01;35:*.xwd=01;35:*.yuv=01;35:*.cgm=01;35:*.emf=01;35:*.ogv=01;35:*.ogx=01;35:*.aac=00;36:*.au=00;36:*.flac=00;36:*.m4a=00;36:*.mid=00;36:*.midi=00;36:*.mka=00;36:*.mp3=00;36:*.mpc=00;36:*.ogg=00;36:*.ra=00;36:*.wav=00;36:*.oga=00;36:*.opus=00;36:*.spx=00;36:*.xspf=00;36:'), ('SSH_AGENT_LAUNCHER', 'gnome-keyring'), ('SSH_AUTH_SOCK', '/run/user/1000/keyring/ssh'), ('AMENT_PREFIX_PATH', '/home/alex/Diplomatiki/ros/install/ergodic_exploration:/home/alex/Diplomatiki/ros/install/my_interfaces:/opt/ros/humble'), ('SHELL', '/bin/bash'), ('LC_NAME', 'el_GR.UTF-8'), ('QT_ACCESSIBILITY', '1'), ('GDMSESSION', 'ubuntu'), ('LESSCLOSE', '/usr/bin/lesspipe %s %s'), ('LC_MEASUREMENT', 'el_GR.UTF-8'), ('GPG_AGENT_INFO', '/run/user/1000/gnupg/S.gpg-agent:0:1'), ('LC_IDENTIFICATION', 'el_GR.UTF-8'), ('QT_IM_MODULE', 'ibus'), ('PWD', '/home/alex/Diplomatiki/ros/build/my_interfaces'), ('XDG_CONFIG_DIRS', '/etc/xdg/xdg-ubuntu:/etc/xdg'), ('XDG_DATA_DIRS', '/usr/share/ubuntu:/usr/share/gnome:/usr/local/share/:/usr/share/:/var/lib/snapd/desktop'), ('PYTHONPATH', '/home/alex/Diplomatiki/ros/install/ergodic_exploration/lib/python3.10/site-packages:/home/alex/Diplomatiki/ros/install/my_interfaces/local/lib/python3.10/dist-packages:/opt/ros/humble/lib/python3.10/site-packages:/opt/ros/humble/local/lib/python3.10/dist-packages'), ('LC_NUMERIC', 'el_GR.UTF-8'), ('LC_PAPER', 'el_GR.UTF-8'), ('COLCON', '1'), ('VTE_VERSION', '6800'), ('CMAKE_PREFIX_PATH', '/home/alex/Diplomatiki/ros/install/my_interfaces:/home/alex/Diplomatiki/ros/install/ergodic_exploration:/opt/ros/humble')]), 'shell': False}
[2.004659] (-) TimerEvent: {}
[2.029634] (my_interfaces) StdoutLine: {'line': b'[  1%] \x1b[34m\x1b[1mGenerating C code for ROS interfaces\x1b[0m\n'}
[2.036588] (my_interfaces) StdoutLine: {'line': b'[  2%] \x1b[34m\x1b[1mGenerating C++ code for ROS interfaces\x1b[0m\n'}
[2.046153] (my_interfaces) StdoutLine: {'line': b'[  2%] Built target ament_cmake_python_copy_my_interfaces\n'}
[2.104762] (-) TimerEvent: {}
[2.205333] (-) TimerEvent: {}
[2.241146] (my_interfaces) StdoutLine: {'line': b'running egg_info\n'}
[2.258328] (my_interfaces) StdoutLine: {'line': b'creating my_interfaces.egg-info\n'}
[2.259025] (my_interfaces) StdoutLine: {'line': b'writing my_interfaces.egg-info/PKG-INFO\n'}
[2.259090] (my_interfaces) StdoutLine: {'line': b'writing dependency_links to my_interfaces.egg-info/dependency_links.txt\n'}
[2.260587] (my_interfaces) StdoutLine: {'line': b'writing top-level names to my_interfaces.egg-info/top_level.txt\n'}
[2.260744] (my_interfaces) StdoutLine: {'line': b"writing manifest file 'my_interfaces.egg-info/SOURCES.txt'\n"}
[2.303485] (my_interfaces) StdoutLine: {'line': b"reading manifest file 'my_interfaces.egg-info/SOURCES.txt'\n"}
[2.304559] (my_interfaces) StdoutLine: {'line': b"writing manifest file 'my_interfaces.egg-info/SOURCES.txt'\n"}
[2.306226] (-) TimerEvent: {}
[2.345311] (my_interfaces) StdoutLine: {'line': b'[  2%] Built target ament_cmake_python_build_my_interfaces_egg\n'}
[2.406353] (-) TimerEvent: {}
[2.506669] (-) TimerEvent: {}
[2.606939] (-) TimerEvent: {}
[2.707308] (-) TimerEvent: {}
[2.808447] (-) TimerEvent: {}
[2.899452] (my_interfaces) StdoutLine: {'line': b'[  2%] Built target my_interfaces__cpp\n'}
[2.909706] (my_interfaces) StdoutLine: {'line': b'[  4%] \x1b[34m\x1b[1mGenerating C++ type support dispatch for ROS interfaces\x1b[0m\n'}
[2.909920] (-) TimerEvent: {}
[2.911113] (my_interfaces) StdoutLine: {'line': b'[  5%] \x1b[34m\x1b[1mGenerating C++ type support for eProsima Fast-RTPS\x1b[0m\n'}
[2.911450] (my_interfaces) StdoutLine: {'line': b'[  7%] \x1b[34m\x1b[1mGenerating C++ introspection for ROS interfaces\x1b[0m\n'}
[2.928261] (my_interfaces) StdoutLine: {'line': b'[  8%] \x1b[32mBuilding C object CMakeFiles/my_interfaces__rosidl_generator_c.dir/rosidl_generator_c/my_interfaces/msg/detail/ck_table__functions.c.o\x1b[0m\n'}
[2.930037] (my_interfaces) StdoutLine: {'line': b'[  9%] \x1b[32mBuilding C object CMakeFiles/my_interfaces__rosidl_generator_c.dir/rosidl_generator_c/my_interfaces/msg/detail/single_obstacle__functions.c.o\x1b[0m\n'}
[2.930107] (my_interfaces) StdoutLine: {'line': b'[ 11%] \x1b[32mBuilding C object CMakeFiles/my_interfaces__rosidl_generator_c.dir/rosidl_generator_c/my_interfaces/msg/detail/agent_data__functions.c.o\x1b[0m\n'}
[3.007588] (my_interfaces) StdoutLine: {'line': b'[ 12%] \x1b[32mBuilding C object CMakeFiles/my_interfaces__rosidl_generator_c.dir/rosidl_generator_c/my_interfaces/msg/detail/multiple_obstacles__functions.c.o\x1b[0m\n'}
[3.010050] (-) TimerEvent: {}
[3.035443] (my_interfaces) StdoutLine: {'line': b'[ 14%] \x1b[32mBuilding C object CMakeFiles/my_interfaces__rosidl_generator_c.dir/rosidl_generator_c/my_interfaces/msg/detail/single_target_estimate__functions.c.o\x1b[0m\n'}
[3.051646] (my_interfaces) StdoutLine: {'line': b'[ 15%] \x1b[32mBuilding C object CMakeFiles/my_interfaces__rosidl_generator_c.dir/rosidl_generator_c/my_interfaces/msg/detail/multiple_target_estimates__functions.c.o\x1b[0m\n'}
[3.110266] (-) TimerEvent: {}
[3.146787] (my_interfaces) StdoutLine: {'line': b'[ 16%] \x1b[32m\x1b[1mLinking C shared library libmy_interfaces__rosidl_generator_c.so\x1b[0m\n'}
[3.186323] (my_interfaces) StdoutLine: {'line': b'[ 16%] Built target my_interfaces__rosidl_generator_c\n'}
[3.199295] (my_interfaces) StdoutLine: {'line': b'[ 18%] \x1b[34m\x1b[1mGenerating C type support for eProsima Fast-RTPS\x1b[0m\n'}
[3.204938] (my_interfaces) StdoutLine: {'line': b'[ 19%] \x1b[34m\x1b[1mGenerating C introspection for ROS interfaces\x1b[0m\n'}
[3.211237] (-) TimerEvent: {}
[3.219044] (my_interfaces) StdoutLine: {'line': b'[ 21%] \x1b[34m\x1b[1mGenerating C type support dispatch for ROS interfaces\x1b[0m\n'}
[3.312238] (-) TimerEvent: {}
[3.413359] (-) TimerEvent: {}
[3.516200] (-) TimerEvent: {}
[3.616501] (-) TimerEvent: {}
[3.719850] (-) TimerEvent: {}
[3.820162] (-) TimerEvent: {}
[3.894275] (my_interfaces) StdoutLine: {'line': b'[ 22%] \x1b[32mBuilding CXX object CMakeFiles/my_interfaces__rosidl_typesupport_cpp.dir/rosidl_typesupport_cpp/my_interfaces/msg/ck_table__type_support.cpp.o\x1b[0m\n'}
[3.920292] (-) TimerEvent: {}
[4.020633] (-) TimerEvent: {}
[4.082691] (my_interfaces) StdoutLine: {'line': b'[ 23%] \x1b[32mBuilding CXX object CMakeFiles/my_interfaces__rosidl_typesupport_introspection_cpp.dir/rosidl_typesupport_introspection_cpp/my_interfaces/msg/detail/ck_table__type_support.cpp.o\x1b[0m\n'}
[4.096333] (my_interfaces) StdoutLine: {'line': b'[ 25%] \x1b[32mBuilding CXX object CMakeFiles/my_interfaces__rosidl_typesupport_fastrtps_cpp.dir/rosidl_typesupport_fastrtps_cpp/my_interfaces/msg/detail/dds_fastrtps/ck_table__type_support.cpp.o\x1b[0m\n'}
[4.109577] (my_interfaces) StdoutLine: {'line': b'[ 26%] \x1b[32mBuilding CXX object CMakeFiles/my_interfaces__rosidl_typesupport_c.dir/rosidl_typesupport_c/my_interfaces/msg/ck_table__type_support.cpp.o\x1b[0m\n'}
[4.120737] (-) TimerEvent: {}
[4.146518] (my_interfaces) StdoutLine: {'line': b'[ 28%] \x1b[32mBuilding C object CMakeFiles/my_interfaces__rosidl_typesupport_introspection_c.dir/rosidl_typesupport_introspection_c/my_interfaces/msg/detail/ck_table__type_support.c.o\x1b[0m\n'}
[4.167300] (my_interfaces) StdoutLine: {'line': b'[ 29%] \x1b[32mBuilding CXX object CMakeFiles/my_interfaces__rosidl_typesupport_c.dir/rosidl_typesupport_c/my_interfaces/msg/agent_data__type_support.cpp.o\x1b[0m\n'}
[4.187707] (my_interfaces) StdoutLine: {'line': b'[ 32%] \x1b[32mBuilding C object CMakeFiles/my_interfaces__rosidl_typesupport_introspection_c.dir/rosidl_typesupport_introspection_c/my_interfaces/msg/detail/agent_data__type_support.c.o\x1b[0m\n'}
[4.189015] (my_interfaces) StdoutLine: {'line': b'[ 32%] \x1b[32mBuilding CXX object CMakeFiles/my_interfaces__rosidl_typesupport_cpp.dir/rosidl_typesupport_cpp/my_interfaces/msg/agent_data__type_support.cpp.o\x1b[0m\n'}
[4.220862] (-) TimerEvent: {}
[4.230262] (my_interfaces) StdoutLine: {'line': b'[ 33%] \x1b[32mBuilding CXX object CMakeFiles/my_interfaces__rosidl_typesupport_c.dir/rosidl_typesupport_c/my_interfaces/msg/single_obstacle__type_support.cpp.o\x1b[0m\n'}
[4.255906] (my_interfaces) StdoutLine: {'line': b'[ 35%] \x1b[32mBuilding C object CMakeFiles/my_interfaces__rosidl_typesupport_introspection_c.dir/rosidl_typesupport_introspection_c/my_interfaces/msg/detail/single_obstacle__type_support.c.o\x1b[0m\n'}
[4.268536] (my_interfaces) StdoutLine: {'line': b'[ 36%] \x1b[32mBuilding CXX object CMakeFiles/my_interfaces__rosidl_typesupport_c.dir/rosidl_typesupport_c/my_interfaces/msg/multiple_obstacles__type_support.cpp.o\x1b[0m\n'}
[4.311080] (my_interfaces) StdoutLine: {'line': b'[ 38%] \x1b[32mBuilding C object CMakeFiles/my_interfaces__rosidl_typesupport_introspection_c.dir/rosidl_typesupport_introspection_c/my_interfaces/msg/detail/multiple_obstacles__type_support.c.o\x1b[0m\n'}
[4.319637] (my_interfaces) StdoutLine: {'line': b'[ 39%] \x1b[32mBuilding CXX object CMakeFiles/my_interfaces__rosidl_typesupport_c.dir/rosidl_typesupport_c/my_interfaces/msg/single_target_estimate__type_support.cpp.o\x1b[0m\n'}
[4.320981] (-) TimerEvent: {}
[4.346391] (my_interfaces) StdoutLine: {'line': b'[ 40%] \x1b[32mBuilding C object CMakeFiles/my_interfaces__rosidl_typesupport_introspection_c.dir/rosidl_typesupport_introspection_c/my_interfaces/msg/detail/single_target_estimate__type_support.c.o\x1b[0m\n'}
[4.362563] (my_interfaces) StdoutLine: {'line': b'[ 42%] \x1b[32mBuilding CXX object CMakeFiles/my_interfaces__rosidl_typesupport_c.dir/rosidl_typesupport_c/my_interfaces/msg/multiple_target_estimates__type_support.cpp.o\x1b[0m\n'}
[4.394568] (my_interfaces) StdoutLine: {'line': b'[ 43%] \x1b[32mBuilding C object CMakeFiles/my_interfaces__rosidl_typesupport_introspection_c.dir/rosidl_typesupport_introspection_c/my_interfaces/msg/detail/multiple_target_estimates__type_support.c.o\x1b[0m\n'}
[4.415276] (my_interfaces) StdoutLine: {'line': b'[ 45%] \x1b[32m\x1b[1mLinking CXX shared library libmy_interfaces__rosidl_typesupport_c.so\x1b[0m\n'}
[4.421113] (-) TimerEvent: {}
[4.433561] (my_interfaces) StdoutLine: {'line': b'[ 46%] \x1b[32m\x1b[1mLinking C shared library libmy_interfaces__rosidl_typesupport_introspection_c.so\x1b[0m\n'}
[4.450509] (my_interfaces) StdoutLine: {'line': b'[ 47%] \x1b[32mBuilding CXX object CMakeFiles/my_interfaces__rosidl_typesupport_cpp.dir/rosidl_typesupport_cpp/my_interfaces/msg/single_obstacle__type_support.cpp.o\x1b[0m\n'}
[4.479456] (my_interfaces) StdoutLine: {'line': b'[ 47%] Built target my_interfaces__rosidl_typesupport_c\n'}
[4.492357] (my_interfaces) StdoutLine: {'line': b'[ 47%] Built target my_interfaces__rosidl_typesupport_introspection_c\n'}
[4.492590] (my_interfaces) StdoutLine: {'line': b'[ 49%] \x1b[32mBuilding CXX object CMakeFiles/my_interfaces__rosidl_typesupport_cpp.dir/rosidl_typesupport_cpp/my_interfaces/msg/multiple_obstacles__type_support.cpp.o\x1b[0m\n'}
[4.500481] (my_interfaces) StdoutLine: {'line': b'[ 50%] \x1b[32mBuilding CXX object CMakeFiles/my_interfaces__rosidl_typesupport_fastrtps_c.dir/rosidl_typesupport_fastrtps_c/my_interfaces/msg/detail/ck_table__type_support_c.cpp.o\x1b[0m\n'}
[4.503443] (my_interfaces) StdoutLine: {'line': b'[ 52%] \x1b[32mBuilding CXX object CMakeFiles/my_interfaces__rosidl_typesupport_fastrtps_c.dir/rosidl_typesupport_fastrtps_c/my_interfaces/msg/detail/agent_data__type_support_c.cpp.o\x1b[0m\n'}
[4.521231] (-) TimerEvent: {}
[4.540601] (my_interfaces) StdoutLine: {'line': b'[ 53%] \x1b[32mBuilding CXX object CMakeFiles/my_interfaces__rosidl_typesupport_introspection_cpp.dir/rosidl_typesupport_introspection_cpp/my_interfaces/msg/detail/agent_data__type_support.cpp.o\x1b[0m\n'}
[4.573934] (my_interfaces) StdoutLine: {'line': b'[ 54%] \x1b[32mBuilding CXX object CMakeFiles/my_interfaces__rosidl_typesupport_fastrtps_cpp.dir/rosidl_typesupport_fastrtps_cpp/my_interfaces/msg/detail/dds_fastrtps/agent_data__type_support.cpp.o\x1b[0m\n'}
[4.623234] (-) TimerEvent: {}
[4.726220] (-) TimerEvent: {}
[4.762787] (my_interfaces) StdoutLine: {'line': b'[ 56%] \x1b[32mBuilding CXX object CMakeFiles/my_interfaces__rosidl_typesupport_cpp.dir/rosidl_typesupport_cpp/my_interfaces/msg/single_target_estimate__type_support.cpp.o\x1b[0m\n'}
[4.813174] (my_interfaces) StdoutLine: {'line': b'[ 57%] \x1b[32mBuilding CXX object CMakeFiles/my_interfaces__rosidl_typesupport_cpp.dir/rosidl_typesupport_cpp/my_interfaces/msg/multiple_target_estimates__type_support.cpp.o\x1b[0m\n'}
[4.826343] (-) TimerEvent: {}
[4.903311] (my_interfaces) StdoutLine: {'line': b'[ 59%] \x1b[32mBuilding CXX object CMakeFiles/my_interfaces__rosidl_typesupport_fastrtps_c.dir/rosidl_typesupport_fastrtps_c/my_interfaces/msg/detail/single_obstacle__type_support_c.cpp.o\x1b[0m\n'}
[4.926485] (-) TimerEvent: {}
[5.003388] (my_interfaces) StdoutLine: {'line': b'[ 60%] \x1b[32mBuilding CXX object CMakeFiles/my_interfaces__rosidl_typesupport_fastrtps_c.dir/rosidl_typesupport_fastrtps_c/my_interfaces/msg/detail/multiple_obstacles__type_support_c.cpp.o\x1b[0m\n'}
[5.026611] (-) TimerEvent: {}
[5.033342] (my_interfaces) StdoutLine: {'line': b'[ 61%] \x1b[32mBuilding CXX object CMakeFiles/my_interfaces__rosidl_typesupport_fastrtps_cpp.dir/rosidl_typesupport_fastrtps_cpp/my_interfaces/msg/detail/dds_fastrtps/single_obstacle__type_support.cpp.o\x1b[0m\n'}
[5.051688] (my_interfaces) StdoutLine: {'line': b'[ 63%] \x1b[32mBuilding CXX object CMakeFiles/my_interfaces__rosidl_typesupport_introspection_cpp.dir/rosidl_typesupport_introspection_cpp/my_interfaces/msg/detail/single_obstacle__type_support.cpp.o\x1b[0m\n'}
[5.084314] (my_interfaces) StdoutLine: {'line': b'[ 64%] \x1b[32m\x1b[1mLinking CXX shared library libmy_interfaces__rosidl_typesupport_cpp.so\x1b[0m\n'}
[5.126743] (-) TimerEvent: {}
[5.198733] (my_interfaces) StdoutLine: {'line': b'[ 66%] \x1b[32mBuilding CXX object CMakeFiles/my_interfaces__rosidl_typesupport_fastrtps_cpp.dir/rosidl_typesupport_fastrtps_cpp/my_interfaces/msg/detail/dds_fastrtps/multiple_obstacles__type_support.cpp.o\x1b[0m\n'}
[5.216097] (my_interfaces) StdoutLine: {'line': b'[ 66%] Built target my_interfaces__rosidl_typesupport_cpp\n'}
[5.231231] (-) TimerEvent: {}
[5.236769] (my_interfaces) StdoutLine: {'line': b'[ 67%] \x1b[32mBuilding CXX object CMakeFiles/my_interfaces__rosidl_typesupport_fastrtps_c.dir/rosidl_typesupport_fastrtps_c/my_interfaces/msg/detail/single_target_estimate__type_support_c.cpp.o\x1b[0m\n'}
[5.306860] (my_interfaces) StdoutLine: {'line': b'[ 69%] \x1b[32mBuilding CXX object CMakeFiles/my_interfaces__rosidl_typesupport_fastrtps_c.dir/rosidl_typesupport_fastrtps_c/my_interfaces/msg/detail/multiple_target_estimates__type_support_c.cpp.o\x1b[0m\n'}
[5.331363] (-) TimerEvent: {}
[5.431717] (-) TimerEvent: {}
[5.532726] (-) TimerEvent: {}
[5.544835] (my_interfaces) StdoutLine: {'line': b'[ 70%] \x1b[32mBuilding CXX object CMakeFiles/my_interfaces__rosidl_typesupport_introspection_cpp.dir/rosidl_typesupport_introspection_cpp/my_interfaces/msg/detail/multiple_obstacles__type_support.cpp.o\x1b[0m\n'}
[5.638215] (my_interfaces) StdoutLine: {'line': b'[ 71%] \x1b[32mBuilding CXX object CMakeFiles/my_interfaces__rosidl_typesupport_fastrtps_cpp.dir/rosidl_typesupport_fastrtps_cpp/my_interfaces/msg/detail/dds_fastrtps/single_target_estimate__type_support.cpp.o\x1b[0m\n'}
[5.638419] (-) TimerEvent: {}
[5.668453] (my_interfaces) StdoutLine: {'line': b'[ 73%] \x1b[32mBuilding CXX object CMakeFiles/my_interfaces__rosidl_typesupport_introspection_cpp.dir/rosidl_typesupport_introspection_cpp/my_interfaces/msg/detail/single_target_estimate__type_support.cpp.o\x1b[0m\n'}
[5.677772] (my_interfaces) StdoutLine: {'line': b'[ 74%] \x1b[32mBuilding CXX object CMakeFiles/my_interfaces__rosidl_typesupport_introspection_cpp.dir/rosidl_typesupport_introspection_cpp/my_interfaces/msg/detail/multiple_target_estimates__type_support.cpp.o\x1b[0m\n'}
[5.738575] (-) TimerEvent: {}
[5.838608] (my_interfaces) StdoutLine: {'line': b'[ 76%] \x1b[32m\x1b[1mLinking CXX shared library libmy_interfaces__rosidl_typesupport_fastrtps_c.so\x1b[0m\n'}
[5.838801] (-) TimerEvent: {}
[5.913801] (my_interfaces) StdoutLine: {'line': b'[ 77%] \x1b[32mBuilding CXX object CMakeFiles/my_interfaces__rosidl_typesupport_fastrtps_cpp.dir/rosidl_typesupport_fastrtps_cpp/my_interfaces/msg/detail/dds_fastrtps/multiple_target_estimates__type_support.cpp.o\x1b[0m\n'}
[5.939003] (-) TimerEvent: {}
[6.017754] (my_interfaces) StdoutLine: {'line': b'[ 77%] Built target my_interfaces__rosidl_typesupport_fastrtps_c\n'}
[6.040072] (-) TimerEvent: {}
[6.140571] (-) TimerEvent: {}
[6.189166] (my_interfaces) StdoutLine: {'line': b'[ 78%] \x1b[32m\x1b[1mLinking CXX shared library libmy_interfaces__rosidl_typesupport_introspection_cpp.so\x1b[0m\n'}
[6.240719] (-) TimerEvent: {}
[6.283830] (my_interfaces) StdoutLine: {'line': b'[ 78%] Built target my_interfaces__rosidl_typesupport_introspection_cpp\n'}
[6.305251] (my_interfaces) StdoutLine: {'line': b'[ 80%] \x1b[32m\x1b[1mLinking CXX shared library libmy_interfaces__rosidl_typesupport_fastrtps_cpp.so\x1b[0m\n'}
[6.340902] (-) TimerEvent: {}
[6.414168] (my_interfaces) StdoutLine: {'line': b'[ 80%] Built target my_interfaces__rosidl_typesupport_fastrtps_cpp\n'}
[6.437627] (my_interfaces) StdoutLine: {'line': b'[ 80%] Built target my_interfaces\n'}
[6.441151] (-) TimerEvent: {}
[6.458050] (my_interfaces) StdoutLine: {'line': b'[ 81%] \x1b[34m\x1b[1mGenerating Python code for ROS interfaces\x1b[0m\n'}
[6.541228] (-) TimerEvent: {}
[6.641571] (-) TimerEvent: {}
[6.741979] (-) TimerEvent: {}
[6.842337] (-) TimerEvent: {}
[6.943195] (-) TimerEvent: {}
[7.043528] (-) TimerEvent: {}
[7.143849] (-) TimerEvent: {}
[7.244184] (-) TimerEvent: {}
[7.344517] (-) TimerEvent: {}
[7.444850] (-) TimerEvent: {}
[7.545191] (-) TimerEvent: {}
[7.638583] (my_interfaces) StdoutLine: {'line': b'[ 81%] Built target my_interfaces__py\n'}
[7.645347] (-) TimerEvent: {}
[7.658145] (my_interfaces) StdoutLine: {'line': b'[ 87%] \x1b[32mBuilding C object CMakeFiles/my_interfaces__rosidl_generator_py.dir/rosidl_generator_py/my_interfaces/msg/_single_target_estimate_s.c.o\x1b[0m\n'}
[7.658348] (my_interfaces) StdoutLine: {'line': b'[ 87%] \x1b[32mBuilding C object CMakeFiles/my_interfaces__rosidl_generator_py.dir/rosidl_generator_py/my_interfaces/msg/_multiple_target_estimates_s.c.o\x1b[0m\n'}
[7.658403] (my_interfaces) StdoutLine: {'line': b'[ 88%] \x1b[32mBuilding C object CMakeFiles/my_interfaces__rosidl_generator_py.dir/rosidl_generator_py/my_interfaces/msg/_single_obstacle_s.c.o\x1b[0m\n'}
[7.658452] (my_interfaces) StdoutLine: {'line': b'[ 88%] \x1b[32mBuilding C object CMakeFiles/my_interfaces__rosidl_generator_py.dir/rosidl_generator_py/my_interfaces/msg/_ck_table_s.c.o\x1b[0m\n'}
[7.658498] (my_interfaces) StdoutLine: {'line': b'[ 90%] \x1b[32mBuilding C object CMakeFiles/my_interfaces__rosidl_generator_py.dir/rosidl_generator_py/my_interfaces/msg/_agent_data_s.c.o\x1b[0m\n'}
[7.658555] (my_interfaces) StdoutLine: {'line': b'[ 87%] \x1b[32mBuilding C object CMakeFiles/my_interfaces__rosidl_generator_py.dir/rosidl_generator_py/my_interfaces/msg/_multiple_obstacles_s.c.o\x1b[0m\n'}
[7.747262] (-) TimerEvent: {}
[7.793002] (my_interfaces) StdoutLine: {'line': b'[ 91%] \x1b[32m\x1b[1mLinking C shared library rosidl_generator_py/my_interfaces/libmy_interfaces__rosidl_generator_py.so\x1b[0m\n'}
[7.834616] (my_interfaces) StdoutLine: {'line': b'[ 91%] Built target my_interfaces__rosidl_generator_py\n'}
[7.847473] (-) TimerEvent: {}
[7.852594] (my_interfaces) StdoutLine: {'line': b'[ 92%] \x1b[32mBuilding C object CMakeFiles/my_interfaces__rosidl_typesupport_fastrtps_c__pyext.dir/rosidl_generator_py/my_interfaces/_my_interfaces_s.ep.rosidl_typesupport_fastrtps_c.c.o\x1b[0m\n'}
[7.852885] (my_interfaces) StdoutLine: {'line': b'[ 95%] \x1b[32mBuilding C object CMakeFiles/my_interfaces__rosidl_typesupport_introspection_c__pyext.dir/rosidl_generator_py/my_interfaces/_my_interfaces_s.ep.rosidl_typesupport_introspection_c.c.o\x1b[0m\n'}
[7.853001] (my_interfaces) StdoutLine: {'line': b'[ 95%] \x1b[32mBuilding C object CMakeFiles/my_interfaces__rosidl_typesupport_c__pyext.dir/rosidl_generator_py/my_interfaces/_my_interfaces_s.ep.rosidl_typesupport_c.c.o\x1b[0m\n'}
[7.942057] (my_interfaces) StdoutLine: {'line': b'[ 98%] \x1b[32m\x1b[1mLinking C shared library rosidl_generator_py/my_interfaces/my_interfaces_s__rosidl_typesupport_fastrtps_c.cpython-310-x86_64-linux-gnu.so\x1b[0m\n'}
[7.942323] (my_interfaces) StdoutLine: {'line': b'[ 98%] \x1b[32m\x1b[1mLinking C shared library rosidl_generator_py/my_interfaces/my_interfaces_s__rosidl_typesupport_introspection_c.cpython-310-x86_64-linux-gnu.so\x1b[0m\n'}
[7.943664] (my_interfaces) StdoutLine: {'line': b'[100%] \x1b[32m\x1b[1mLinking C shared library rosidl_generator_py/my_interfaces/my_interfaces_s__rosidl_typesupport_c.cpython-310-x86_64-linux-gnu.so\x1b[0m\n'}
[7.947621] (-) TimerEvent: {}
[7.975352] (my_interfaces) StdoutLine: {'line': b'[100%] Built target my_interfaces__rosidl_typesupport_fastrtps_c__pyext\n'}
[7.975653] (my_interfaces) StdoutLine: {'line': b'[100%] Built target my_interfaces__rosidl_typesupport_introspection_c__pyext\n'}
[7.977013] (my_interfaces) StdoutLine: {'line': b'[100%] Built target my_interfaces__rosidl_typesupport_c__pyext\n'}
[7.989277] (my_interfaces) CommandEnded: {'returncode': 0}
[7.989849] (my_interfaces) JobProgress: {'identifier': 'my_interfaces', 'progress': 'install'}
[7.997655] (my_interfaces) Command: {'cmd': ['/usr/bin/cmake', '--install', '/home/alex/Diplomatiki/ros/build/my_interfaces'], 'cwd': '/home/alex/Diplomatiki/ros/build/my_interfaces', 'env': OrderedDict([('LESSOPEN', '| /usr/bin/lesspipe %s'), ('PYTHONWARNINGS', 'ignore::UserWarning:google.protobuf'), ('USER', 'alex'), ('LC_TIME', 'el_GR.UTF-8'), ('XDG_SESSION_TYPE', 'x11'), ('SHLVL', '2'), ('LD_LIBRARY_PATH', '/home/alex/Diplomatiki/ros/install/my_interfaces/lib:/opt/ros/humble/opt/rviz_ogre_vendor/lib:/opt/ros/humble/lib/x86_64-linux-gnu:/opt/ros/humble/lib'), ('HOME', '/home/alex'), ('OLDPWD', '/home/alex/Diplomatiki'), ('DESKTOP_SESSION', 'ubuntu'), ('ROS_PYTHON_VERSION', '3'), ('GNOME_SHELL_SESSION_MODE', 'ubuntu'), ('GTK_MODULES', 'gail:atk-bridge'), ('LC_MONETARY', 'el_GR.UTF-8'), ('MANAGERPID', '1488'), ('SYSTEMD_EXEC_PID', '1943'), ('DBUS_SESSION_BUS_ADDRESS', 'unix:path=/run/user/1000/bus'), ('COLORTERM', 'truecolor'), ('GIO_LAUNCHED_DESKTOP_FILE_PID', '6261'), ('COLCON_PREFIX_PATH', '/home/alex/Diplomatiki/ros/install'), ('ROS_DISTRO', 'humble'), ('GTK_IM_MODULE', 'ibus'), ('LOGNAME', 'alex'), ('_', '/usr/bin/colcon'), ('JOURNAL_STREAM', '8:13093'), ('ROS_VERSION', '2'), ('XDG_SESSION_CLASS', 'user'), ('USERNAME', 'alex'), ('TERM', 'xterm-256color'), ('GNOME_DESKTOP_SESSION_ID', 'this-is-deprecated'), ('ROS_LOCALHOST_ONLY', '0'), ('WINDOWPATH', '2'), ('PATH', '/opt/ros/humble/bin:/home/alex/.local/bin:/usr/local/sbin:/usr/local/bin:/usr/sbin:/usr/bin:/sbin:/bin:/usr/games:/usr/local/games:/snap/bin:/snap/bin'), ('SESSION_MANAGER', 'local/alexlinux:@/tmp/.ICE-unix/1722,unix/alexlinux:/tmp/.ICE-unix/1722'), ('INVOCATION_ID', '0a29c4dbad4e41ccb37a37f5d7ab25bd'), ('PAPERSIZE', 'a4'), ('XDG_MENU_PREFIX', 'gnome-'), ('LC_ADDRESS', 'el_GR.UTF-8'), ('XDG_RUNTIME_DIR', '/run/user/1000'), ('DISPLAY', ':1'), ('LANG', 'en_US.UTF-8'), ('XDG_CURRENT_DESKTOP', 'ubuntu:GNOME'), ('LC_TELEPHONE', 'el_GR.UTF-8'), ('TILIX_ID', '3a132a97-2893-4a1e-ab49-20cbada82ea8'), ('XMODIFIERS', '@im=ibus'), ('XDG_SESSION_DESKTOP', 'ubuntu'), ('XAUTHORITY', '/run/user/1000/gdm/Xauthority'), ('LS_COLORS', 'rs=0:di=01;34:ln=01;36:mh=00:pi=40;33:so=01;35:do=01;35:bd=40;33;01:cd=40;33;01:or=40;31;01:mi=00:su=37;41:sg=30;43:ca=30;41:tw=30;42:ow=34;42:st=37;44:ex=01;32:*.tar=01;31:*.tgz=01;31:*.arc=01;31:*.arj=01;31:*.taz=01;31:*.lha=01;31:*.lz4=01;31:*.lzh=01;31:*.lzma=01;31:*.tlz=01;31:*.txz=01;31:*.tzo=01;31:*.t7z=01;31:*.zip=01;31:*.z=01;31:*.dz=01;31:*.gz=01;31:*.lrz=01;31:*.lz=01;31:*.lzo=01;31:*.xz=01;31:*.zst=01;31:*.tzst=01;31:*.bz2=01;31:*.bz=01;31:*.tbz=01;31:*.tbz2=01;31:*.tz=01;31:*.deb=01;31:*.rpm=01;31:*.jar=01;31:*.war=01;31:*.ear=01;31:*.sar=01;31:*.rar=01;31:*.alz=01;31:*.ace=01;31:*.zoo=01;31:*.cpio=01;31:*.7z=01;31:*.rz=01;31:*.cab=01;31:*.wim=01;31:*.swm=01;31:*.dwm=01;31:*.esd=01;31:*.jpg=01;35:*.jpeg=01;35:*.mjpg=01;35:*.mjpeg=01;35:*.gif=01;35:*.bmp=01;35:*.pbm=01;35:*.pgm=01;35:*.ppm=01;35:*.tga=01;35:*.xbm=01;35:*.xpm=01;35:*.tif=01;35:*.tiff=01;35:*.png=01;35:*.svg=01;35:*.svgz=01;35:*.mng=01;35:*.pcx=01;35:*.mov=01;35:*.mpg=01;35:*.mpeg=01;35:*.m2v=01;35:*.mkv=01;35:*.webm=01;35:*.webp=01;35:*.ogm=01;35:*.mp4=01;35:*.m4v=01;35:*.mp4v=01;35:*.vob=01;35:*.qt=01;35:*.nuv=01;35:*.wmv=01;35:*.asf=01;35:*.rm=01;35:*.rmvb=01;35:*.flc=01;35:*.avi=01;35:*.fli=01;35:*.flv=01;35:*.gl=01;35:*.dl=01;35:*.xcf=01;35:*.xwd=01;35:*.yuv=01;35:*.cgm=01;35:*.emf=01;35:*.ogv=01;35:*.ogx=01;35:*.aac=00;36:*.au=00;36:*.flac=00;36:*.m4a=00;36:*.mid=00;36:*.midi=00;36:*.mka=00;36:*.mp3=00;36:*.mpc=00;36:*.ogg=00;36:*.ra=00;36:*.wav=00;36:*.oga=00;36:*.opus=00;36:*.spx=00;36:*.xspf=00;36:'), ('SSH_AGENT_LAUNCHER', 'gnome-keyring'), ('SSH_AUTH_SOCK', '/run/user/1000/keyring/ssh'), ('AMENT_PREFIX_PATH', '/home/alex/Diplomatiki/ros/install/ergodic_exploration:/home/alex/Diplomatiki/ros/install/my_interfaces:/opt/ros/humble'), ('SHELL', '/bin/bash'), ('LC_NAME', 'el_GR.UTF-8'), ('QT_ACCESSIBILITY', '1'), ('GDMSESSION', 'ubuntu'), ('LESSCLOSE', '/usr/bin/lesspipe %s %s'), ('LC_MEASUREMENT', 'el_GR.UTF-8'), ('GPG_AGENT_INFO', '/run/user/1000/gnupg/S.gpg-agent:0:1'), ('LC_IDENTIFICATION', 'el_GR.UTF-8'), ('QT_IM_MODULE', 'ibus'), ('PWD', '/home/alex/Diplomatiki/ros/build/my_interfaces'), ('XDG_CONFIG_DIRS', '/etc/xdg/xdg-ubuntu:/etc/xdg'), ('XDG_DATA_DIRS', '/usr/share/ubuntu:/usr/share/gnome:/usr/local/share/:/usr/share/:/var/lib/snapd/desktop'), ('PYTHONPATH', '/home/alex/Diplomatiki/ros/install/ergodic_exploration/lib/python3.10/site-packages:/home/alex/Diplomatiki/ros/install/my_interfaces/local/lib/python3.10/dist-packages:/opt/ros/humble/lib/python3.10/site-packages:/opt/ros/humble/local/lib/python3.10/dist-packages'), ('LC_NUMERIC', 'el_GR.UTF-8'), ('LC_PAPER', 'el_GR.UTF-8'), ('COLCON', '1'), ('VTE_VERSION', '6800'), ('CMAKE_PREFIX_PATH', '/home/alex/Diplomatiki/ros/install/my_interfaces:/home/alex/Diplomatiki/ros/install/ergodic_exploration:/opt/ros/humble')]), 'shell': False}
[8.004428] (my_interfaces) StdoutLine: {'line': b'-- Install configuration: ""\n'}
[8.004764] (my_interfaces) StdoutLine: {'line': b'-- Installing: /home/alex/Diplomatiki/ros/install/my_interfaces/share/ament_index/resource_index/rosidl_interfaces/my_interfaces\n'}
[8.004928] (my_interfaces) StdoutLine: {'line': b'-- Installing: /home/alex/Diplomatiki/ros/install/my_interfaces/include/my_interfaces/my_interfaces\n'}
[8.005037] (my_interfaces) StdoutLine: {'line': b'-- Installing: /home/alex/Diplomatiki/ros/install/my_interfaces/include/my_interfaces/my_interfaces/msg\n'}
[8.005244] (my_interfaces) StdoutLine: {'line': b'-- Installing: /home/alex/Diplomatiki/ros/install/my_interfaces/include/my_interfaces/my_interfaces/msg/agent_data.h\n'}
[8.005363] (my_interfaces) StdoutLine: {'line': b'-- Installing: /home/alex/Diplomatiki/ros/install/my_interfaces/include/my_interfaces/my_interfaces/msg/multiple_obstacles.h\n'}
[8.005456] (my_interfaces) StdoutLine: {'line': b'-- Installing: /home/alex/Diplomatiki/ros/install/my_interfaces/include/my_interfaces/my_interfaces/msg/rosidl_generator_c__visibility_control.h\n'}
[8.005550] (my_interfaces) StdoutLine: {'line': b'-- Installing: /home/alex/Diplomatiki/ros/install/my_interfaces/include/my_interfaces/my_interfaces/msg/multiple_target_estimates.h\n'}
[8.005644] (my_interfaces) StdoutLine: {'line': b'-- Installing: /home/alex/Diplomatiki/ros/install/my_interfaces/include/my_interfaces/my_interfaces/msg/detail\n'}
[8.005737] (my_interfaces) StdoutLine: {'line': b'-- Installing: /home/alex/Diplomatiki/ros/install/my_interfaces/include/my_interfaces/my_interfaces/msg/detail/single_target_estimate__type_support.h\n'}
[8.005834] (my_interfaces) StdoutLine: {'line': b'-- Installing: /home/alex/Diplomatiki/ros/install/my_interfaces/include/my_interfaces/my_interfaces/msg/detail/single_obstacle__type_support.h\n'}
[8.005938] (my_interfaces) StdoutLine: {'line': b'-- Installing: /home/alex/Diplomatiki/ros/install/my_interfaces/include/my_interfaces/my_interfaces/msg/detail/single_target_estimate__struct.h\n'}
[8.006166] (my_interfaces) StdoutLine: {'line': b'-- Installing: /home/alex/Diplomatiki/ros/install/my_interfaces/include/my_interfaces/my_interfaces/msg/detail/agent_data__functions.h\n'}
[8.006298] (my_interfaces) StdoutLine: {'line': b'-- Installing: /home/alex/Diplomatiki/ros/install/my_interfaces/include/my_interfaces/my_interfaces/msg/detail/multiple_target_estimates__type_support.h\n'}
[8.006398] (my_interfaces) StdoutLine: {'line': b'-- Installing: /home/alex/Diplomatiki/ros/install/my_interfaces/include/my_interfaces/my_interfaces/msg/detail/multiple_obstacles__functions.c\n'}
[8.006509] (my_interfaces) StdoutLine: {'line': b'-- Installing: /home/alex/Diplomatiki/ros/install/my_interfaces/include/my_interfaces/my_interfaces/msg/detail/single_target_estimate__functions.h\n'}
[8.006604] (my_interfaces) StdoutLine: {'line': b'-- Installing: /home/alex/Diplomatiki/ros/install/my_interfaces/include/my_interfaces/my_interfaces/msg/detail/ck_table__struct.h\n'}
[8.006698] (my_interfaces) StdoutLine: {'line': b'-- Installing: /home/alex/Diplomatiki/ros/install/my_interfaces/include/my_interfaces/my_interfaces/msg/detail/agent_data__type_support.h\n'}
[8.006853] (my_interfaces) StdoutLine: {'line': b'-- Installing: /home/alex/Diplomatiki/ros/install/my_interfaces/include/my_interfaces/my_interfaces/msg/detail/single_obstacle__functions.h\n'}
[8.006983] (my_interfaces) StdoutLine: {'line': b'-- Installing: /home/alex/Diplomatiki/ros/install/my_interfaces/include/my_interfaces/my_interfaces/msg/detail/single_obstacle__struct.h\n'}
[8.007083] (my_interfaces) StdoutLine: {'line': b'-- Installing: /home/alex/Diplomatiki/ros/install/my_interfaces/include/my_interfaces/my_interfaces/msg/detail/agent_data__struct.h\n'}
[8.007204] (my_interfaces) StdoutLine: {'line': b'-- Installing: /home/alex/Diplomatiki/ros/install/my_interfaces/include/my_interfaces/my_interfaces/msg/detail/agent_data__functions.c\n'}
[8.007300] (my_interfaces) StdoutLine: {'line': b'-- Installing: /home/alex/Diplomatiki/ros/install/my_interfaces/include/my_interfaces/my_interfaces/msg/detail/multiple_obstacles__struct.h\n'}
[8.007394] (my_interfaces) StdoutLine: {'line': b'-- Installing: /home/alex/Diplomatiki/ros/install/my_interfaces/include/my_interfaces/my_interfaces/msg/detail/ck_table__functions.c\n'}
[8.007495] (my_interfaces) StdoutLine: {'line': b'-- Installing: /home/alex/Diplomatiki/ros/install/my_interfaces/include/my_interfaces/my_interfaces/msg/detail/single_obstacle__functions.c\n'}
[8.007589] (my_interfaces) StdoutLine: {'line': b'-- Installing: /home/alex/Diplomatiki/ros/install/my_interfaces/include/my_interfaces/my_interfaces/msg/detail/single_target_estimate__functions.c\n'}
[8.007687] (my_interfaces) StdoutLine: {'line': b'-- Installing: /home/alex/Diplomatiki/ros/install/my_interfaces/include/my_interfaces/my_interfaces/msg/detail/multiple_obstacles__type_support.h\n'}
[8.007780] (my_interfaces) StdoutLine: {'line': b'-- Installing: /home/alex/Diplomatiki/ros/install/my_interfaces/include/my_interfaces/my_interfaces/msg/detail/multiple_target_estimates__functions.h\n'}
[8.007883] (my_interfaces) StdoutLine: {'line': b'-- Installing: /home/alex/Diplomatiki/ros/install/my_interfaces/include/my_interfaces/my_interfaces/msg/detail/ck_table__functions.h\n'}
[8.007980] (my_interfaces) StdoutLine: {'line': b'-- Installing: /home/alex/Diplomatiki/ros/install/my_interfaces/include/my_interfaces/my_interfaces/msg/detail/multiple_target_estimates__functions.c\n'}
[8.008080] (my_interfaces) StdoutLine: {'line': b'-- Installing: /home/alex/Diplomatiki/ros/install/my_interfaces/include/my_interfaces/my_interfaces/msg/detail/multiple_target_estimates__struct.h\n'}
[8.008195] (my_interfaces) StdoutLine: {'line': b'-- Installing: /home/alex/Diplomatiki/ros/install/my_interfaces/include/my_interfaces/my_interfaces/msg/detail/multiple_obstacles__functions.h\n'}
[8.008293] (my_interfaces) StdoutLine: {'line': b'-- Installing: /home/alex/Diplomatiki/ros/install/my_interfaces/include/my_interfaces/my_interfaces/msg/detail/ck_table__type_support.h\n'}
[8.008386] (my_interfaces) StdoutLine: {'line': b'-- Installing: /home/alex/Diplomatiki/ros/install/my_interfaces/include/my_interfaces/my_interfaces/msg/single_target_estimate.h\n'}
[8.008478] (my_interfaces) StdoutLine: {'line': b'-- Installing: /home/alex/Diplomatiki/ros/install/my_interfaces/include/my_interfaces/my_interfaces/msg/ck_table.h\n'}
[8.008571] (my_interfaces) StdoutLine: {'line': b'-- Installing: /home/alex/Diplomatiki/ros/install/my_interfaces/include/my_interfaces/my_interfaces/msg/single_obstacle.h\n'}
[8.008757] (my_interfaces) StdoutLine: {'line': b'-- Installing: /home/alex/Diplomatiki/ros/install/my_interfaces/share/my_interfaces/environment/library_path.sh\n'}
[8.008861] (my_interfaces) StdoutLine: {'line': b'-- Installing: /home/alex/Diplomatiki/ros/install/my_interfaces/share/my_interfaces/environment/library_path.dsv\n'}
[8.008959] (my_interfaces) StdoutLine: {'line': b'-- Installing: /home/alex/Diplomatiki/ros/install/my_interfaces/lib/libmy_interfaces__rosidl_generator_c.so\n'}
[8.009055] (my_interfaces) StdoutLine: {'line': b'-- Set runtime path of "/home/alex/Diplomatiki/ros/install/my_interfaces/lib/libmy_interfaces__rosidl_generator_c.so" to ""\n'}
[8.009169] (my_interfaces) StdoutLine: {'line': b'-- Up-to-date: /home/alex/Diplomatiki/ros/install/my_interfaces/include/my_interfaces/my_interfaces\n'}
[8.009281] (my_interfaces) StdoutLine: {'line': b'-- Up-to-date: /home/alex/Diplomatiki/ros/install/my_interfaces/include/my_interfaces/my_interfaces/msg\n'}
[8.009378] (my_interfaces) StdoutLine: {'line': b'-- Installing: /home/alex/Diplomatiki/ros/install/my_interfaces/include/my_interfaces/my_interfaces/msg/rosidl_typesupport_fastrtps_c__visibility_control.h\n'}
[8.009476] (my_interfaces) StdoutLine: {'line': b'-- Up-to-date: /home/alex/Diplomatiki/ros/install/my_interfaces/include/my_interfaces/my_interfaces/msg/detail\n'}
[8.009571] (my_interfaces) StdoutLine: {'line': b'-- Installing: /home/alex/Diplomatiki/ros/install/my_interfaces/include/my_interfaces/my_interfaces/msg/detail/single_obstacle__rosidl_typesupport_fastrtps_c.h\n'}
[8.009679] (my_interfaces) StdoutLine: {'line': b'-- Installing: /home/alex/Diplomatiki/ros/install/my_interfaces/include/my_interfaces/my_interfaces/msg/detail/multiple_target_estimates__rosidl_typesupport_fastrtps_c.h\n'}
[8.009774] (my_interfaces) StdoutLine: {'line': b'-- Installing: /home/alex/Diplomatiki/ros/install/my_interfaces/include/my_interfaces/my_interfaces/msg/detail/ck_table__rosidl_typesupport_fastrtps_c.h\n'}
[8.009887] (my_interfaces) StdoutLine: {'line': b'-- Installing: /home/alex/Diplomatiki/ros/install/my_interfaces/include/my_interfaces/my_interfaces/msg/detail/multiple_obstacles__rosidl_typesupport_fastrtps_c.h\n'}
[8.009988] (my_interfaces) StdoutLine: {'line': b'-- Installing: /home/alex/Diplomatiki/ros/install/my_interfaces/include/my_interfaces/my_interfaces/msg/detail/single_target_estimate__rosidl_typesupport_fastrtps_c.h\n'}
[8.010104] (my_interfaces) StdoutLine: {'line': b'-- Installing: /home/alex/Diplomatiki/ros/install/my_interfaces/include/my_interfaces/my_interfaces/msg/detail/agent_data__rosidl_typesupport_fastrtps_c.h\n'}
[8.010217] (my_interfaces) StdoutLine: {'line': b'-- Installing: /home/alex/Diplomatiki/ros/install/my_interfaces/lib/libmy_interfaces__rosidl_typesupport_fastrtps_c.so\n'}
[8.010388] (my_interfaces) StdoutLine: {'line': b'-- Set runtime path of "/home/alex/Diplomatiki/ros/install/my_interfaces/lib/libmy_interfaces__rosidl_typesupport_fastrtps_c.so" to ""\n'}
[8.010641] (my_interfaces) StdoutLine: {'line': b'-- Up-to-date: /home/alex/Diplomatiki/ros/install/my_interfaces/include/my_interfaces/my_interfaces\n'}
[8.010741] (my_interfaces) StdoutLine: {'line': b'-- Up-to-date: /home/alex/Diplomatiki/ros/install/my_interfaces/include/my_interfaces/my_interfaces/msg\n'}
[8.010840] (my_interfaces) StdoutLine: {'line': b'-- Up-to-date: /home/alex/Diplomatiki/ros/install/my_interfaces/include/my_interfaces/my_interfaces/msg/detail\n'}
[8.010939] (my_interfaces) StdoutLine: {'line': b'-- Installing: /home/alex/Diplomatiki/ros/install/my_interfaces/include/my_interfaces/my_interfaces/msg/detail/multiple_obstacles__rosidl_typesupport_introspection_c.h\n'}
[8.011040] (my_interfaces) StdoutLine: {'line': b'-- Installing: /home/alex/Diplomatiki/ros/install/my_interfaces/include/my_interfaces/my_interfaces/msg/detail/ck_table__rosidl_typesupport_introspection_c.h\n'}
[8.011152] (my_interfaces) StdoutLine: {'line': b'-- Installing: /home/alex/Diplomatiki/ros/install/my_interfaces/include/my_interfaces/my_interfaces/msg/detail/multiple_target_estimates__rosidl_typesupport_introspection_c.h\n'}
[8.011262] (my_interfaces) StdoutLine: {'line': b'-- Installing: /home/alex/Diplomatiki/ros/install/my_interfaces/include/my_interfaces/my_interfaces/msg/detail/agent_data__rosidl_typesupport_introspection_c.h\n'}
[8.011363] (my_interfaces) StdoutLine: {'line': b'-- Installing: /home/alex/Diplomatiki/ros/install/my_interfaces/include/my_interfaces/my_interfaces/msg/detail/ck_table__type_support.c\n'}
[8.011464] (my_interfaces) StdoutLine: {'line': b'-- Installing: /home/alex/Diplomatiki/ros/install/my_interfaces/include/my_interfaces/my_interfaces/msg/detail/single_obstacle__rosidl_typesupport_introspection_c.h\n'}
[8.011563] (my_interfaces) StdoutLine: {'line': b'-- Installing: /home/alex/Diplomatiki/ros/install/my_interfaces/include/my_interfaces/my_interfaces/msg/detail/multiple_obstacles__type_support.c\n'}
[8.011664] (my_interfaces) StdoutLine: {'line': b'-- Installing: /home/alex/Diplomatiki/ros/install/my_interfaces/include/my_interfaces/my_interfaces/msg/detail/agent_data__type_support.c\n'}
[8.011763] (my_interfaces) StdoutLine: {'line': b'-- Installing: /home/alex/Diplomatiki/ros/install/my_interfaces/include/my_interfaces/my_interfaces/msg/detail/single_obstacle__type_support.c\n'}
[8.011862] (my_interfaces) StdoutLine: {'line': b'-- Installing: /home/alex/Diplomatiki/ros/install/my_interfaces/include/my_interfaces/my_interfaces/msg/detail/single_target_estimate__rosidl_typesupport_introspection_c.h\n'}
[8.011961] (my_interfaces) StdoutLine: {'line': b'-- Installing: /home/alex/Diplomatiki/ros/install/my_interfaces/include/my_interfaces/my_interfaces/msg/detail/single_target_estimate__type_support.c\n'}
[8.012059] (my_interfaces) StdoutLine: {'line': b'-- Installing: /home/alex/Diplomatiki/ros/install/my_interfaces/include/my_interfaces/my_interfaces/msg/detail/multiple_target_estimates__type_support.c\n'}
[8.012172] (my_interfaces) StdoutLine: {'line': b'-- Installing: /home/alex/Diplomatiki/ros/install/my_interfaces/include/my_interfaces/my_interfaces/msg/rosidl_typesupport_introspection_c__visibility_control.h\n'}
[8.012278] (my_interfaces) StdoutLine: {'line': b'-- Installing: /home/alex/Diplomatiki/ros/install/my_interfaces/lib/libmy_interfaces__rosidl_typesupport_introspection_c.so\n'}
[8.012402] (my_interfaces) StdoutLine: {'line': b'-- Set runtime path of "/home/alex/Diplomatiki/ros/install/my_interfaces/lib/libmy_interfaces__rosidl_typesupport_introspection_c.so" to ""\n'}
[8.012503] (my_interfaces) StdoutLine: {'line': b'-- Installing: /home/alex/Diplomatiki/ros/install/my_interfaces/lib/libmy_interfaces__rosidl_typesupport_c.so\n'}
[8.012603] (my_interfaces) StdoutLine: {'line': b'-- Set runtime path of "/home/alex/Diplomatiki/ros/install/my_interfaces/lib/libmy_interfaces__rosidl_typesupport_c.so" to ""\n'}
[8.012704] (my_interfaces) StdoutLine: {'line': b'-- Up-to-date: /home/alex/Diplomatiki/ros/install/my_interfaces/include/my_interfaces/my_interfaces\n'}
[8.012803] (my_interfaces) StdoutLine: {'line': b'-- Up-to-date: /home/alex/Diplomatiki/ros/install/my_interfaces/include/my_interfaces/my_interfaces/msg\n'}
[8.013001] (my_interfaces) StdoutLine: {'line': b'-- Installing: /home/alex/Diplomatiki/ros/install/my_interfaces/include/my_interfaces/my_interfaces/msg/ck_table.hpp\n'}
[8.013103] (my_interfaces) StdoutLine: {'line': b'-- Installing: /home/alex/Diplomatiki/ros/install/my_interfaces/include/my_interfaces/my_interfaces/msg/multiple_obstacles.hpp\n'}
[8.013224] (my_interfaces) StdoutLine: {'line': b'-- Installing: /home/alex/Diplomatiki/ros/install/my_interfaces/include/my_interfaces/my_interfaces/msg/rosidl_generator_cpp__visibility_control.hpp\n'}
[8.013328] (my_interfaces) StdoutLine: {'line': b'-- Installing: /home/alex/Diplomatiki/ros/install/my_interfaces/include/my_interfaces/my_interfaces/msg/single_obstacle.hpp\n'}
[8.013428] (my_interfaces) StdoutLine: {'line': b'-- Installing: /home/alex/Diplomatiki/ros/install/my_interfaces/include/my_interfaces/my_interfaces/msg/agent_data.hpp\n'}
[8.013527] (my_interfaces) StdoutLine: {'line': b'-- Installing: /home/alex/Diplomatiki/ros/install/my_interfaces/include/my_interfaces/my_interfaces/msg/multiple_target_estimates.hpp\n'}
[8.013660] (my_interfaces) StdoutLine: {'line': b'-- Up-to-date: /home/alex/Diplomatiki/ros/install/my_interfaces/include/my_interfaces/my_interfaces/msg/detail\n'}
[8.013757] (my_interfaces) StdoutLine: {'line': b'-- Installing: /home/alex/Diplomatiki/ros/install/my_interfaces/include/my_interfaces/my_interfaces/msg/detail/multiple_target_estimates__traits.hpp\n'}
[8.013885] (my_interfaces) StdoutLine: {'line': b'-- Installing: /home/alex/Diplomatiki/ros/install/my_interfaces/include/my_interfaces/my_interfaces/msg/detail/single_obstacle__builder.hpp\n'}
[8.013987] (my_interfaces) StdoutLine: {'line': b'-- Installing: /home/alex/Diplomatiki/ros/install/my_interfaces/include/my_interfaces/my_interfaces/msg/detail/ck_table__traits.hpp\n'}
[8.014087] (my_interfaces) StdoutLine: {'line': b'-- Installing: /home/alex/Diplomatiki/ros/install/my_interfaces/include/my_interfaces/my_interfaces/msg/detail/single_target_estimate__builder.hpp\n'}
[8.014207] (my_interfaces) StdoutLine: {'line': b'-- Installing: /home/alex/Diplomatiki/ros/install/my_interfaces/include/my_interfaces/my_interfaces/msg/detail/multiple_obstacles__builder.hpp\n'}
[8.014309] (my_interfaces) StdoutLine: {'line': b'-- Installing: /home/alex/Diplomatiki/ros/install/my_interfaces/include/my_interfaces/my_interfaces/msg/detail/ck_table__type_support.hpp\n'}
[8.014411] (my_interfaces) StdoutLine: {'line': b'-- Installing: /home/alex/Diplomatiki/ros/install/my_interfaces/include/my_interfaces/my_interfaces/msg/detail/multiple_obstacles__type_support.hpp\n'}
[8.014510] (my_interfaces) StdoutLine: {'line': b'-- Installing: /home/alex/Diplomatiki/ros/install/my_interfaces/include/my_interfaces/my_interfaces/msg/detail/single_target_estimate__traits.hpp\n'}
[8.014611] (my_interfaces) StdoutLine: {'line': b'-- Installing: /home/alex/Diplomatiki/ros/install/my_interfaces/include/my_interfaces/my_interfaces/msg/detail/ck_table__struct.hpp\n'}
[8.014710] (my_interfaces) StdoutLine: {'line': b'-- Installing: /home/alex/Diplomatiki/ros/install/my_interfaces/include/my_interfaces/my_interfaces/msg/detail/single_target_estimate__type_support.hpp\n'}
[8.014907] (my_interfaces) StdoutLine: {'line': b'-- Installing: /home/alex/Diplomatiki/ros/install/my_interfaces/include/my_interfaces/my_interfaces/msg/detail/agent_data__struct.hpp\n'}
[8.015004] (my_interfaces) StdoutLine: {'line': b'-- Installing: /home/alex/Diplomatiki/ros/install/my_interfaces/include/my_interfaces/my_interfaces/msg/detail/multiple_target_estimates__builder.hpp\n'}
[8.015098] (my_interfaces) StdoutLine: {'line': b'-- Installing: /home/alex/Diplomatiki/ros/install/my_interfaces/include/my_interfaces/my_interfaces/msg/detail/single_obstacle__struct.hpp\n'}
[8.015217] (my_interfaces) StdoutLine: {'line': b'-- Installing: /home/alex/Diplomatiki/ros/install/my_interfaces/include/my_interfaces/my_interfaces/msg/detail/multiple_obstacles__struct.hpp\n'}
[8.015313] (my_interfaces) StdoutLine: {'line': b'-- Installing: /home/alex/Diplomatiki/ros/install/my_interfaces/include/my_interfaces/my_interfaces/msg/detail/multiple_obstacles__traits.hpp\n'}
[8.015408] (my_interfaces) StdoutLine: {'line': b'-- Installing: /home/alex/Diplomatiki/ros/install/my_interfaces/include/my_interfaces/my_interfaces/msg/detail/multiple_target_estimates__type_support.hpp\n'}
[8.015501] (my_interfaces) StdoutLine: {'line': b'-- Installing: /home/alex/Diplomatiki/ros/install/my_interfaces/include/my_interfaces/my_interfaces/msg/detail/multiple_target_estimates__struct.hpp\n'}
[8.015595] (my_interfaces) StdoutLine: {'line': b'-- Installing: /home/alex/Diplomatiki/ros/install/my_interfaces/include/my_interfaces/my_interfaces/msg/detail/ck_table__builder.hpp\n'}
[8.015690] (my_interfaces) StdoutLine: {'line': b'-- Installing: /home/alex/Diplomatiki/ros/install/my_interfaces/include/my_interfaces/my_interfaces/msg/detail/agent_data__type_support.hpp\n'}
[8.015784] (my_interfaces) StdoutLine: {'line': b'-- Installing: /home/alex/Diplomatiki/ros/install/my_interfaces/include/my_interfaces/my_interfaces/msg/detail/single_obstacle__traits.hpp\n'}
[8.015878] (my_interfaces) StdoutLine: {'line': b'-- Installing: /home/alex/Diplomatiki/ros/install/my_interfaces/include/my_interfaces/my_interfaces/msg/detail/single_target_estimate__struct.hpp\n'}
[8.015973] (my_interfaces) StdoutLine: {'line': b'-- Installing: /home/alex/Diplomatiki/ros/install/my_interfaces/include/my_interfaces/my_interfaces/msg/detail/agent_data__traits.hpp\n'}
[8.016066] (my_interfaces) StdoutLine: {'line': b'-- Installing: /home/alex/Diplomatiki/ros/install/my_interfaces/include/my_interfaces/my_interfaces/msg/detail/single_obstacle__type_support.hpp\n'}
[8.016189] (my_interfaces) StdoutLine: {'line': b'-- Installing: /home/alex/Diplomatiki/ros/install/my_interfaces/include/my_interfaces/my_interfaces/msg/detail/agent_data__builder.hpp\n'}
[8.016289] (my_interfaces) StdoutLine: {'line': b'-- Installing: /home/alex/Diplomatiki/ros/install/my_interfaces/include/my_interfaces/my_interfaces/msg/single_target_estimate.hpp\n'}
[8.016383] (my_interfaces) StdoutLine: {'line': b'-- Up-to-date: /home/alex/Diplomatiki/ros/install/my_interfaces/include/my_interfaces/my_interfaces\n'}
[8.016477] (my_interfaces) StdoutLine: {'line': b'-- Up-to-date: /home/alex/Diplomatiki/ros/install/my_interfaces/include/my_interfaces/my_interfaces/msg\n'}
[8.016577] (my_interfaces) StdoutLine: {'line': b'-- Installing: /home/alex/Diplomatiki/ros/install/my_interfaces/include/my_interfaces/my_interfaces/msg/rosidl_typesupport_fastrtps_cpp__visibility_control.h\n'}
[8.016672] (my_interfaces) StdoutLine: {'line': b'-- Up-to-date: /home/alex/Diplomatiki/ros/install/my_interfaces/include/my_interfaces/my_interfaces/msg/detail\n'}
[8.016766] (my_interfaces) StdoutLine: {'line': b'-- Installing: /home/alex/Diplomatiki/ros/install/my_interfaces/include/my_interfaces/my_interfaces/msg/detail/dds_fastrtps\n'}
[8.016866] (my_interfaces) StdoutLine: {'line': b'-- Installing: /home/alex/Diplomatiki/ros/install/my_interfaces/include/my_interfaces/my_interfaces/msg/detail/single_obstacle__rosidl_typesupport_fastrtps_cpp.hpp\n'}
[8.016973] (my_interfaces) StdoutLine: {'line': b'-- Installing: /home/alex/Diplomatiki/ros/install/my_interfaces/include/my_interfaces/my_interfaces/msg/detail/agent_data__rosidl_typesupport_fastrtps_cpp.hpp\n'}
[8.017073] (my_interfaces) StdoutLine: {'line': b'-- Installing: /home/alex/Diplomatiki/ros/install/my_interfaces/include/my_interfaces/my_interfaces/msg/detail/multiple_obstacles__rosidl_typesupport_fastrtps_cpp.hpp\n'}
[8.017196] (my_interfaces) StdoutLine: {'line': b'-- Installing: /home/alex/Diplomatiki/ros/install/my_interfaces/include/my_interfaces/my_interfaces/msg/detail/single_target_estimate__rosidl_typesupport_fastrtps_cpp.hpp\n'}
[8.017304] (my_interfaces) StdoutLine: {'line': b'-- Installing: /home/alex/Diplomatiki/ros/install/my_interfaces/include/my_interfaces/my_interfaces/msg/detail/multiple_target_estimates__rosidl_typesupport_fastrtps_cpp.hpp\n'}
[8.017405] (my_interfaces) StdoutLine: {'line': b'-- Installing: /home/alex/Diplomatiki/ros/install/my_interfaces/include/my_interfaces/my_interfaces/msg/detail/ck_table__rosidl_typesupport_fastrtps_cpp.hpp\n'}
[8.017506] (my_interfaces) StdoutLine: {'line': b'-- Installing: /home/alex/Diplomatiki/ros/install/my_interfaces/lib/libmy_interfaces__rosidl_typesupport_fastrtps_cpp.so\n'}
[8.017606] (my_interfaces) StdoutLine: {'line': b'-- Set runtime path of "/home/alex/Diplomatiki/ros/install/my_interfaces/lib/libmy_interfaces__rosidl_typesupport_fastrtps_cpp.so" to ""\n'}
[8.017707] (my_interfaces) StdoutLine: {'line': b'-- Up-to-date: /home/alex/Diplomatiki/ros/install/my_interfaces/include/my_interfaces/my_interfaces\n'}
[8.017806] (my_interfaces) StdoutLine: {'line': b'-- Up-to-date: /home/alex/Diplomatiki/ros/install/my_interfaces/include/my_interfaces/my_interfaces/msg\n'}
[8.018105] (my_interfaces) StdoutLine: {'line': b'-- Up-to-date: /home/alex/Diplomatiki/ros/install/my_interfaces/include/my_interfaces/my_interfaces/msg/detail\n'}
[8.018224] (my_interfaces) StdoutLine: {'line': b'-- Installing: /home/alex/Diplomatiki/ros/install/my_interfaces/include/my_interfaces/my_interfaces/msg/detail/agent_data__rosidl_typesupport_introspection_cpp.hpp\n'}
[8.018321] (my_interfaces) StdoutLine: {'line': b'-- Installing: /home/alex/Diplomatiki/ros/install/my_interfaces/include/my_interfaces/my_interfaces/msg/detail/single_target_estimate__type_support.cpp\n'}
[8.018415] (my_interfaces) StdoutLine: {'line': b'-- Installing: /home/alex/Diplomatiki/ros/install/my_interfaces/include/my_interfaces/my_interfaces/msg/detail/multiple_target_estimates__type_support.cpp\n'}
[8.018510] (my_interfaces) StdoutLine: {'line': b'-- Installing: /home/alex/Diplomatiki/ros/install/my_interfaces/include/my_interfaces/my_interfaces/msg/detail/single_obstacle__rosidl_typesupport_introspection_cpp.hpp\n'}
[8.018603] (my_interfaces) StdoutLine: {'line': b'-- Installing: /home/alex/Diplomatiki/ros/install/my_interfaces/include/my_interfaces/my_interfaces/msg/detail/multiple_target_estimates__rosidl_typesupport_introspection_cpp.hpp\n'}
[8.018696] (my_interfaces) StdoutLine: {'line': b'-- Installing: /home/alex/Diplomatiki/ros/install/my_interfaces/include/my_interfaces/my_interfaces/msg/detail/single_target_estimate__rosidl_typesupport_introspection_cpp.hpp\n'}
[8.018788] (my_interfaces) StdoutLine: {'line': b'-- Installing: /home/alex/Diplomatiki/ros/install/my_interfaces/include/my_interfaces/my_interfaces/msg/detail/ck_table__rosidl_typesupport_introspection_cpp.hpp\n'}
[8.018881] (my_interfaces) StdoutLine: {'line': b'-- Installing: /home/alex/Diplomatiki/ros/install/my_interfaces/include/my_interfaces/my_interfaces/msg/detail/single_obstacle__type_support.cpp\n'}
[8.018973] (my_interfaces) StdoutLine: {'line': b'-- Installing: /home/alex/Diplomatiki/ros/install/my_interfaces/include/my_interfaces/my_interfaces/msg/detail/ck_table__type_support.cpp\n'}
[8.019066] (my_interfaces) StdoutLine: {'line': b'-- Installing: /home/alex/Diplomatiki/ros/install/my_interfaces/include/my_interfaces/my_interfaces/msg/detail/multiple_obstacles__type_support.cpp\n'}
[8.019198] (my_interfaces) StdoutLine: {'line': b'-- Installing: /home/alex/Diplomatiki/ros/install/my_interfaces/include/my_interfaces/my_interfaces/msg/detail/multiple_obstacles__rosidl_typesupport_introspection_cpp.hpp\n'}
[8.019298] (my_interfaces) StdoutLine: {'line': b'-- Installing: /home/alex/Diplomatiki/ros/install/my_interfaces/include/my_interfaces/my_interfaces/msg/detail/agent_data__type_support.cpp\n'}
[8.019397] (my_interfaces) StdoutLine: {'line': b'-- Installing: /home/alex/Diplomatiki/ros/install/my_interfaces/lib/libmy_interfaces__rosidl_typesupport_introspection_cpp.so\n'}
[8.019492] (my_interfaces) StdoutLine: {'line': b'-- Set runtime path of "/home/alex/Diplomatiki/ros/install/my_interfaces/lib/libmy_interfaces__rosidl_typesupport_introspection_cpp.so" to ""\n'}
[8.019586] (my_interfaces) StdoutLine: {'line': b'-- Installing: /home/alex/Diplomatiki/ros/install/my_interfaces/lib/libmy_interfaces__rosidl_typesupport_cpp.so\n'}
[8.019680] (my_interfaces) StdoutLine: {'line': b'-- Set runtime path of "/home/alex/Diplomatiki/ros/install/my_interfaces/lib/libmy_interfaces__rosidl_typesupport_cpp.so" to ""\n'}
[8.019776] (my_interfaces) StdoutLine: {'line': b'-- Installing: /home/alex/Diplomatiki/ros/install/my_interfaces/share/my_interfaces/environment/pythonpath.sh\n'}
[8.019869] (my_interfaces) StdoutLine: {'line': b'-- Installing: /home/alex/Diplomatiki/ros/install/my_interfaces/share/my_interfaces/environment/pythonpath.dsv\n'}
[8.019962] (my_interfaces) StdoutLine: {'line': b'-- Installing: /home/alex/Diplomatiki/ros/install/my_interfaces/local/lib/python3.10/dist-packages/my_interfaces-0.0.0-py3.10.egg-info\n'}
[8.020056] (my_interfaces) StdoutLine: {'line': b'-- Installing: /home/alex/Diplomatiki/ros/install/my_interfaces/local/lib/python3.10/dist-packages/my_interfaces-0.0.0-py3.10.egg-info/SOURCES.txt\n'}
[8.020166] (my_interfaces) StdoutLine: {'line': b'-- Installing: /home/alex/Diplomatiki/ros/install/my_interfaces/local/lib/python3.10/dist-packages/my_interfaces-0.0.0-py3.10.egg-info/dependency_links.txt\n'}
[8.020266] (my_interfaces) StdoutLine: {'line': b'-- Installing: /home/alex/Diplomatiki/ros/install/my_interfaces/local/lib/python3.10/dist-packages/my_interfaces-0.0.0-py3.10.egg-info/PKG-INFO\n'}
[8.020360] (my_interfaces) StdoutLine: {'line': b'-- Installing: /home/alex/Diplomatiki/ros/install/my_interfaces/local/lib/python3.10/dist-packages/my_interfaces-0.0.0-py3.10.egg-info/top_level.txt\n'}
[8.020454] (my_interfaces) StdoutLine: {'line': b'-- Installing: /home/alex/Diplomatiki/ros/install/my_interfaces/local/lib/python3.10/dist-packages/my_interfaces\n'}
[8.020547] (my_interfaces) StdoutLine: {'line': b'-- Installing: /home/alex/Diplomatiki/ros/install/my_interfaces/local/lib/python3.10/dist-packages/my_interfaces/msg\n'}
[8.020656] (my_interfaces) StdoutLine: {'line': b'-- Installing: /home/alex/Diplomatiki/ros/install/my_interfaces/local/lib/python3.10/dist-packages/my_interfaces/msg/_multiple_obstacles.py\n'}
[8.020749] (my_interfaces) StdoutLine: {'line': b'-- Installing: /home/alex/Diplomatiki/ros/install/my_interfaces/local/lib/python3.10/dist-packages/my_interfaces/msg/__init__.py\n'}
[8.020843] (my_interfaces) StdoutLine: {'line': b'-- Installing: /home/alex/Diplomatiki/ros/install/my_interfaces/local/lib/python3.10/dist-packages/my_interfaces/msg/_agent_data.py\n'}
[8.020936] (my_interfaces) StdoutLine: {'line': b'-- Installing: /home/alex/Diplomatiki/ros/install/my_interfaces/local/lib/python3.10/dist-packages/my_interfaces/msg/_agent_data_s.c\n'}
[8.021053] (my_interfaces) StdoutLine: {'line': b'-- Installing: /home/alex/Diplomatiki/ros/install/my_interfaces/local/lib/python3.10/dist-packages/my_interfaces/msg/_ck_table.py\n'}
[8.021156] (my_interfaces) StdoutLine: {'line': b'-- Installing: /home/alex/Diplomatiki/ros/install/my_interfaces/local/lib/python3.10/dist-packages/my_interfaces/msg/_ck_table_s.c\n'}
[8.021260] (my_interfaces) StdoutLine: {'line': b'-- Installing: /home/alex/Diplomatiki/ros/install/my_interfaces/local/lib/python3.10/dist-packages/my_interfaces/msg/_multiple_obstacles_s.c\n'}
[8.021362] (my_interfaces) StdoutLine: {'line': b'-- Installing: /home/alex/Diplomatiki/ros/install/my_interfaces/local/lib/python3.10/dist-packages/my_interfaces/msg/_single_target_estimate_s.c\n'}
[8.021455] (my_interfaces) StdoutLine: {'line': b'-- Installing: /home/alex/Diplomatiki/ros/install/my_interfaces/local/lib/python3.10/dist-packages/my_interfaces/msg/_single_obstacle_s.c\n'}
[8.021547] (my_interfaces) StdoutLine: {'line': b'-- Installing: /home/alex/Diplomatiki/ros/install/my_interfaces/local/lib/python3.10/dist-packages/my_interfaces/msg/_single_target_estimate.py\n'}
[8.021649] (my_interfaces) StdoutLine: {'line': b'-- Installing: /home/alex/Diplomatiki/ros/install/my_interfaces/local/lib/python3.10/dist-packages/my_interfaces/msg/_single_obstacle.py\n'}
[8.021770] (my_interfaces) StdoutLine: {'line': b'-- Installing: /home/alex/Diplomatiki/ros/install/my_interfaces/local/lib/python3.10/dist-packages/my_interfaces/msg/_multiple_target_estimates.py\n'}
[8.021890] (my_interfaces) StdoutLine: {'line': b'-- Installing: /home/alex/Diplomatiki/ros/install/my_interfaces/local/lib/python3.10/dist-packages/my_interfaces/msg/_multiple_target_estimates_s.c\n'}
[8.022010] (my_interfaces) StdoutLine: {'line': b'-- Installing: /home/alex/Diplomatiki/ros/install/my_interfaces/local/lib/python3.10/dist-packages/my_interfaces/__init__.py\n'}
[8.022145] (my_interfaces) StdoutLine: {'line': b'-- Installing: /home/alex/Diplomatiki/ros/install/my_interfaces/local/lib/python3.10/dist-packages/my_interfaces/libmy_interfaces__rosidl_generator_py.so\n'}
[8.022287] (my_interfaces) StdoutLine: {'line': b'-- Installing: /home/alex/Diplomatiki/ros/install/my_interfaces/local/lib/python3.10/dist-packages/my_interfaces/_my_interfaces_s.ep.rosidl_typesupport_c.c\n'}
[8.022427] (my_interfaces) StdoutLine: {'line': b'-- Installing: /home/alex/Diplomatiki/ros/install/my_interfaces/local/lib/python3.10/dist-packages/my_interfaces/my_interfaces_s__rosidl_typesupport_fastrtps_c.cpython-310-x86_64-linux-gnu.so\n'}
[8.022550] (my_interfaces) StdoutLine: {'line': b'-- Installing: /home/alex/Diplomatiki/ros/install/my_interfaces/local/lib/python3.10/dist-packages/my_interfaces/_my_interfaces_s.ep.rosidl_typesupport_introspection_c.c\n'}
[8.022669] (my_interfaces) StdoutLine: {'line': b'-- Installing: /home/alex/Diplomatiki/ros/install/my_interfaces/local/lib/python3.10/dist-packages/my_interfaces/my_interfaces_s__rosidl_typesupport_c.cpython-310-x86_64-linux-gnu.so\n'}
[8.022790] (my_interfaces) StdoutLine: {'line': b'-- Installing: /home/alex/Diplomatiki/ros/install/my_interfaces/local/lib/python3.10/dist-packages/my_interfaces/_my_interfaces_s.ep.rosidl_typesupport_fastrtps_c.c\n'}
[8.022911] (my_interfaces) StdoutLine: {'line': b'-- Installing: /home/alex/Diplomatiki/ros/install/my_interfaces/local/lib/python3.10/dist-packages/my_interfaces/my_interfaces_s__rosidl_typesupport_introspection_c.cpython-310-x86_64-linux-gnu.so\n'}
[8.047728] (-) TimerEvent: {}
[8.050992] (my_interfaces) StdoutLine: {'line': b"Listing '/home/alex/Diplomatiki/ros/install/my_interfaces/local/lib/python3.10/dist-packages/my_interfaces'...\n"}
[8.051231] (my_interfaces) StdoutLine: {'line': b"Compiling '/home/alex/Diplomatiki/ros/install/my_interfaces/local/lib/python3.10/dist-packages/my_interfaces/__init__.py'...\n"}
[8.051376] (my_interfaces) StdoutLine: {'line': b"Listing '/home/alex/Diplomatiki/ros/install/my_interfaces/local/lib/python3.10/dist-packages/my_interfaces/msg'...\n"}
[8.051501] (my_interfaces) StdoutLine: {'line': b"Compiling '/home/alex/Diplomatiki/ros/install/my_interfaces/local/lib/python3.10/dist-packages/my_interfaces/msg/__init__.py'...\n"}
[8.051622] (my_interfaces) StdoutLine: {'line': b"Compiling '/home/alex/Diplomatiki/ros/install/my_interfaces/local/lib/python3.10/dist-packages/my_interfaces/msg/_agent_data.py'...\n"}
[8.051742] (my_interfaces) StdoutLine: {'line': b"Compiling '/home/alex/Diplomatiki/ros/install/my_interfaces/local/lib/python3.10/dist-packages/my_interfaces/msg/_ck_table.py'...\n"}
[8.051861] (my_interfaces) StdoutLine: {'line': b"Compiling '/home/alex/Diplomatiki/ros/install/my_interfaces/local/lib/python3.10/dist-packages/my_interfaces/msg/_multiple_obstacles.py'...\n"}
[8.051996] (my_interfaces) StdoutLine: {'line': b"Compiling '/home/alex/Diplomatiki/ros/install/my_interfaces/local/lib/python3.10/dist-packages/my_interfaces/msg/_multiple_target_estimates.py'...\n"}
[8.052115] (my_interfaces) StdoutLine: {'line': b"Compiling '/home/alex/Diplomatiki/ros/install/my_interfaces/local/lib/python3.10/dist-packages/my_interfaces/msg/_single_obstacle.py'...\n"}
[8.052257] (my_interfaces) StdoutLine: {'line': b"Compiling '/home/alex/Diplomatiki/ros/install/my_interfaces/local/lib/python3.10/dist-packages/my_interfaces/msg/_single_target_estimate.py'...\n"}
[8.055425] (my_interfaces) StdoutLine: {'line': b'-- Installing: /home/alex/Diplomatiki/ros/install/my_interfaces/local/lib/python3.10/dist-packages/my_interfaces/my_interfaces_s__rosidl_typesupport_fastrtps_c.cpython-310-x86_64-linux-gnu.so\n'}
[8.055849] (my_interfaces) StdoutLine: {'line': b'-- Set runtime path of "/home/alex/Diplomatiki/ros/install/my_interfaces/local/lib/python3.10/dist-packages/my_interfaces/my_interfaces_s__rosidl_typesupport_fastrtps_c.cpython-310-x86_64-linux-gnu.so" to ""\n'}
[8.056097] (my_interfaces) StdoutLine: {'line': b'-- Installing: /home/alex/Diplomatiki/ros/install/my_interfaces/local/lib/python3.10/dist-packages/my_interfaces/my_interfaces_s__rosidl_typesupport_introspection_c.cpython-310-x86_64-linux-gnu.so\n'}
[8.056584] (my_interfaces) StdoutLine: {'line': b'-- Set runtime path of "/home/alex/Diplomatiki/ros/install/my_interfaces/local/lib/python3.10/dist-packages/my_interfaces/my_interfaces_s__rosidl_typesupport_introspection_c.cpython-310-x86_64-linux-gnu.so" to ""\n'}
[8.056840] (my_interfaces) StdoutLine: {'line': b'-- Installing: /home/alex/Diplomatiki/ros/install/my_interfaces/local/lib/python3.10/dist-packages/my_interfaces/my_interfaces_s__rosidl_typesupport_c.cpython-310-x86_64-linux-gnu.so\n'}
[8.057033] (my_interfaces) StdoutLine: {'line': b'-- Set runtime path of "/home/alex/Diplomatiki/ros/install/my_interfaces/local/lib/python3.10/dist-packages/my_interfaces/my_interfaces_s__rosidl_typesupport_c.cpython-310-x86_64-linux-gnu.so" to ""\n'}
[8.057187] (my_interfaces) StdoutLine: {'line': b'-- Installing: /home/alex/Diplomatiki/ros/install/my_interfaces/lib/libmy_interfaces__rosidl_generator_py.so\n'}
[8.057349] (my_interfaces) StdoutLine: {'line': b'-- Set runtime path of "/home/alex/Diplomatiki/ros/install/my_interfaces/lib/libmy_interfaces__rosidl_generator_py.so" to ""\n'}
[8.057528] (my_interfaces) StdoutLine: {'line': b'-- Installing: /home/alex/Diplomatiki/ros/install/my_interfaces/share/my_interfaces/msg/CkTable.idl\n'}
[8.057685] (my_interfaces) StdoutLine: {'line': b'-- Installing: /home/alex/Diplomatiki/ros/install/my_interfaces/share/my_interfaces/msg/AgentData.idl\n'}
[8.057817] (my_interfaces) StdoutLine: {'line': b'-- Installing: /home/alex/Diplomatiki/ros/install/my_interfaces/share/my_interfaces/msg/SingleObstacle.idl\n'}
[8.058000] (my_interfaces) StdoutLine: {'line': b'-- Installing: /home/alex/Diplomatiki/ros/install/my_interfaces/share/my_interfaces/msg/MultipleObstacles.idl\n'}
[8.058145] (my_interfaces) StdoutLine: {'line': b'-- Installing: /home/alex/Diplomatiki/ros/install/my_interfaces/share/my_interfaces/msg/SingleTargetEstimate.idl\n'}
[8.058286] (my_interfaces) StdoutLine: {'line': b'-- Installing: /home/alex/Diplomatiki/ros/install/my_interfaces/share/my_interfaces/msg/MultipleTargetEstimates.idl\n'}
[8.058415] (my_interfaces) StdoutLine: {'line': b'-- Installing: /home/alex/Diplomatiki/ros/install/my_interfaces/share/my_interfaces/msg/CkTable.msg\n'}
[8.058549] (my_interfaces) StdoutLine: {'line': b'-- Installing: /home/alex/Diplomatiki/ros/install/my_interfaces/share/my_interfaces/msg/AgentData.msg\n'}
[8.058747] (my_interfaces) StdoutLine: {'line': b'-- Installing: /home/alex/Diplomatiki/ros/install/my_interfaces/share/my_interfaces/msg/SingleObstacle.msg\n'}
[8.058884] (my_interfaces) StdoutLine: {'line': b'-- Installing: /home/alex/Diplomatiki/ros/install/my_interfaces/share/my_interfaces/msg/MultipleObstacles.msg\n'}
[8.059048] (my_interfaces) StdoutLine: {'line': b'-- Installing: /home/alex/Diplomatiki/ros/install/my_interfaces/share/my_interfaces/msg/SingleTargetEstimate.msg\n'}
[8.059238] (my_interfaces) StdoutLine: {'line': b'-- Installing: /home/alex/Diplomatiki/ros/install/my_interfaces/share/my_interfaces/msg/MultipleTargetEstimates.msg\n'}
[8.059448] (my_interfaces) StdoutLine: {'line': b'-- Installing: /home/alex/Diplomatiki/ros/install/my_interfaces/share/ament_index/resource_index/package_run_dependencies/my_interfaces\n'}
[8.059581] (my_interfaces) StdoutLine: {'line': b'-- Installing: /home/alex/Diplomatiki/ros/install/my_interfaces/share/ament_index/resource_index/parent_prefix_path/my_interfaces\n'}
[8.059709] (my_interfaces) StdoutLine: {'line': b'-- Installing: /home/alex/Diplomatiki/ros/install/my_interfaces/share/my_interfaces/environment/ament_prefix_path.sh\n'}
[8.059835] (my_interfaces) StdoutLine: {'line': b'-- Installing: /home/alex/Diplomatiki/ros/install/my_interfaces/share/my_interfaces/environment/ament_prefix_path.dsv\n'}
[8.059975] (my_interfaces) StdoutLine: {'line': b'-- Installing: /home/alex/Diplomatiki/ros/install/my_interfaces/share/my_interfaces/environment/path.sh\n'}
[8.060143] (my_interfaces) StdoutLine: {'line': b'-- Installing: /home/alex/Diplomatiki/ros/install/my_interfaces/share/my_interfaces/environment/path.dsv\n'}
[8.060286] (my_interfaces) StdoutLine: {'line': b'-- Installing: /home/alex/Diplomatiki/ros/install/my_interfaces/share/my_interfaces/local_setup.bash\n'}
[8.060414] (my_interfaces) StdoutLine: {'line': b'-- Installing: /home/alex/Diplomatiki/ros/install/my_interfaces/share/my_interfaces/local_setup.sh\n'}
[8.060544] (my_interfaces) StdoutLine: {'line': b'-- Installing: /home/alex/Diplomatiki/ros/install/my_interfaces/share/my_interfaces/local_setup.zsh\n'}
[8.060670] (my_interfaces) StdoutLine: {'line': b'-- Installing: /home/alex/Diplomatiki/ros/install/my_interfaces/share/my_interfaces/local_setup.dsv\n'}
[8.060798] (my_interfaces) StdoutLine: {'line': b'-- Installing: /home/alex/Diplomatiki/ros/install/my_interfaces/share/my_interfaces/package.dsv\n'}
[8.060925] (my_interfaces) StdoutLine: {'line': b'-- Installing: /home/alex/Diplomatiki/ros/install/my_interfaces/share/ament_index/resource_index/packages/my_interfaces\n'}
[8.061162] (my_interfaces) StdoutLine: {'line': b'-- Installing: /home/alex/Diplomatiki/ros/install/my_interfaces/share/my_interfaces/cmake/export_my_interfaces__rosidl_generator_cExport.cmake\n'}
[8.061335] (my_interfaces) StdoutLine: {'line': b'-- Installing: /home/alex/Diplomatiki/ros/install/my_interfaces/share/my_interfaces/cmake/export_my_interfaces__rosidl_generator_cExport-noconfig.cmake\n'}
[8.061472] (my_interfaces) StdoutLine: {'line': b'-- Installing: /home/alex/Diplomatiki/ros/install/my_interfaces/share/my_interfaces/cmake/export_my_interfaces__rosidl_typesupport_fastrtps_cExport.cmake\n'}
[8.061603] (my_interfaces) StdoutLine: {'line': b'-- Installing: /home/alex/Diplomatiki/ros/install/my_interfaces/share/my_interfaces/cmake/export_my_interfaces__rosidl_typesupport_fastrtps_cExport-noconfig.cmake\n'}
[8.061732] (my_interfaces) StdoutLine: {'line': b'-- Installing: /home/alex/Diplomatiki/ros/install/my_interfaces/share/my_interfaces/cmake/my_interfaces__rosidl_typesupport_introspection_cExport.cmake\n'}
[8.061861] (my_interfaces) StdoutLine: {'line': b'-- Installing: /home/alex/Diplomatiki/ros/install/my_interfaces/share/my_interfaces/cmake/my_interfaces__rosidl_typesupport_introspection_cExport-noconfig.cmake\n'}
[8.061988] (my_interfaces) StdoutLine: {'line': b'-- Installing: /home/alex/Diplomatiki/ros/install/my_interfaces/share/my_interfaces/cmake/my_interfaces__rosidl_typesupport_cExport.cmake\n'}
[8.062115] (my_interfaces) StdoutLine: {'line': b'-- Installing: /home/alex/Diplomatiki/ros/install/my_interfaces/share/my_interfaces/cmake/my_interfaces__rosidl_typesupport_cExport-noconfig.cmake\n'}
[8.062275] (my_interfaces) StdoutLine: {'line': b'-- Installing: /home/alex/Diplomatiki/ros/install/my_interfaces/share/my_interfaces/cmake/export_my_interfaces__rosidl_generator_cppExport.cmake\n'}
[8.062476] (my_interfaces) StdoutLine: {'line': b'-- Installing: /home/alex/Diplomatiki/ros/install/my_interfaces/share/my_interfaces/cmake/export_my_interfaces__rosidl_typesupport_fastrtps_cppExport.cmake\n'}
[8.062598] (my_interfaces) StdoutLine: {'line': b'-- Installing: /home/alex/Diplomatiki/ros/install/my_interfaces/share/my_interfaces/cmake/export_my_interfaces__rosidl_typesupport_fastrtps_cppExport-noconfig.cmake\n'}
[8.062719] (my_interfaces) StdoutLine: {'line': b'-- Installing: /home/alex/Diplomatiki/ros/install/my_interfaces/share/my_interfaces/cmake/my_interfaces__rosidl_typesupport_introspection_cppExport.cmake\n'}
[8.062851] (my_interfaces) StdoutLine: {'line': b'-- Installing: /home/alex/Diplomatiki/ros/install/my_interfaces/share/my_interfaces/cmake/my_interfaces__rosidl_typesupport_introspection_cppExport-noconfig.cmake\n'}
[8.062973] (my_interfaces) StdoutLine: {'line': b'-- Installing: /home/alex/Diplomatiki/ros/install/my_interfaces/share/my_interfaces/cmake/my_interfaces__rosidl_typesupport_cppExport.cmake\n'}
[8.063092] (my_interfaces) StdoutLine: {'line': b'-- Installing: /home/alex/Diplomatiki/ros/install/my_interfaces/share/my_interfaces/cmake/my_interfaces__rosidl_typesupport_cppExport-noconfig.cmake\n'}
[8.063244] (my_interfaces) StdoutLine: {'line': b'-- Installing: /home/alex/Diplomatiki/ros/install/my_interfaces/share/my_interfaces/cmake/export_my_interfaces__rosidl_generator_pyExport.cmake\n'}
[8.063376] (my_interfaces) StdoutLine: {'line': b'-- Installing: /home/alex/Diplomatiki/ros/install/my_interfaces/share/my_interfaces/cmake/export_my_interfaces__rosidl_generator_pyExport-noconfig.cmake\n'}
[8.063505] (my_interfaces) StdoutLine: {'line': b'-- Installing: /home/alex/Diplomatiki/ros/install/my_interfaces/share/my_interfaces/cmake/rosidl_cmake-extras.cmake\n'}
[8.063631] (my_interfaces) StdoutLine: {'line': b'-- Installing: /home/alex/Diplomatiki/ros/install/my_interfaces/share/my_interfaces/cmake/ament_cmake_export_dependencies-extras.cmake\n'}
[8.063760] (my_interfaces) StdoutLine: {'line': b'-- Installing: /home/alex/Diplomatiki/ros/install/my_interfaces/share/my_interfaces/cmake/ament_cmake_export_include_directories-extras.cmake\n'}
[8.063888] (my_interfaces) StdoutLine: {'line': b'-- Installing: /home/alex/Diplomatiki/ros/install/my_interfaces/share/my_interfaces/cmake/ament_cmake_export_libraries-extras.cmake\n'}
[8.064016] (my_interfaces) StdoutLine: {'line': b'-- Installing: /home/alex/Diplomatiki/ros/install/my_interfaces/share/my_interfaces/cmake/ament_cmake_export_targets-extras.cmake\n'}
[8.064156] (my_interfaces) StdoutLine: {'line': b'-- Installing: /home/alex/Diplomatiki/ros/install/my_interfaces/share/my_interfaces/cmake/rosidl_cmake_export_typesupport_targets-extras.cmake\n'}
[8.064294] (my_interfaces) StdoutLine: {'line': b'-- Installing: /home/alex/Diplomatiki/ros/install/my_interfaces/share/my_interfaces/cmake/rosidl_cmake_export_typesupport_libraries-extras.cmake\n'}
[8.064422] (my_interfaces) StdoutLine: {'line': b'-- Installing: /home/alex/Diplomatiki/ros/install/my_interfaces/share/my_interfaces/cmake/my_interfacesConfig.cmake\n'}
[8.064551] (my_interfaces) StdoutLine: {'line': b'-- Installing: /home/alex/Diplomatiki/ros/install/my_interfaces/share/my_interfaces/cmake/my_interfacesConfig-version.cmake\n'}
[8.064679] (my_interfaces) StdoutLine: {'line': b'-- Installing: /home/alex/Diplomatiki/ros/install/my_interfaces/share/my_interfaces/package.xml\n'}
[8.065620] (my_interfaces) CommandEnded: {'returncode': 0}
[8.102315] (my_interfaces) JobEnded: {'identifier': 'my_interfaces', 'rc': 0}
[8.103381] (ergodic_exploration) JobStarted: {'identifier': 'ergodic_exploration'}
[8.147873] (-) TimerEvent: {}
[8.248238] (-) TimerEvent: {}
[8.348641] (-) TimerEvent: {}
[8.448965] (-) TimerEvent: {}
[8.549306] (-) TimerEvent: {}
[8.649898] (-) TimerEvent: {}
[8.651664] (ergodic_exploration) Command: {'cmd': ['/usr/bin/python3', '-W', 'ignore:setup.py install is deprecated', '-W', 'ignore:easy_install command is deprecated', 'setup.py', 'egg_info', '--egg-base', '../../build/ergodic_exploration', 'build', '--build-base', '/home/alex/Diplomatiki/ros/build/ergodic_exploration/build', 'install', '--record', '/home/alex/Diplomatiki/ros/build/ergodic_exploration/install.log', '--single-version-externally-managed', 'install_data'], 'cwd': '/home/alex/Diplomatiki/ros/src/ergodic_exploration', 'env': {'LESSOPEN': '| /usr/bin/lesspipe %s', 'PYTHONWARNINGS': 'ignore::UserWarning:google.protobuf', 'USER': 'alex', 'LC_TIME': 'el_GR.UTF-8', 'XDG_SESSION_TYPE': 'x11', 'SHLVL': '2', 'LD_LIBRARY_PATH': '/home/alex/Diplomatiki/ros/install/my_interfaces/lib:/opt/ros/humble/opt/rviz_ogre_vendor/lib:/opt/ros/humble/lib/x86_64-linux-gnu:/opt/ros/humble/lib', 'HOME': '/home/alex', 'OLDPWD': '/home/alex/Diplomatiki', 'DESKTOP_SESSION': 'ubuntu', 'ROS_PYTHON_VERSION': '3', 'GNOME_SHELL_SESSION_MODE': 'ubuntu', 'GTK_MODULES': 'gail:atk-bridge', 'LC_MONETARY': 'el_GR.UTF-8', 'MANAGERPID': '1488', 'SYSTEMD_EXEC_PID': '1943', 'DBUS_SESSION_BUS_ADDRESS': 'unix:path=/run/user/1000/bus', 'COLORTERM': 'truecolor', 'GIO_LAUNCHED_DESKTOP_FILE_PID': '6261', 'COLCON_PREFIX_PATH': '/home/alex/Diplomatiki/ros/install', 'ROS_DISTRO': 'humble', 'GTK_IM_MODULE': 'ibus', 'LOGNAME': 'alex', '_': '/usr/bin/colcon', 'JOURNAL_STREAM': '8:13093', 'ROS_VERSION': '2', 'XDG_SESSION_CLASS': 'user', 'USERNAME': 'alex', 'TERM': 'xterm-256color', 'GNOME_DESKTOP_SESSION_ID': 'this-is-deprecated', 'ROS_LOCALHOST_ONLY': '0', 'WINDOWPATH': '2', 'PATH': '/opt/ros/humble/bin:/home/alex/.local/bin:/usr/local/sbin:/usr/local/bin:/usr/sbin:/usr/bin:/sbin:/bin:/usr/games:/usr/local/games:/snap/bin:/snap/bin', 'SESSION_MANAGER': 'local/alexlinux:@/tmp/.ICE-unix/1722,unix/alexlinux:/tmp/.ICE-unix/1722', 'INVOCATION_ID': '0a29c4dbad4e41ccb37a37f5d7ab25bd', 'PAPERSIZE': 'a4', 'XDG_MENU_PREFIX': 'gnome-', 'LC_ADDRESS': 'el_GR.UTF-8', 'XDG_RUNTIME_DIR': '/run/user/1000', 'DISPLAY': ':1', 'LANG': 'en_US.UTF-8', 'XDG_CURRENT_DESKTOP': 'ubuntu:GNOME', 'LC_TELEPHONE': 'el_GR.UTF-8', 'TILIX_ID': '3a132a97-2893-4a1e-ab49-20cbada82ea8', 'XMODIFIERS': '@im=ibus', 'XDG_SESSION_DESKTOP': 'ubuntu', 'XAUTHORITY': '/run/user/1000/gdm/Xauthority', 'LS_COLORS': 'rs=0:di=01;34:ln=01;36:mh=00:pi=40;33:so=01;35:do=01;35:bd=40;33;01:cd=40;33;01:or=40;31;01:mi=00:su=37;41:sg=30;43:ca=30;41:tw=30;42:ow=34;42:st=37;44:ex=01;32:*.tar=01;31:*.tgz=01;31:*.arc=01;31:*.arj=01;31:*.taz=01;31:*.lha=01;31:*.lz4=01;31:*.lzh=01;31:*.lzma=01;31:*.tlz=01;31:*.txz=01;31:*.tzo=01;31:*.t7z=01;31:*.zip=01;31:*.z=01;31:*.dz=01;31:*.gz=01;31:*.lrz=01;31:*.lz=01;31:*.lzo=01;31:*.xz=01;31:*.zst=01;31:*.tzst=01;31:*.bz2=01;31:*.bz=01;31:*.tbz=01;31:*.tbz2=01;31:*.tz=01;31:*.deb=01;31:*.rpm=01;31:*.jar=01;31:*.war=01;31:*.ear=01;31:*.sar=01;31:*.rar=01;31:*.alz=01;31:*.ace=01;31:*.zoo=01;31:*.cpio=01;31:*.7z=01;31:*.rz=01;31:*.cab=01;31:*.wim=01;31:*.swm=01;31:*.dwm=01;31:*.esd=01;31:*.jpg=01;35:*.jpeg=01;35:*.mjpg=01;35:*.mjpeg=01;35:*.gif=01;35:*.bmp=01;35:*.pbm=01;35:*.pgm=01;35:*.ppm=01;35:*.tga=01;35:*.xbm=01;35:*.xpm=01;35:*.tif=01;35:*.tiff=01;35:*.png=01;35:*.svg=01;35:*.svgz=01;35:*.mng=01;35:*.pcx=01;35:*.mov=01;35:*.mpg=01;35:*.mpeg=01;35:*.m2v=01;35:*.mkv=01;35:*.webm=01;35:*.webp=01;35:*.ogm=01;35:*.mp4=01;35:*.m4v=01;35:*.mp4v=01;35:*.vob=01;35:*.qt=01;35:*.nuv=01;35:*.wmv=01;35:*.asf=01;35:*.rm=01;35:*.rmvb=01;35:*.flc=01;35:*.avi=01;35:*.fli=01;35:*.flv=01;35:*.gl=01;35:*.dl=01;35:*.xcf=01;35:*.xwd=01;35:*.yuv=01;35:*.cgm=01;35:*.emf=01;35:*.ogv=01;35:*.ogx=01;35:*.aac=00;36:*.au=00;36:*.flac=00;36:*.m4a=00;36:*.mid=00;36:*.midi=00;36:*.mka=00;36:*.mp3=00;36:*.mpc=00;36:*.ogg=00;36:*.ra=00;36:*.wav=00;36:*.oga=00;36:*.opus=00;36:*.spx=00;36:*.xspf=00;36:', 'SSH_AGENT_LAUNCHER': 'gnome-keyring', 'SSH_AUTH_SOCK': '/run/user/1000/keyring/ssh', 'AMENT_PREFIX_PATH': '/home/alex/Diplomatiki/ros/install/ergodic_exploration:/home/alex/Diplomatiki/ros/install/my_interfaces:/opt/ros/humble', 'SHELL': '/bin/bash', 'LC_NAME': 'el_GR.UTF-8', 'QT_ACCESSIBILITY': '1', 'GDMSESSION': 'ubuntu', 'LESSCLOSE': '/usr/bin/lesspipe %s %s', 'LC_MEASUREMENT': 'el_GR.UTF-8', 'GPG_AGENT_INFO': '/run/user/1000/gnupg/S.gpg-agent:0:1', 'LC_IDENTIFICATION': 'el_GR.UTF-8', 'QT_IM_MODULE': 'ibus', 'PWD': '/home/alex/Diplomatiki/ros/build/ergodic_exploration', 'XDG_CONFIG_DIRS': '/etc/xdg/xdg-ubuntu:/etc/xdg', 'XDG_DATA_DIRS': '/usr/share/ubuntu:/usr/share/gnome:/usr/local/share/:/usr/share/:/var/lib/snapd/desktop', 'PYTHONPATH': '/home/alex/Diplomatiki/ros/build/ergodic_exploration/prefix_override:/usr/lib/python3/dist-packages/colcon_core/task/python/colcon_distutils_commands:/home/alex/Diplomatiki/ros/install/ergodic_exploration/lib/python3.10/site-packages:/home/alex/Diplomatiki/ros/install/ergodic_exploration/lib/python3.10/site-packages:/home/alex/Diplomatiki/ros/install/my_interfaces/local/lib/python3.10/dist-packages:/opt/ros/humble/lib/python3.10/site-packages:/opt/ros/humble/local/lib/python3.10/dist-packages', 'LC_NUMERIC': 'el_GR.UTF-8', 'LC_PAPER': 'el_GR.UTF-8', 'COLCON': '1', 'VTE_VERSION': '6800', 'CMAKE_PREFIX_PATH': '/home/alex/Diplomatiki/ros/install/my_interfaces'}, 'shell': False}
[8.750038] (-) TimerEvent: {}
[8.850411] (-) TimerEvent: {}
[8.856265] (ergodic_exploration) StdoutLine: {'line': b'running egg_info\n'}
[8.868594] (ergodic_exploration) StdoutLine: {'line': b'creating ../../build/ergodic_exploration/ergodic_exploration.egg-info\n'}
[8.869023] (ergodic_exploration) StdoutLine: {'line': b'writing ../../build/ergodic_exploration/ergodic_exploration.egg-info/PKG-INFO\n'}
[8.870383] (ergodic_exploration) StdoutLine: {'line': b'writing dependency_links to ../../build/ergodic_exploration/ergodic_exploration.egg-info/dependency_links.txt\n'}
[8.870603] (ergodic_exploration) StdoutLine: {'line': b'writing entry points to ../../build/ergodic_exploration/ergodic_exploration.egg-info/entry_points.txt\n'}
[8.870710] (ergodic_exploration) StdoutLine: {'line': b'writing requirements to ../../build/ergodic_exploration/ergodic_exploration.egg-info/requires.txt\n'}
[8.870807] (ergodic_exploration) StdoutLine: {'line': b'writing top-level names to ../../build/ergodic_exploration/ergodic_exploration.egg-info/top_level.txt\n'}
[8.870901] (ergodic_exploration) StdoutLine: {'line': b"writing manifest file '../../build/ergodic_exploration/ergodic_exploration.egg-info/SOURCES.txt'\n"}
[8.896148] (ergodic_exploration) StdoutLine: {'line': b"reading manifest file '../../build/ergodic_exploration/ergodic_exploration.egg-info/SOURCES.txt'\n"}
[8.896428] (ergodic_exploration) StdoutLine: {'line': b"adding license file 'LICENSE'\n"}
[8.897339] (ergodic_exploration) StdoutLine: {'line': b"writing manifest file '../../build/ergodic_exploration/ergodic_exploration.egg-info/SOURCES.txt'\n"}
[8.897702] (ergodic_exploration) StdoutLine: {'line': b'running build\n'}
[8.897856] (ergodic_exploration) StdoutLine: {'line': b'running build_py\n'}
[8.897985] (ergodic_exploration) StdoutLine: {'line': b'creating /home/alex/Diplomatiki/ros/build/ergodic_exploration/build/lib/ergodic_exploration\n'}
[8.898199] (ergodic_exploration) StdoutLine: {'line': b'copying ergodic_exploration/__init__.py -> /home/alex/Diplomatiki/ros/build/ergodic_exploration/build/lib/ergodic_exploration\n'}
[8.898360] (ergodic_exploration) StdoutLine: {'line': b'copying ergodic_exploration/environment.py -> /home/alex/Diplomatiki/ros/build/ergodic_exploration/build/lib/ergodic_exploration\n'}
[8.898409] (ergodic_exploration) StdoutLine: {'line': b'copying ergodic_exploration/agent_node.py -> /home/alex/Diplomatiki/ros/build/ergodic_exploration/build/lib/ergodic_exploration\n'}
[8.898455] (ergodic_exploration) StdoutLine: {'line': b'copying ergodic_exploration/dummy_agent.py -> /home/alex/Diplomatiki/ros/build/ergodic_exploration/build/lib/ergodic_exploration\n'}
[8.898552] (ergodic_exploration) StdoutLine: {'line': b'creating /home/alex/Diplomatiki/ros/build/ergodic_exploration/build/lib/my_erg_lib\n'}
[8.898611] (ergodic_exploration) StdoutLine: {'line': b'copying my_erg_lib/vis.py -> /home/alex/Diplomatiki/ros/build/ergodic_exploration/build/lib/my_erg_lib\n'}
[8.898708] (ergodic_exploration) StdoutLine: {'line': b'copying my_erg_lib/model_dynamics.py -> /home/alex/Diplomatiki/ros/build/ergodic_exploration/build/lib/my_erg_lib\n'}
[8.898838] (ergodic_exploration) StdoutLine: {'line': b'copying my_erg_lib/__init__.py -> /home/alex/Diplomatiki/ros/build/ergodic_exploration/build/lib/my_erg_lib\n'}
[8.898939] (ergodic_exploration) StdoutLine: {'line': b'copying my_erg_lib/eid.py -> /home/alex/Diplomatiki/ros/build/ergodic_exploration/build/lib/my_erg_lib\n'}
[8.899066] (ergodic_exploration) StdoutLine: {'line': b'copying my_erg_lib/basis.py -> /home/alex/Diplomatiki/ros/build/ergodic_exploration/build/lib/my_erg_lib\n'}
[8.899197] (ergodic_exploration) StdoutLine: {'line': b'copying my_erg_lib/agent.py -> /home/alex/Diplomatiki/ros/build/ergodic_exploration/build/lib/my_erg_lib\n'}
[8.899336] (ergodic_exploration) StdoutLine: {'line': b'copying my_erg_lib/replay_buffer.py -> /home/alex/Diplomatiki/ros/build/ergodic_exploration/build/lib/my_erg_lib\n'}
[8.899443] (ergodic_exploration) StdoutLine: {'line': b'copying my_erg_lib/Utilities.py -> /home/alex/Diplomatiki/ros/build/ergodic_exploration/build/lib/my_erg_lib\n'}
[8.899544] (ergodic_exploration) StdoutLine: {'line': b'copying my_erg_lib/obstacles.py -> /home/alex/Diplomatiki/ros/build/ergodic_exploration/build/lib/my_erg_lib\n'}
[8.899655] (ergodic_exploration) StdoutLine: {'line': b'copying my_erg_lib/ergodic_controllers.py -> /home/alex/Diplomatiki/ros/build/ergodic_exploration/build/lib/my_erg_lib\n'}
[8.899953] (ergodic_exploration) StdoutLine: {'line': b'copying my_erg_lib/vis.py -> /home/alex/Diplomatiki/ros/build/ergodic_exploration/build/lib/my_erg_lib\n'}
[8.900209] (ergodic_exploration) StdoutLine: {'line': b'copying my_erg_lib/model_dynamics.py -> /home/alex/Diplomatiki/ros/build/ergodic_exploration/build/lib/my_erg_lib\n'}
[8.900411] (ergodic_exploration) StdoutLine: {'line': b'copying my_erg_lib/__init__.py -> /home/alex/Diplomatiki/ros/build/ergodic_exploration/build/lib/my_erg_lib\n'}
[8.900579] (ergodic_exploration) StdoutLine: {'line': b'copying my_erg_lib/eid.py -> /home/alex/Diplomatiki/ros/build/ergodic_exploration/build/lib/my_erg_lib\n'}
[8.900722] (ergodic_exploration) StdoutLine: {'line': b'copying my_erg_lib/basis.py -> /home/alex/Diplomatiki/ros/build/ergodic_exploration/build/lib/my_erg_lib\n'}
[8.900884] (ergodic_exploration) StdoutLine: {'line': b'copying my_erg_lib/agent.py -> /home/alex/Diplomatiki/ros/build/ergodic_exploration/build/lib/my_erg_lib\n'}
[8.901013] (ergodic_exploration) StdoutLine: {'line': b'copying my_erg_lib/replay_buffer.py -> /home/alex/Diplomatiki/ros/build/ergodic_exploration/build/lib/my_erg_lib\n'}
[8.901201] (ergodic_exploration) StdoutLine: {'line': b'copying my_erg_lib/Utilities.py -> /home/alex/Diplomatiki/ros/build/ergodic_exploration/build/lib/my_erg_lib\n'}
[8.901340] (ergodic_exploration) StdoutLine: {'line': b'copying my_erg_lib/obstacles.py -> /home/alex/Diplomatiki/ros/build/ergodic_exploration/build/lib/my_erg_lib\n'}
[8.901464] (ergodic_exploration) StdoutLine: {'line': b'copying my_erg_lib/ergodic_controllers.py -> /home/alex/Diplomatiki/ros/build/ergodic_exploration/build/lib/my_erg_lib\n'}
[8.901800] (ergodic_exploration) StdoutLine: {'line': b'running install\n'}
[8.905634] (ergodic_exploration) StdoutLine: {'line': b'running install_lib\n'}
[8.918263] (ergodic_exploration) StdoutLine: {'line': b'creating /home/alex/Diplomatiki/ros/install/ergodic_exploration/lib/python3.10/site-packages/ergodic_exploration\n'}
[8.918580] (ergodic_exploration) StdoutLine: {'line': b'copying /home/alex/Diplomatiki/ros/build/ergodic_exploration/build/lib/ergodic_exploration/__init__.py -> /home/alex/Diplomatiki/ros/install/ergodic_exploration/lib/python3.10/site-packages/ergodic_exploration\n'}
[8.918842] (ergodic_exploration) StdoutLine: {'line': b'copying /home/alex/Diplomatiki/ros/build/ergodic_exploration/build/lib/ergodic_exploration/environment.py -> /home/alex/Diplomatiki/ros/install/ergodic_exploration/lib/python3.10/site-packages/ergodic_exploration\n'}
[8.919019] (ergodic_exploration) StdoutLine: {'line': b'copying /home/alex/Diplomatiki/ros/build/ergodic_exploration/build/lib/ergodic_exploration/agent_node.py -> /home/alex/Diplomatiki/ros/install/ergodic_exploration/lib/python3.10/site-packages/ergodic_exploration\n'}
[8.919169] (ergodic_exploration) StdoutLine: {'line': b'copying /home/alex/Diplomatiki/ros/build/ergodic_exploration/build/lib/ergodic_exploration/dummy_agent.py -> /home/alex/Diplomatiki/ros/install/ergodic_exploration/lib/python3.10/site-packages/ergodic_exploration\n'}
[8.919316] (ergodic_exploration) StdoutLine: {'line': b'creating /home/alex/Diplomatiki/ros/install/ergodic_exploration/lib/python3.10/site-packages/my_erg_lib\n'}
[8.919444] (ergodic_exploration) StdoutLine: {'line': b'copying /home/alex/Diplomatiki/ros/build/ergodic_exploration/build/lib/my_erg_lib/vis.py -> /home/alex/Diplomatiki/ros/install/ergodic_exploration/lib/python3.10/site-packages/my_erg_lib\n'}
[8.919573] (ergodic_exploration) StdoutLine: {'line': b'copying /home/alex/Diplomatiki/ros/build/ergodic_exploration/build/lib/my_erg_lib/model_dynamics.py -> /home/alex/Diplomatiki/ros/install/ergodic_exploration/lib/python3.10/site-packages/my_erg_lib\n'}
[8.919816] (ergodic_exploration) StdoutLine: {'line': b'copying /home/alex/Diplomatiki/ros/build/ergodic_exploration/build/lib/my_erg_lib/__init__.py -> /home/alex/Diplomatiki/ros/install/ergodic_exploration/lib/python3.10/site-packages/my_erg_lib\n'}
[8.919957] (ergodic_exploration) StdoutLine: {'line': b'copying /home/alex/Diplomatiki/ros/build/ergodic_exploration/build/lib/my_erg_lib/eid.py -> /home/alex/Diplomatiki/ros/install/ergodic_exploration/lib/python3.10/site-packages/my_erg_lib\n'}
[8.920079] (ergodic_exploration) StdoutLine: {'line': b'copying /home/alex/Diplomatiki/ros/build/ergodic_exploration/build/lib/my_erg_lib/basis.py -> /home/alex/Diplomatiki/ros/install/ergodic_exploration/lib/python3.10/site-packages/my_erg_lib\n'}
[8.920236] (ergodic_exploration) StdoutLine: {'line': b'copying /home/alex/Diplomatiki/ros/build/ergodic_exploration/build/lib/my_erg_lib/agent.py -> /home/alex/Diplomatiki/ros/install/ergodic_exploration/lib/python3.10/site-packages/my_erg_lib\n'}
[8.920366] (ergodic_exploration) StdoutLine: {'line': b'copying /home/alex/Diplomatiki/ros/build/ergodic_exploration/build/lib/my_erg_lib/replay_buffer.py -> /home/alex/Diplomatiki/ros/install/ergodic_exploration/lib/python3.10/site-packages/my_erg_lib\n'}
[8.920494] (ergodic_exploration) StdoutLine: {'line': b'copying /home/alex/Diplomatiki/ros/build/ergodic_exploration/build/lib/my_erg_lib/Utilities.py -> /home/alex/Diplomatiki/ros/install/ergodic_exploration/lib/python3.10/site-packages/my_erg_lib\n'}
[8.920622] (ergodic_exploration) StdoutLine: {'line': b'copying /home/alex/Diplomatiki/ros/build/ergodic_exploration/build/lib/my_erg_lib/obstacles.py -> /home/alex/Diplomatiki/ros/install/ergodic_exploration/lib/python3.10/site-packages/my_erg_lib\n'}
[8.920749] (ergodic_exploration) StdoutLine: {'line': b'copying /home/alex/Diplomatiki/ros/build/ergodic_exploration/build/lib/my_erg_lib/ergodic_controllers.py -> /home/alex/Diplomatiki/ros/install/ergodic_exploration/lib/python3.10/site-packages/my_erg_lib\n'}
[8.920935] (ergodic_exploration) StdoutLine: {'line': b'byte-compiling /home/alex/Diplomatiki/ros/install/ergodic_exploration/lib/python3.10/site-packages/ergodic_exploration/__init__.py to __init__.cpython-310.pyc\n'}
[8.921085] (ergodic_exploration) StdoutLine: {'line': b'byte-compiling /home/alex/Diplomatiki/ros/install/ergodic_exploration/lib/python3.10/site-packages/ergodic_exploration/environment.py to environment.cpython-310.pyc\n'}
[8.925701] (ergodic_exploration) StdoutLine: {'line': b'byte-compiling /home/alex/Diplomatiki/ros/install/ergodic_exploration/lib/python3.10/site-packages/ergodic_exploration/agent_node.py to agent_node.cpython-310.pyc\n'}
[8.929410] (ergodic_exploration) StdoutLine: {'line': b'byte-compiling /home/alex/Diplomatiki/ros/install/ergodic_exploration/lib/python3.10/site-packages/ergodic_exploration/dummy_agent.py to dummy_agent.cpython-310.pyc\n'}
[8.930013] (ergodic_exploration) StdoutLine: {'line': b'byte-compiling /home/alex/Diplomatiki/ros/install/ergodic_exploration/lib/python3.10/site-packages/my_erg_lib/vis.py to vis.cpython-310.pyc\n'}
[8.938252] (ergodic_exploration) StdoutLine: {'line': b'byte-compiling /home/alex/Diplomatiki/ros/install/ergodic_exploration/lib/python3.10/site-packages/my_erg_lib/model_dynamics.py to model_dynamics.cpython-310.pyc\n'}
[8.943958] (ergodic_exploration) StdoutLine: {'line': b'byte-compiling /home/alex/Diplomatiki/ros/install/ergodic_exploration/lib/python3.10/site-packages/my_erg_lib/__init__.py to __init__.cpython-310.pyc\n'}
[8.944229] (ergodic_exploration) StdoutLine: {'line': b'byte-compiling /home/alex/Diplomatiki/ros/install/ergodic_exploration/lib/python3.10/site-packages/my_erg_lib/eid.py to eid.cpython-310.pyc\n'}
[8.946490] (ergodic_exploration) StdoutLine: {'line': b'byte-compiling /home/alex/Diplomatiki/ros/install/ergodic_exploration/lib/python3.10/site-packages/my_erg_lib/basis.py to basis.cpython-310.pyc\n'}
[8.948196] (ergodic_exploration) StdoutLine: {'line': b'byte-compiling /home/alex/Diplomatiki/ros/install/ergodic_exploration/lib/python3.10/site-packages/my_erg_lib/agent.py to agent.cpython-310.pyc\n'}
[8.950523] (-) TimerEvent: {}
[8.952805] (ergodic_exploration) StdoutLine: {'line': b'byte-compiling /home/alex/Diplomatiki/ros/install/ergodic_exploration/lib/python3.10/site-packages/my_erg_lib/replay_buffer.py to replay_buffer.cpython-310.pyc\n'}
[8.953549] (ergodic_exploration) StdoutLine: {'line': b'byte-compiling /home/alex/Diplomatiki/ros/install/ergodic_exploration/lib/python3.10/site-packages/my_erg_lib/Utilities.py to Utilities.cpython-310.pyc\n'}
[8.954880] (ergodic_exploration) StdoutLine: {'line': b'byte-compiling /home/alex/Diplomatiki/ros/install/ergodic_exploration/lib/python3.10/site-packages/my_erg_lib/obstacles.py to obstacles.cpython-310.pyc\n'}
[8.956230] (ergodic_exploration) StdoutLine: {'line': b'byte-compiling /home/alex/Diplomatiki/ros/install/ergodic_exploration/lib/python3.10/site-packages/my_erg_lib/ergodic_controllers.py to ergodic_controllers.cpython-310.pyc\n'}
[8.958055] (ergodic_exploration) StdoutLine: {'line': b'running install_data\n'}
[8.958419] (ergodic_exploration) StdoutLine: {'line': b'creating /home/alex/Diplomatiki/ros/install/ergodic_exploration/share/ament_index/resource_index/packages\n'}
[8.958725] (ergodic_exploration) StdoutLine: {'line': b'copying resource/ergodic_exploration -> /home/alex/Diplomatiki/ros/install/ergodic_exploration/share/ament_index/resource_index/packages\n'}
[8.958915] (ergodic_exploration) StdoutLine: {'line': b'copying package.xml -> /home/alex/Diplomatiki/ros/install/ergodic_exploration/share/ergodic_exploration\n'}
[8.959068] (ergodic_exploration) StdoutLine: {'line': b'creating /home/alex/Diplomatiki/ros/install/ergodic_exploration/share/ergodic_exploration/launch\n'}
[8.959322] (ergodic_exploration) StdoutLine: {'line': b'copying launch/big_environment_1.launch.py -> /home/alex/Diplomatiki/ros/install/ergodic_exploration/share/ergodic_exploration/launch\n'}
[8.959469] (ergodic_exploration) StdoutLine: {'line': b'copying launch/drones_in_small_space.launch.py -> /home/alex/Diplomatiki/ros/install/ergodic_exploration/share/ergodic_exploration/launch\n'}
[8.959569] (ergodic_exploration) StdoutLine: {'line': b'copying launch/boats_simple.launch.py -> /home/alex/Diplomatiki/ros/install/ergodic_exploration/share/ergodic_exploration/launch\n'}
[8.959659] (ergodic_exploration) StdoutLine: {'line': b'copying launch/multi_agent.launch.py -> /home/alex/Diplomatiki/ros/install/ergodic_exploration/share/ergodic_exploration/launch\n'}
[8.959748] (ergodic_exploration) StdoutLine: {'line': b'creating /home/alex/Diplomatiki/ros/install/ergodic_exploration/share/ergodic_exploration/meshes\n'}
[8.959837] (ergodic_exploration) StdoutLine: {'line': b'copying meshes/car.stl -> /home/alex/Diplomatiki/ros/install/ergodic_exploration/share/ergodic_exploration/meshes\n'}
[8.960348] (ergodic_exploration) StdoutLine: {'line': b'copying meshes/hermes.stl -> /home/alex/Diplomatiki/ros/install/ergodic_exploration/share/ergodic_exploration/meshes\n'}
[8.961072] (ergodic_exploration) StdoutLine: {'line': b'copying meshes/hermes_original.stl -> /home/alex/Diplomatiki/ros/install/ergodic_exploration/share/ergodic_exploration/meshes\n'}
[8.961633] (ergodic_exploration) StdoutLine: {'line': b'copying meshes/boat.stl -> /home/alex/Diplomatiki/ros/install/ergodic_exploration/share/ergodic_exploration/meshes\n'}
[8.962015] (ergodic_exploration) StdoutLine: {'line': b'copying meshes/drone_small.stl -> /home/alex/Diplomatiki/ros/install/ergodic_exploration/share/ergodic_exploration/meshes\n'}
[8.962314] (ergodic_exploration) StdoutLine: {'line': b'copying meshes/drone_big.stl -> /home/alex/Diplomatiki/ros/install/ergodic_exploration/share/ergodic_exploration/meshes\n'}
[8.963513] (ergodic_exploration) StdoutLine: {'line': b'running install_egg_info\n'}
[8.979766] (ergodic_exploration) StdoutLine: {'line': b'Copying ../../build/ergodic_exploration/ergodic_exploration.egg-info to /home/alex/Diplomatiki/ros/install/ergodic_exploration/lib/python3.10/site-packages/ergodic_exploration-0.0.0-py3.10.egg-info\n'}
[8.980036] (ergodic_exploration) StdoutLine: {'line': b'running install_scripts\n'}
[9.007072] (ergodic_exploration) StdoutLine: {'line': b'Installing agent_node script to /home/alex/Diplomatiki/ros/install/ergodic_exploration/lib/ergodic_exploration\n'}
[9.007336] (ergodic_exploration) StdoutLine: {'line': b'Installing environment_node script to /home/alex/Diplomatiki/ros/install/ergodic_exploration/lib/ergodic_exploration\n'}
[9.007762] (ergodic_exploration) StdoutLine: {'line': b"writing list of installed files to '/home/alex/Diplomatiki/ros/build/ergodic_exploration/install.log'\n"}
[9.051394] (-) TimerEvent: {}
[9.074194] (ergodic_exploration) CommandEnded: {'returncode': 0}
[9.079310] (ergodic_exploration) JobEnded: {'identifier': 'ergodic_exploration', 'rc': 0}
[9.080261] (-) EventReactorShutdown: {}
