[0.000000] (-) TimerEvent: {}
[0.000894] (my_interfaces) JobQueued: {'identifier': 'my_interfaces', 'dependencies': OrderedDict()}
[0.000927] (ergodic_exploration) JobQueued: {'identifier': 'ergodic_exploration', 'dependencies': OrderedDict([('my_interfaces', '/home/alex/Diplomatiki/ros/install/my_interfaces')])}
[0.000957] (my_interfaces) JobStarted: {'identifier': 'my_interfaces'}
[0.007120] (my_interfaces) JobProgress: {'identifier': 'my_interfaces', 'progress': 'cmake'}
[0.007691] (my_interfaces) Command: {'cmd': ['/usr/bin/cmake', '/home/alex/Diplomatiki/ros/src/my_interfaces', '-DCMAKE_INSTALL_PREFIX=/home/alex/Diplomatiki/ros/install/my_interfaces'], 'cwd': '/home/alex/Diplomatiki/ros/build/my_interfaces', 'env': OrderedDict([('LESSOPEN', '| /usr/bin/lesspipe %s'), ('PYTHONWARNINGS', 'ignore::UserWarning:google.protobuf'), ('USER', 'alex'), ('LC_TIME', 'el_GR.UTF-8'), ('XDG_SESSION_TYPE', 'wayland'), ('SHLVL', '2'), ('LD_LIBRARY_PATH', '/home/alex/Diplomatiki/ros/install/my_interfaces/lib:/opt/ros/humble/opt/rviz_ogre_vendor/lib:/opt/ros/humble/lib/x86_64-linux-gnu:/opt/ros/humble/lib'), ('HOME', '/home/alex'), ('OLDPWD', '/home/alex/Diplomatiki'), ('DESKTOP_SESSION', 'ubuntu'), ('ROS_PYTHON_VERSION', '3'), ('GNOME_SHELL_SESSION_MODE', 'ubuntu'), ('GTK_MODULES', 'gail:atk-bridge'), ('LC_MONETARY', 'el_GR.UTF-8'), ('MANAGERPID', '1420'), ('SYSTEMD_EXEC_PID', '1774'), ('DBUS_SESSION_BUS_ADDRESS', 'unix:path=/run/user/1000/bus'), ('COLORTERM', 'truecolor'), ('GIO_LAUNCHED_DESKTOP_FILE_PID', '4140'), ('IM_CONFIG_PHASE', '1'), ('WAYLAND_DISPLAY', 'wayland-0'), ('COLCON_PREFIX_PATH', '/home/alex/Diplomatiki/ros/install'), ('ROS_DISTRO', 'humble'), ('LOGNAME', 'alex'), ('_', '/usr/bin/colcon'), ('JOURNAL_STREAM', '8:14617'), ('ROS_VERSION', '2'), ('XDG_SESSION_CLASS', 'user'), ('USERNAME', 'alex'), ('TERM', 'xterm-256color'), ('GNOME_DESKTOP_SESSION_ID', 'this-is-deprecated'), ('ROS_LOCALHOST_ONLY', '0'), ('PATH', '/opt/ros/humble/bin:/home/alex/.local/bin:/usr/local/sbin:/usr/local/bin:/usr/sbin:/usr/bin:/sbin:/bin:/usr/games:/usr/local/games:/snap/bin:/snap/bin'), ('SESSION_MANAGER', 'local/alexlinux:@/tmp/.ICE-unix/1556,unix/alexlinux:/tmp/.ICE-unix/1556'), ('INVOCATION_ID', '88428f74ad4c4c668a1af9892e81492a'), ('XDG_MENU_PREFIX', 'gnome-'), ('LC_ADDRESS', 'el_GR.UTF-8'), ('GNOME_SETUP_DISPLAY', ':1'), ('XDG_RUNTIME_DIR', '/run/user/1000'), ('DISPLAY', ':0'), ('LANG', 'en_US.UTF-8'), ('XDG_CURRENT_DESKTOP', 'ubuntu:GNOME'), ('LC_TELEPHONE', 'el_GR.UTF-8'), ('TILIX_ID', '3d09fee8-67c7-462c-9bca-65880d169aee'), ('XMODIFIERS', '@im=ibus'), ('XDG_SESSION_DESKTOP', 'ubuntu'), ('XAUTHORITY', '/run/user/1000/.mutter-Xwaylandauth.UWZXC3'), ('LS_COLORS', 'rs=0:di=01;34:ln=01;36:mh=00:pi=40;33:so=01;35:do=01;35:bd=40;33;01:cd=40;33;01:or=40;31;01:mi=00:su=37;41:sg=30;43:ca=30;41:tw=30;42:ow=34;42:st=37;44:ex=01;32:*.tar=01;31:*.tgz=01;31:*.arc=01;31:*.arj=01;31:*.taz=01;31:*.lha=01;31:*.lz4=01;31:*.lzh=01;31:*.lzma=01;31:*.tlz=01;31:*.txz=01;31:*.tzo=01;31:*.t7z=01;31:*.zip=01;31:*.z=01;31:*.dz=01;31:*.gz=01;31:*.lrz=01;31:*.lz=01;31:*.lzo=01;31:*.xz=01;31:*.zst=01;31:*.tzst=01;31:*.bz2=01;31:*.bz=01;31:*.tbz=01;31:*.tbz2=01;31:*.tz=01;31:*.deb=01;31:*.rpm=01;31:*.jar=01;31:*.war=01;31:*.ear=01;31:*.sar=01;31:*.rar=01;31:*.alz=01;31:*.ace=01;31:*.zoo=01;31:*.cpio=01;31:*.7z=01;31:*.rz=01;31:*.cab=01;31:*.wim=01;31:*.swm=01;31:*.dwm=01;31:*.esd=01;31:*.jpg=01;35:*.jpeg=01;35:*.mjpg=01;35:*.mjpeg=01;35:*.gif=01;35:*.bmp=01;35:*.pbm=01;35:*.pgm=01;35:*.ppm=01;35:*.tga=01;35:*.xbm=01;35:*.xpm=01;35:*.tif=01;35:*.tiff=01;35:*.png=01;35:*.svg=01;35:*.svgz=01;35:*.mng=01;35:*.pcx=01;35:*.mov=01;35:*.mpg=01;35:*.mpeg=01;35:*.m2v=01;35:*.mkv=01;35:*.webm=01;35:*.webp=01;35:*.ogm=01;35:*.mp4=01;35:*.m4v=01;35:*.mp4v=01;35:*.vob=01;35:*.qt=01;35:*.nuv=01;35:*.wmv=01;35:*.asf=01;35:*.rm=01;35:*.rmvb=01;35:*.flc=01;35:*.avi=01;35:*.fli=01;35:*.flv=01;35:*.gl=01;35:*.dl=01;35:*.xcf=01;35:*.xwd=01;35:*.yuv=01;35:*.cgm=01;35:*.emf=01;35:*.ogv=01;35:*.ogx=01;35:*.aac=00;36:*.au=00;36:*.flac=00;36:*.m4a=00;36:*.mid=00;36:*.midi=00;36:*.mka=00;36:*.mp3=00;36:*.mpc=00;36:*.ogg=00;36:*.ra=00;36:*.wav=00;36:*.oga=00;36:*.opus=00;36:*.spx=00;36:*.xspf=00;36:'), ('SSH_AGENT_LAUNCHER', 'gnome-keyring'), ('SSH_AUTH_SOCK', '/run/user/1000/keyring/ssh'), ('AMENT_PREFIX_PATH', '/home/alex/Diplomatiki/ros/install/ergodic_exploration:/home/alex/Diplomatiki/ros/install/my_interfaces:/opt/ros/humble'), ('SHELL', '/bin/bash'), ('LC_NAME', 'el_GR.UTF-8'), ('QT_ACCESSIBILITY', '1'), ('GDMSESSION', 'ubuntu'), ('LESSCLOSE', '/usr/bin/lesspipe %s %s'), ('LC_MEASUREMENT', 'el_GR.UTF-8'), ('LC_IDENTIFICATION', 'el_GR.UTF-8'), ('QT_IM_MODULE', 'ibus'), ('PWD', '/home/alex/Diplomatiki/ros/build/my_interfaces'), ('XDG_CONFIG_DIRS', '/etc/xdg/xdg-ubuntu:/etc/xdg'), ('XDG_DATA_DIRS', '/usr/share/ubuntu:/usr/local/share/:/usr/share/:/var/lib/snapd/desktop'), ('PYTHONPATH', '/home/alex/Diplomatiki/ros/install/ergodic_exploration/lib/python3.10/site-packages:/home/alex/Diplomatiki/ros/install/my_interfaces/local/lib/python3.10/dist-packages:/opt/ros/humble/lib/python3.10/site-packages:/opt/ros/humble/local/lib/python3.10/dist-packages'), ('LC_NUMERIC', 'el_GR.UTF-8'), ('LC_PAPER', 'el_GR.UTF-8'), ('COLCON', '1'), ('VTE_VERSION', '6800'), ('CMAKE_PREFIX_PATH', '/home/alex/Diplomatiki/ros/install/my_interfaces:/home/alex/Diplomatiki/ros/install/ergodic_exploration:/opt/ros/humble')]), 'shell': False}
[0.059716] (my_interfaces) StdoutLine: {'line': b'-- The C compiler identification is GNU 11.4.0\n'}
[0.099426] (-) TimerEvent: {}
[0.106212] (my_interfaces) StdoutLine: {'line': b'-- The CXX compiler identification is GNU 11.4.0\n'}
[0.112415] (my_interfaces) StdoutLine: {'line': b'-- Detecting C compiler ABI info\n'}
[0.173987] (my_interfaces) StdoutLine: {'line': b'-- Detecting C compiler ABI info - done\n'}
[0.180612] (my_interfaces) StdoutLine: {'line': b'-- Check for working C compiler: /usr/bin/cc - skipped\n'}
[0.180883] (my_interfaces) StdoutLine: {'line': b'-- Detecting C compile features\n'}
[0.181102] (my_interfaces) StdoutLine: {'line': b'-- Detecting C compile features - done\n'}
[0.183505] (my_interfaces) StdoutLine: {'line': b'-- Detecting CXX compiler ABI info\n'}
[0.199566] (-) TimerEvent: {}
[0.261941] (my_interfaces) StdoutLine: {'line': b'-- Detecting CXX compiler ABI info - done\n'}
[0.277357] (my_interfaces) StdoutLine: {'line': b'-- Check for working CXX compiler: /usr/bin/c++ - skipped\n'}
[0.278114] (my_interfaces) StdoutLine: {'line': b'-- Detecting CXX compile features\n'}
[0.278494] (my_interfaces) StdoutLine: {'line': b'-- Detecting CXX compile features - done\n'}
[0.280093] (my_interfaces) StdoutLine: {'line': b'-- Found ament_cmake: 1.3.12 (/opt/ros/humble/share/ament_cmake/cmake)\n'}
[0.299697] (-) TimerEvent: {}
[0.400037] (-) TimerEvent: {}
[0.500516] (-) TimerEvent: {}
[0.601104] (-) TimerEvent: {}
[0.623884] (my_interfaces) StdoutLine: {'line': b'-- Found Python3: /usr/bin/python3 (found version "3.10.12") found components: Interpreter \n'}
[0.701265] (-) TimerEvent: {}
[0.715105] (my_interfaces) StdoutLine: {'line': b'-- Found rosidl_default_generators: 1.2.0 (/opt/ros/humble/share/rosidl_default_generators/cmake)\n'}
[0.717104] (my_interfaces) StdoutLine: {'line': b'-- Using all available rosidl_typesupport_c: rosidl_typesupport_fastrtps_c;rosidl_typesupport_introspection_c\n'}
[0.721695] (my_interfaces) StdoutLine: {'line': b'-- Found rosidl_adapter: 3.1.7 (/opt/ros/humble/share/rosidl_adapter/cmake)\n'}
[0.752369] (my_interfaces) StdoutLine: {'line': b'-- Using all available rosidl_typesupport_cpp: rosidl_typesupport_fastrtps_cpp;rosidl_typesupport_introspection_cpp\n'}
[0.777656] (my_interfaces) StdoutLine: {'line': b'-- Found std_msgs: 4.9.0 (/opt/ros/humble/share/std_msgs/cmake)\n'}
[0.798391] (my_interfaces) StdoutLine: {'line': b'-- Found geometry_msgs: 4.9.0 (/opt/ros/humble/share/geometry_msgs/cmake)\n'}
[0.801392] (-) TimerEvent: {}
[0.901765] (-) TimerEvent: {}
[1.002160] (-) TimerEvent: {}
[1.102646] (-) TimerEvent: {}
[1.143761] (my_interfaces) StdoutLine: {'line': b'-- Found ament_cmake_ros: 0.10.0 (/opt/ros/humble/share/ament_cmake_ros/cmake)\n'}
[1.202807] (-) TimerEvent: {}
[1.303202] (-) TimerEvent: {}
[1.387714] (my_interfaces) StdoutLine: {'line': b'-- Using all available rosidl_typesupport_c: rosidl_typesupport_fastrtps_c;rosidl_typesupport_introspection_c\n'}
[1.403323] (-) TimerEvent: {}
[1.503714] (-) TimerEvent: {}
[1.604168] (-) TimerEvent: {}
[1.693991] (my_interfaces) StdoutLine: {'line': b'-- Using all available rosidl_typesupport_cpp: rosidl_typesupport_fastrtps_cpp;rosidl_typesupport_introspection_cpp\n'}
[1.704301] (-) TimerEvent: {}
[1.715383] (my_interfaces) StdoutLine: {'line': b'-- Found PythonInterp: /usr/bin/python3 (found suitable version "3.10.12", minimum required is "3.6") \n'}
[1.717378] (my_interfaces) StdoutLine: {'line': b'-- Found python_cmake_module: 0.10.0 (/opt/ros/humble/share/python_cmake_module/cmake)\n'}
[1.745243] (my_interfaces) StdoutLine: {'line': b'-- Found PythonLibs: /usr/lib/x86_64-linux-gnu/libpython3.10.so (found suitable version "3.10.12", minimum required is "3.5") \n'}
[1.745657] (my_interfaces) StdoutLine: {'line': b'-- Using PYTHON_EXECUTABLE: /usr/bin/python3\n'}
[1.745786] (my_interfaces) StdoutLine: {'line': b'-- Using PYTHON_INCLUDE_DIRS: /usr/include/python3.10\n'}
[1.745897] (my_interfaces) StdoutLine: {'line': b'-- Using PYTHON_LIBRARIES: /usr/lib/x86_64-linux-gnu/libpython3.10.so\n'}
[1.765302] (my_interfaces) StdoutLine: {'line': b'-- Found PythonExtra: .so  \n'}
[1.804422] (-) TimerEvent: {}
[1.836214] (my_interfaces) StdoutLine: {'line': b'-- Found ament_lint_auto: 0.12.14 (/opt/ros/humble/share/ament_lint_auto/cmake)\n'}
[1.849770] (my_interfaces) StdoutLine: {'line': b"-- Added test 'lint_cmake' to check CMake code style\n"}
[1.851092] (my_interfaces) StdoutLine: {'line': b"-- Added test 'xmllint' to check XML markup files\n"}
[1.853151] (my_interfaces) StdoutLine: {'line': b'-- Configuring done\n'}
[1.893254] (my_interfaces) StdoutLine: {'line': b'-- Generating done\n'}
[1.902805] (my_interfaces) StdoutLine: {'line': b'-- Build files have been written to: /home/alex/Diplomatiki/ros/build/my_interfaces\n'}
[1.904538] (-) TimerEvent: {}
[1.915727] (my_interfaces) CommandEnded: {'returncode': 0}
[1.916328] (my_interfaces) JobProgress: {'identifier': 'my_interfaces', 'progress': 'build'}
[1.917034] (my_interfaces) Command: {'cmd': ['/usr/bin/cmake', '--build', '/home/alex/Diplomatiki/ros/build/my_interfaces', '--', '-j6', '-l6'], 'cwd': '/home/alex/Diplomatiki/ros/build/my_interfaces', 'env': OrderedDict([('LESSOPEN', '| /usr/bin/lesspipe %s'), ('PYTHONWARNINGS', 'ignore::UserWarning:google.protobuf'), ('USER', 'alex'), ('LC_TIME', 'el_GR.UTF-8'), ('XDG_SESSION_TYPE', 'wayland'), ('SHLVL', '2'), ('LD_LIBRARY_PATH', '/home/alex/Diplomatiki/ros/install/my_interfaces/lib:/opt/ros/humble/opt/rviz_ogre_vendor/lib:/opt/ros/humble/lib/x86_64-linux-gnu:/opt/ros/humble/lib'), ('HOME', '/home/alex'), ('OLDPWD', '/home/alex/Diplomatiki'), ('DESKTOP_SESSION', 'ubuntu'), ('ROS_PYTHON_VERSION', '3'), ('GNOME_SHELL_SESSION_MODE', 'ubuntu'), ('GTK_MODULES', 'gail:atk-bridge'), ('LC_MONETARY', 'el_GR.UTF-8'), ('MANAGERPID', '1420'), ('SYSTEMD_EXEC_PID', '1774'), ('DBUS_SESSION_BUS_ADDRESS', 'unix:path=/run/user/1000/bus'), ('COLORTERM', 'truecolor'), ('GIO_LAUNCHED_DESKTOP_FILE_PID', '4140'), ('IM_CONFIG_PHASE', '1'), ('WAYLAND_DISPLAY', 'wayland-0'), ('COLCON_PREFIX_PATH', '/home/alex/Diplomatiki/ros/install'), ('ROS_DISTRO', 'humble'), ('LOGNAME', 'alex'), ('_', '/usr/bin/colcon'), ('JOURNAL_STREAM', '8:14617'), ('ROS_VERSION', '2'), ('XDG_SESSION_CLASS', 'user'), ('USERNAME', 'alex'), ('TERM', 'xterm-256color'), ('GNOME_DESKTOP_SESSION_ID', 'this-is-deprecated'), ('ROS_LOCALHOST_ONLY', '0'), ('PATH', '/opt/ros/humble/bin:/home/alex/.local/bin:/usr/local/sbin:/usr/local/bin:/usr/sbin:/usr/bin:/sbin:/bin:/usr/games:/usr/local/games:/snap/bin:/snap/bin'), ('SESSION_MANAGER', 'local/alexlinux:@/tmp/.ICE-unix/1556,unix/alexlinux:/tmp/.ICE-unix/1556'), ('INVOCATION_ID', '88428f74ad4c4c668a1af9892e81492a'), ('XDG_MENU_PREFIX', 'gnome-'), ('LC_ADDRESS', 'el_GR.UTF-8'), ('GNOME_SETUP_DISPLAY', ':1'), ('XDG_RUNTIME_DIR', '/run/user/1000'), ('DISPLAY', ':0'), ('LANG', 'en_US.UTF-8'), ('XDG_CURRENT_DESKTOP', 'ubuntu:GNOME'), ('LC_TELEPHONE', 'el_GR.UTF-8'), ('TILIX_ID', '3d09fee8-67c7-462c-9bca-65880d169aee'), ('XMODIFIERS', '@im=ibus'), ('XDG_SESSION_DESKTOP', 'ubuntu'), ('XAUTHORITY', '/run/user/1000/.mutter-Xwaylandauth.UWZXC3'), ('LS_COLORS', 'rs=0:di=01;34:ln=01;36:mh=00:pi=40;33:so=01;35:do=01;35:bd=40;33;01:cd=40;33;01:or=40;31;01:mi=00:su=37;41:sg=30;43:ca=30;41:tw=30;42:ow=34;42:st=37;44:ex=01;32:*.tar=01;31:*.tgz=01;31:*.arc=01;31:*.arj=01;31:*.taz=01;31:*.lha=01;31:*.lz4=01;31:*.lzh=01;31:*.lzma=01;31:*.tlz=01;31:*.txz=01;31:*.tzo=01;31:*.t7z=01;31:*.zip=01;31:*.z=01;31:*.dz=01;31:*.gz=01;31:*.lrz=01;31:*.lz=01;31:*.lzo=01;31:*.xz=01;31:*.zst=01;31:*.tzst=01;31:*.bz2=01;31:*.bz=01;31:*.tbz=01;31:*.tbz2=01;31:*.tz=01;31:*.deb=01;31:*.rpm=01;31:*.jar=01;31:*.war=01;31:*.ear=01;31:*.sar=01;31:*.rar=01;31:*.alz=01;31:*.ace=01;31:*.zoo=01;31:*.cpio=01;31:*.7z=01;31:*.rz=01;31:*.cab=01;31:*.wim=01;31:*.swm=01;31:*.dwm=01;31:*.esd=01;31:*.jpg=01;35:*.jpeg=01;35:*.mjpg=01;35:*.mjpeg=01;35:*.gif=01;35:*.bmp=01;35:*.pbm=01;35:*.pgm=01;35:*.ppm=01;35:*.tga=01;35:*.xbm=01;35:*.xpm=01;35:*.tif=01;35:*.tiff=01;35:*.png=01;35:*.svg=01;35:*.svgz=01;35:*.mng=01;35:*.pcx=01;35:*.mov=01;35:*.mpg=01;35:*.mpeg=01;35:*.m2v=01;35:*.mkv=01;35:*.webm=01;35:*.webp=01;35:*.ogm=01;35:*.mp4=01;35:*.m4v=01;35:*.mp4v=01;35:*.vob=01;35:*.qt=01;35:*.nuv=01;35:*.wmv=01;35:*.asf=01;35:*.rm=01;35:*.rmvb=01;35:*.flc=01;35:*.avi=01;35:*.fli=01;35:*.flv=01;35:*.gl=01;35:*.dl=01;35:*.xcf=01;35:*.xwd=01;35:*.yuv=01;35:*.cgm=01;35:*.emf=01;35:*.ogv=01;35:*.ogx=01;35:*.aac=00;36:*.au=00;36:*.flac=00;36:*.m4a=00;36:*.mid=00;36:*.midi=00;36:*.mka=00;36:*.mp3=00;36:*.mpc=00;36:*.ogg=00;36:*.ra=00;36:*.wav=00;36:*.oga=00;36:*.opus=00;36:*.spx=00;36:*.xspf=00;36:'), ('SSH_AGENT_LAUNCHER', 'gnome-keyring'), ('SSH_AUTH_SOCK', '/run/user/1000/keyring/ssh'), ('AMENT_PREFIX_PATH', '/home/alex/Diplomatiki/ros/install/ergodic_exploration:/home/alex/Diplomatiki/ros/install/my_interfaces:/opt/ros/humble'), ('SHELL', '/bin/bash'), ('LC_NAME', 'el_GR.UTF-8'), ('QT_ACCESSIBILITY', '1'), ('GDMSESSION', 'ubuntu'), ('LESSCLOSE', '/usr/bin/lesspipe %s %s'), ('LC_MEASUREMENT', 'el_GR.UTF-8'), ('LC_IDENTIFICATION', 'el_GR.UTF-8'), ('QT_IM_MODULE', 'ibus'), ('PWD', '/home/alex/Diplomatiki/ros/build/my_interfaces'), ('XDG_CONFIG_DIRS', '/etc/xdg/xdg-ubuntu:/etc/xdg'), ('XDG_DATA_DIRS', '/usr/share/ubuntu:/usr/local/share/:/usr/share/:/var/lib/snapd/desktop'), ('PYTHONPATH', '/home/alex/Diplomatiki/ros/install/ergodic_exploration/lib/python3.10/site-packages:/home/alex/Diplomatiki/ros/install/my_interfaces/local/lib/python3.10/dist-packages:/opt/ros/humble/lib/python3.10/site-packages:/opt/ros/humble/local/lib/python3.10/dist-packages'), ('LC_NUMERIC', 'el_GR.UTF-8'), ('LC_PAPER', 'el_GR.UTF-8'), ('COLCON', '1'), ('VTE_VERSION', '6800'), ('CMAKE_PREFIX_PATH', '/home/alex/Diplomatiki/ros/install/my_interfaces:/home/alex/Diplomatiki/ros/install/ergodic_exploration:/opt/ros/humble')]), 'shell': False}
[1.960187] (my_interfaces) StdoutLine: {'line': b'[  1%] \x1b[34m\x1b[1mGenerating C code for ROS interfaces\x1b[0m\n'}
[1.966618] (my_interfaces) StdoutLine: {'line': b'[  2%] \x1b[34m\x1b[1mGenerating C++ code for ROS interfaces\x1b[0m\n'}
[1.976929] (my_interfaces) StdoutLine: {'line': b'[  2%] Built target ament_cmake_python_copy_my_interfaces\n'}
[2.004646] (-) TimerEvent: {}
[2.108175] (-) TimerEvent: {}
[2.161079] (my_interfaces) StdoutLine: {'line': b'running egg_info\n'}
[2.174907] (my_interfaces) StdoutLine: {'line': b'creating my_interfaces.egg-info\n'}
[2.175379] (my_interfaces) StdoutLine: {'line': b'writing my_interfaces.egg-info/PKG-INFO\n'}
[2.176067] (my_interfaces) StdoutLine: {'line': b'writing dependency_links to my_interfaces.egg-info/dependency_links.txt\n'}
[2.176641] (my_interfaces) StdoutLine: {'line': b'writing top-level names to my_interfaces.egg-info/top_level.txt\n'}
[2.177062] (my_interfaces) StdoutLine: {'line': b"writing manifest file 'my_interfaces.egg-info/SOURCES.txt'\n"}
[2.214047] (-) TimerEvent: {}
[2.226939] (my_interfaces) StdoutLine: {'line': b"reading manifest file 'my_interfaces.egg-info/SOURCES.txt'\n"}
[2.228340] (my_interfaces) StdoutLine: {'line': b"writing manifest file 'my_interfaces.egg-info/SOURCES.txt'\n"}
[2.277561] (my_interfaces) StdoutLine: {'line': b'[  2%] Built target ament_cmake_python_build_my_interfaces_egg\n'}
[2.314161] (-) TimerEvent: {}
[2.414552] (-) TimerEvent: {}
[2.515126] (-) TimerEvent: {}
[2.615501] (-) TimerEvent: {}
[2.715928] (-) TimerEvent: {}
[2.767268] (my_interfaces) StdoutLine: {'line': b'[  4%] \x1b[32mBuilding C object CMakeFiles/my_interfaces__rosidl_generator_c.dir/rosidl_generator_c/my_interfaces/msg/detail/agent_data__functions.c.o\x1b[0m\n'}
[2.769274] (my_interfaces) StdoutLine: {'line': b'[  5%] \x1b[32mBuilding C object CMakeFiles/my_interfaces__rosidl_generator_c.dir/rosidl_generator_c/my_interfaces/msg/detail/ck_table__functions.c.o\x1b[0m\n'}
[2.769430] (my_interfaces) StdoutLine: {'line': b'[  7%] \x1b[32mBuilding C object CMakeFiles/my_interfaces__rosidl_generator_c.dir/rosidl_generator_c/my_interfaces/msg/detail/single_obstacle__functions.c.o\x1b[0m\n'}
[2.769486] (my_interfaces) StdoutLine: {'line': b'[  8%] \x1b[32mBuilding C object CMakeFiles/my_interfaces__rosidl_generator_c.dir/rosidl_generator_c/my_interfaces/msg/detail/multiple_obstacles__functions.c.o\x1b[0m\n'}
[2.770257] (my_interfaces) StdoutLine: {'line': b'[  9%] \x1b[32mBuilding C object CMakeFiles/my_interfaces__rosidl_generator_c.dir/rosidl_generator_c/my_interfaces/msg/detail/single_target_estimate__functions.c.o\x1b[0m\n'}
[2.774070] (my_interfaces) StdoutLine: {'line': b'[  9%] Built target my_interfaces__cpp\n'}
[2.790927] (my_interfaces) StdoutLine: {'line': b'[ 11%] \x1b[32mBuilding C object CMakeFiles/my_interfaces__rosidl_generator_c.dir/rosidl_generator_c/my_interfaces/msg/detail/multiple_target_estimates__functions.c.o\x1b[0m\n'}
[2.816166] (-) TimerEvent: {}
[2.820118] (my_interfaces) StdoutLine: {'line': b'[ 12%] \x1b[34m\x1b[1mGenerating C++ type support dispatch for ROS interfaces\x1b[0m\n'}
[2.823139] (my_interfaces) StdoutLine: {'line': b'[ 14%] \x1b[34m\x1b[1mGenerating C++ introspection for ROS interfaces\x1b[0m\n'}
[2.824553] (my_interfaces) StdoutLine: {'line': b'[ 15%] \x1b[34m\x1b[1mGenerating C++ type support for eProsima Fast-RTPS\x1b[0m\n'}
[2.850116] (my_interfaces) StdoutLine: {'line': b'[ 16%] \x1b[32m\x1b[1mLinking C shared library libmy_interfaces__rosidl_generator_c.so\x1b[0m\n'}
[2.892799] (my_interfaces) StdoutLine: {'line': b'[ 16%] Built target my_interfaces__rosidl_generator_c\n'}
[2.902611] (my_interfaces) StdoutLine: {'line': b'[ 19%] \x1b[34m\x1b[1mGenerating C type support for eProsima Fast-RTPS\x1b[0m\n'}
[2.903103] (my_interfaces) StdoutLine: {'line': b'[ 19%] \x1b[34m\x1b[1mGenerating C introspection for ROS interfaces\x1b[0m\n'}
[2.916266] (-) TimerEvent: {}
[2.916638] (my_interfaces) StdoutLine: {'line': b'[ 21%] \x1b[34m\x1b[1mGenerating C type support dispatch for ROS interfaces\x1b[0m\n'}
[3.016379] (-) TimerEvent: {}
[3.116806] (-) TimerEvent: {}
[3.217273] (-) TimerEvent: {}
[3.320015] (-) TimerEvent: {}
[3.420298] (-) TimerEvent: {}
[3.520702] (-) TimerEvent: {}
[3.581194] (my_interfaces) StdoutLine: {'line': b'[ 22%] \x1b[32mBuilding CXX object CMakeFiles/my_interfaces__rosidl_typesupport_cpp.dir/rosidl_typesupport_cpp/my_interfaces/msg/ck_table__type_support.cpp.o\x1b[0m\n'}
[3.620830] (-) TimerEvent: {}
[3.666939] (my_interfaces) StdoutLine: {'line': b'[ 23%] \x1b[32mBuilding CXX object CMakeFiles/my_interfaces__rosidl_typesupport_introspection_cpp.dir/rosidl_typesupport_introspection_cpp/my_interfaces/msg/detail/ck_table__type_support.cpp.o\x1b[0m\n'}
[3.714732] (my_interfaces) StdoutLine: {'line': b'[ 25%] \x1b[32mBuilding CXX object CMakeFiles/my_interfaces__rosidl_typesupport_fastrtps_cpp.dir/rosidl_typesupport_fastrtps_cpp/my_interfaces/msg/detail/dds_fastrtps/ck_table__type_support.cpp.o\x1b[0m\n'}
[3.720976] (-) TimerEvent: {}
[3.734702] (my_interfaces) StdoutLine: {'line': b'[ 26%] \x1b[32mBuilding CXX object CMakeFiles/my_interfaces__rosidl_typesupport_c.dir/rosidl_typesupport_c/my_interfaces/msg/ck_table__type_support.cpp.o\x1b[0m\n'}
[3.768691] (my_interfaces) StdoutLine: {'line': b'[ 28%] \x1b[32mBuilding CXX object CMakeFiles/my_interfaces__rosidl_typesupport_c.dir/rosidl_typesupport_c/my_interfaces/msg/agent_data__type_support.cpp.o\x1b[0m\n'}
[3.800142] (my_interfaces) StdoutLine: {'line': b'[ 29%] \x1b[32mBuilding CXX object CMakeFiles/my_interfaces__rosidl_typesupport_c.dir/rosidl_typesupport_c/my_interfaces/msg/single_obstacle__type_support.cpp.o\x1b[0m\n'}
[3.822267] (-) TimerEvent: {}
[3.828772] (my_interfaces) StdoutLine: {'line': b'[ 30%] \x1b[32mBuilding CXX object CMakeFiles/my_interfaces__rosidl_typesupport_c.dir/rosidl_typesupport_c/my_interfaces/msg/multiple_obstacles__type_support.cpp.o\x1b[0m\n'}
[3.829828] (my_interfaces) StdoutLine: {'line': b'[ 32%] \x1b[32mBuilding CXX object CMakeFiles/my_interfaces__rosidl_typesupport_cpp.dir/rosidl_typesupport_cpp/my_interfaces/msg/agent_data__type_support.cpp.o\x1b[0m\n'}
[3.858624] (my_interfaces) StdoutLine: {'line': b'[ 33%] \x1b[32mBuilding CXX object CMakeFiles/my_interfaces__rosidl_typesupport_c.dir/rosidl_typesupport_c/my_interfaces/msg/single_target_estimate__type_support.cpp.o\x1b[0m\n'}
[3.886401] (my_interfaces) StdoutLine: {'line': b'[ 36%] \x1b[32mBuilding CXX object CMakeFiles/my_interfaces__rosidl_typesupport_c.dir/rosidl_typesupport_c/my_interfaces/msg/multiple_target_estimates__type_support.cpp.o\x1b[0m\n'}
[3.886634] (my_interfaces) StdoutLine: {'line': b'[ 36%] \x1b[32mBuilding CXX object CMakeFiles/my_interfaces__rosidl_typesupport_fastrtps_c.dir/rosidl_typesupport_fastrtps_c/my_interfaces/msg/detail/ck_table__type_support_c.cpp.o\x1b[0m\n'}
[3.916079] (my_interfaces) StdoutLine: {'line': b'[ 38%] \x1b[32m\x1b[1mLinking CXX shared library libmy_interfaces__rosidl_typesupport_c.so\x1b[0m\n'}
[3.922398] (-) TimerEvent: {}
[3.927239] (my_interfaces) StdoutLine: {'line': b'[ 39%] \x1b[32mBuilding C object CMakeFiles/my_interfaces__rosidl_typesupport_introspection_c.dir/rosidl_typesupport_introspection_c/my_interfaces/msg/detail/ck_table__type_support.c.o\x1b[0m\n'}
[3.961253] (my_interfaces) StdoutLine: {'line': b'[ 39%] Built target my_interfaces__rosidl_typesupport_c\n'}
[3.968051] (my_interfaces) StdoutLine: {'line': b'[ 40%] \x1b[32mBuilding C object CMakeFiles/my_interfaces__rosidl_typesupport_introspection_c.dir/rosidl_typesupport_introspection_c/my_interfaces/msg/detail/agent_data__type_support.c.o\x1b[0m\n'}
[3.969818] (my_interfaces) StdoutLine: {'line': b'[ 42%] \x1b[32mBuilding CXX object CMakeFiles/my_interfaces__rosidl_typesupport_introspection_cpp.dir/rosidl_typesupport_introspection_cpp/my_interfaces/msg/detail/agent_data__type_support.cpp.o\x1b[0m\n'}
[4.019428] (my_interfaces) StdoutLine: {'line': b'[ 43%] \x1b[32mBuilding C object CMakeFiles/my_interfaces__rosidl_typesupport_introspection_c.dir/rosidl_typesupport_introspection_c/my_interfaces/msg/detail/single_obstacle__type_support.c.o\x1b[0m\n'}
[4.022530] (-) TimerEvent: {}
[4.062081] (my_interfaces) StdoutLine: {'line': b'[ 45%] \x1b[32mBuilding C object CMakeFiles/my_interfaces__rosidl_typesupport_introspection_c.dir/rosidl_typesupport_introspection_c/my_interfaces/msg/detail/multiple_obstacles__type_support.c.o\x1b[0m\n'}
[4.075980] (my_interfaces) StdoutLine: {'line': b'[ 46%] \x1b[32mBuilding CXX object CMakeFiles/my_interfaces__rosidl_typesupport_cpp.dir/rosidl_typesupport_cpp/my_interfaces/msg/single_obstacle__type_support.cpp.o\x1b[0m\n'}
[4.086335] (my_interfaces) StdoutLine: {'line': b'[ 47%] \x1b[32mBuilding C object CMakeFiles/my_interfaces__rosidl_typesupport_introspection_c.dir/rosidl_typesupport_introspection_c/my_interfaces/msg/detail/single_target_estimate__type_support.c.o\x1b[0m\n'}
[4.099086] (my_interfaces) StdoutLine: {'line': b'[ 49%] \x1b[32mBuilding C object CMakeFiles/my_interfaces__rosidl_typesupport_introspection_c.dir/rosidl_typesupport_introspection_c/my_interfaces/msg/detail/multiple_target_estimates__type_support.c.o\x1b[0m\n'}
[4.119245] (my_interfaces) StdoutLine: {'line': b'[ 50%] \x1b[32mBuilding CXX object CMakeFiles/my_interfaces__rosidl_typesupport_cpp.dir/rosidl_typesupport_cpp/my_interfaces/msg/multiple_obstacles__type_support.cpp.o\x1b[0m\n'}
[4.122652] (-) TimerEvent: {}
[4.137446] (my_interfaces) StdoutLine: {'line': b'[ 52%] \x1b[32m\x1b[1mLinking C shared library libmy_interfaces__rosidl_typesupport_introspection_c.so\x1b[0m\n'}
[4.162125] (my_interfaces) StdoutLine: {'line': b'[ 53%] \x1b[32mBuilding CXX object CMakeFiles/my_interfaces__rosidl_typesupport_fastrtps_cpp.dir/rosidl_typesupport_fastrtps_cpp/my_interfaces/msg/detail/dds_fastrtps/agent_data__type_support.cpp.o\x1b[0m\n'}
[4.171318] (my_interfaces) StdoutLine: {'line': b'[ 53%] Built target my_interfaces__rosidl_typesupport_introspection_c\n'}
[4.180073] (my_interfaces) StdoutLine: {'line': b'[ 54%] \x1b[32mBuilding CXX object CMakeFiles/my_interfaces__rosidl_typesupport_cpp.dir/rosidl_typesupport_cpp/my_interfaces/msg/single_target_estimate__type_support.cpp.o\x1b[0m\n'}
[4.222790] (-) TimerEvent: {}
[4.224840] (my_interfaces) StdoutLine: {'line': b'[ 56%] \x1b[32mBuilding CXX object CMakeFiles/my_interfaces__rosidl_typesupport_fastrtps_c.dir/rosidl_typesupport_fastrtps_c/my_interfaces/msg/detail/agent_data__type_support_c.cpp.o\x1b[0m\n'}
[4.317609] (my_interfaces) StdoutLine: {'line': b'[ 57%] \x1b[32mBuilding CXX object CMakeFiles/my_interfaces__rosidl_typesupport_fastrtps_c.dir/rosidl_typesupport_fastrtps_c/my_interfaces/msg/detail/single_obstacle__type_support_c.cpp.o\x1b[0m\n'}
[4.322921] (-) TimerEvent: {}
[4.365606] (my_interfaces) StdoutLine: {'line': b'[ 59%] \x1b[32mBuilding CXX object CMakeFiles/my_interfaces__rosidl_typesupport_cpp.dir/rosidl_typesupport_cpp/my_interfaces/msg/multiple_target_estimates__type_support.cpp.o\x1b[0m\n'}
[4.411651] (my_interfaces) StdoutLine: {'line': b'[ 60%] \x1b[32mBuilding CXX object CMakeFiles/my_interfaces__rosidl_typesupport_introspection_cpp.dir/rosidl_typesupport_introspection_cpp/my_interfaces/msg/detail/single_obstacle__type_support.cpp.o\x1b[0m\n'}
[4.424078] (-) TimerEvent: {}
[4.424421] (my_interfaces) StdoutLine: {'line': b'[ 61%] \x1b[32mBuilding CXX object CMakeFiles/my_interfaces__rosidl_typesupport_fastrtps_cpp.dir/rosidl_typesupport_fastrtps_cpp/my_interfaces/msg/detail/dds_fastrtps/single_obstacle__type_support.cpp.o\x1b[0m\n'}
[4.524211] (-) TimerEvent: {}
[4.558437] (my_interfaces) StdoutLine: {'line': b'[ 63%] \x1b[32mBuilding CXX object CMakeFiles/my_interfaces__rosidl_typesupport_fastrtps_c.dir/rosidl_typesupport_fastrtps_c/my_interfaces/msg/detail/multiple_obstacles__type_support_c.cpp.o\x1b[0m\n'}
[4.626162] (-) TimerEvent: {}
[4.643350] (my_interfaces) StdoutLine: {'line': b'[ 64%] \x1b[32m\x1b[1mLinking CXX shared library libmy_interfaces__rosidl_typesupport_cpp.so\x1b[0m\n'}
[4.675140] (my_interfaces) StdoutLine: {'line': b'[ 66%] \x1b[32mBuilding CXX object CMakeFiles/my_interfaces__rosidl_typesupport_fastrtps_c.dir/rosidl_typesupport_fastrtps_c/my_interfaces/msg/detail/single_target_estimate__type_support_c.cpp.o\x1b[0m\n'}
[4.701908] (my_interfaces) StdoutLine: {'line': b'[ 66%] Built target my_interfaces__rosidl_typesupport_cpp\n'}
[4.710597] (my_interfaces) StdoutLine: {'line': b'[ 67%] \x1b[32mBuilding CXX object CMakeFiles/my_interfaces__rosidl_typesupport_introspection_cpp.dir/rosidl_typesupport_introspection_cpp/my_interfaces/msg/detail/multiple_obstacles__type_support.cpp.o\x1b[0m\n'}
[4.726300] (-) TimerEvent: {}
[4.730050] (my_interfaces) StdoutLine: {'line': b'[ 69%] \x1b[32mBuilding CXX object CMakeFiles/my_interfaces__rosidl_typesupport_fastrtps_c.dir/rosidl_typesupport_fastrtps_c/my_interfaces/msg/detail/multiple_target_estimates__type_support_c.cpp.o\x1b[0m\n'}
[4.827145] (-) TimerEvent: {}
[4.879796] (my_interfaces) StdoutLine: {'line': b'[ 70%] \x1b[32mBuilding CXX object CMakeFiles/my_interfaces__rosidl_typesupport_fastrtps_cpp.dir/rosidl_typesupport_fastrtps_cpp/my_interfaces/msg/detail/dds_fastrtps/multiple_obstacles__type_support.cpp.o\x1b[0m\n'}
[4.918080] (my_interfaces) StdoutLine: {'line': b'[ 71%] \x1b[32mBuilding CXX object CMakeFiles/my_interfaces__rosidl_typesupport_fastrtps_cpp.dir/rosidl_typesupport_fastrtps_cpp/my_interfaces/msg/detail/dds_fastrtps/single_target_estimate__type_support.cpp.o\x1b[0m\n'}
[4.924851] (my_interfaces) StdoutLine: {'line': b'[ 73%] \x1b[32mBuilding CXX object CMakeFiles/my_interfaces__rosidl_typesupport_fastrtps_cpp.dir/rosidl_typesupport_fastrtps_cpp/my_interfaces/msg/detail/dds_fastrtps/multiple_target_estimates__type_support.cpp.o\x1b[0m\n'}
[4.927352] (-) TimerEvent: {}
[4.994287] (my_interfaces) StdoutLine: {'line': b'[ 74%] \x1b[32mBuilding CXX object CMakeFiles/my_interfaces__rosidl_typesupport_introspection_cpp.dir/rosidl_typesupport_introspection_cpp/my_interfaces/msg/detail/single_target_estimate__type_support.cpp.o\x1b[0m\n'}
[5.027479] (-) TimerEvent: {}
[5.069611] (my_interfaces) StdoutLine: {'line': b'[ 76%] \x1b[32m\x1b[1mLinking CXX shared library libmy_interfaces__rosidl_typesupport_fastrtps_c.so\x1b[0m\n'}
[5.127624] (-) TimerEvent: {}
[5.159522] (my_interfaces) StdoutLine: {'line': b'[ 77%] \x1b[32mBuilding CXX object CMakeFiles/my_interfaces__rosidl_typesupport_introspection_cpp.dir/rosidl_typesupport_introspection_cpp/my_interfaces/msg/detail/multiple_target_estimates__type_support.cpp.o\x1b[0m\n'}
[5.191754] (my_interfaces) StdoutLine: {'line': b'[ 77%] Built target my_interfaces__rosidl_typesupport_fastrtps_c\n'}
[5.227899] (-) TimerEvent: {}
[5.328276] (-) TimerEvent: {}
[5.331045] (my_interfaces) StdoutLine: {'line': b'[ 78%] \x1b[32m\x1b[1mLinking CXX shared library libmy_interfaces__rosidl_typesupport_fastrtps_cpp.so\x1b[0m\n'}
[5.426976] (my_interfaces) StdoutLine: {'line': b'[ 78%] Built target my_interfaces__rosidl_typesupport_fastrtps_cpp\n'}
[5.428375] (-) TimerEvent: {}
[5.527282] (my_interfaces) StdoutLine: {'line': b'[ 80%] \x1b[32m\x1b[1mLinking CXX shared library libmy_interfaces__rosidl_typesupport_introspection_cpp.so\x1b[0m\n'}
[5.528469] (-) TimerEvent: {}
[5.623731] (my_interfaces) StdoutLine: {'line': b'[ 80%] Built target my_interfaces__rosidl_typesupport_introspection_cpp\n'}
[5.628607] (-) TimerEvent: {}
[5.644365] (my_interfaces) StdoutLine: {'line': b'[ 80%] Built target my_interfaces\n'}
[5.667068] (my_interfaces) StdoutLine: {'line': b'[ 81%] \x1b[34m\x1b[1mGenerating Python code for ROS interfaces\x1b[0m\n'}
[5.728733] (-) TimerEvent: {}
[5.829042] (-) TimerEvent: {}
[5.929437] (-) TimerEvent: {}
[6.029800] (-) TimerEvent: {}
[6.130149] (-) TimerEvent: {}
[6.230531] (-) TimerEvent: {}
[6.330926] (-) TimerEvent: {}
[6.431358] (-) TimerEvent: {}
[6.531797] (-) TimerEvent: {}
[6.632242] (-) TimerEvent: {}
[6.733069] (-) TimerEvent: {}
[6.746912] (my_interfaces) StdoutLine: {'line': b'[ 81%] Built target my_interfaces__py\n'}
[6.767260] (my_interfaces) StdoutLine: {'line': b'[ 83%] \x1b[32mBuilding C object CMakeFiles/my_interfaces__rosidl_generator_py.dir/rosidl_generator_py/my_interfaces/msg/_single_target_estimate_s.c.o\x1b[0m\n'}
[6.767638] (my_interfaces) StdoutLine: {'line': b'[ 84%] \x1b[32mBuilding C object CMakeFiles/my_interfaces__rosidl_generator_py.dir/rosidl_generator_py/my_interfaces/msg/_agent_data_s.c.o\x1b[0m\n'}
[6.767700] (my_interfaces) StdoutLine: {'line': b'[ 85%] \x1b[32mBuilding C object CMakeFiles/my_interfaces__rosidl_generator_py.dir/rosidl_generator_py/my_interfaces/msg/_single_obstacle_s.c.o\x1b[0m\n'}
[6.768465] (my_interfaces) StdoutLine: {'line': b'[ 87%] \x1b[32mBuilding C object CMakeFiles/my_interfaces__rosidl_generator_py.dir/rosidl_generator_py/my_interfaces/msg/_ck_table_s.c.o\x1b[0m\n'}
[6.768646] (my_interfaces) StdoutLine: {'line': b'[ 88%] \x1b[32mBuilding C object CMakeFiles/my_interfaces__rosidl_generator_py.dir/rosidl_generator_py/my_interfaces/msg/_multiple_target_estimates_s.c.o\x1b[0m\n'}
[6.770759] (my_interfaces) StdoutLine: {'line': b'[ 90%] \x1b[32mBuilding C object CMakeFiles/my_interfaces__rosidl_generator_py.dir/rosidl_generator_py/my_interfaces/msg/_multiple_obstacles_s.c.o\x1b[0m\n'}
[6.834043] (-) TimerEvent: {}
[6.878162] (my_interfaces) StdoutLine: {'line': b'[ 91%] \x1b[32m\x1b[1mLinking C shared library rosidl_generator_py/my_interfaces/libmy_interfaces__rosidl_generator_py.so\x1b[0m\n'}
[6.914382] (my_interfaces) StdoutLine: {'line': b'[ 91%] Built target my_interfaces__rosidl_generator_py\n'}
[6.930766] (my_interfaces) StdoutLine: {'line': b'[ 92%] \x1b[32mBuilding C object CMakeFiles/my_interfaces__rosidl_typesupport_c__pyext.dir/rosidl_generator_py/my_interfaces/_my_interfaces_s.ep.rosidl_typesupport_c.c.o\x1b[0m\n'}
[6.932121] (my_interfaces) StdoutLine: {'line': b'[ 94%] \x1b[32mBuilding C object CMakeFiles/my_interfaces__rosidl_typesupport_introspection_c__pyext.dir/rosidl_generator_py/my_interfaces/_my_interfaces_s.ep.rosidl_typesupport_introspection_c.c.o\x1b[0m\n'}
[6.932291] (my_interfaces) StdoutLine: {'line': b'[ 95%] \x1b[32mBuilding C object CMakeFiles/my_interfaces__rosidl_typesupport_fastrtps_c__pyext.dir/rosidl_generator_py/my_interfaces/_my_interfaces_s.ep.rosidl_typesupport_fastrtps_c.c.o\x1b[0m\n'}
[6.934166] (-) TimerEvent: {}
[7.021579] (my_interfaces) StdoutLine: {'line': b'[ 97%] \x1b[32m\x1b[1mLinking C shared library rosidl_generator_py/my_interfaces/my_interfaces_s__rosidl_typesupport_c.cpython-310-x86_64-linux-gnu.so\x1b[0m\n'}
[7.021900] (my_interfaces) StdoutLine: {'line': b'[ 98%] \x1b[32m\x1b[1mLinking C shared library rosidl_generator_py/my_interfaces/my_interfaces_s__rosidl_typesupport_fastrtps_c.cpython-310-x86_64-linux-gnu.so\x1b[0m\n'}
[7.024211] (my_interfaces) StdoutLine: {'line': b'[100%] \x1b[32m\x1b[1mLinking C shared library rosidl_generator_py/my_interfaces/my_interfaces_s__rosidl_typesupport_introspection_c.cpython-310-x86_64-linux-gnu.so\x1b[0m\n'}
[7.034275] (-) TimerEvent: {}
[7.054738] (my_interfaces) StdoutLine: {'line': b'[100%] Built target my_interfaces__rosidl_typesupport_c__pyext\n'}
[7.054988] (my_interfaces) StdoutLine: {'line': b'[100%] Built target my_interfaces__rosidl_typesupport_fastrtps_c__pyext\n'}
[7.064047] (my_interfaces) StdoutLine: {'line': b'[100%] Built target my_interfaces__rosidl_typesupport_introspection_c__pyext\n'}
[7.075623] (my_interfaces) CommandEnded: {'returncode': 0}
[7.076138] (my_interfaces) JobProgress: {'identifier': 'my_interfaces', 'progress': 'install'}
[7.086455] (my_interfaces) Command: {'cmd': ['/usr/bin/cmake', '--install', '/home/alex/Diplomatiki/ros/build/my_interfaces'], 'cwd': '/home/alex/Diplomatiki/ros/build/my_interfaces', 'env': OrderedDict([('LESSOPEN', '| /usr/bin/lesspipe %s'), ('PYTHONWARNINGS', 'ignore::UserWarning:google.protobuf'), ('USER', 'alex'), ('LC_TIME', 'el_GR.UTF-8'), ('XDG_SESSION_TYPE', 'wayland'), ('SHLVL', '2'), ('LD_LIBRARY_PATH', '/home/alex/Diplomatiki/ros/install/my_interfaces/lib:/opt/ros/humble/opt/rviz_ogre_vendor/lib:/opt/ros/humble/lib/x86_64-linux-gnu:/opt/ros/humble/lib'), ('HOME', '/home/alex'), ('OLDPWD', '/home/alex/Diplomatiki'), ('DESKTOP_SESSION', 'ubuntu'), ('ROS_PYTHON_VERSION', '3'), ('GNOME_SHELL_SESSION_MODE', 'ubuntu'), ('GTK_MODULES', 'gail:atk-bridge'), ('LC_MONETARY', 'el_GR.UTF-8'), ('MANAGERPID', '1420'), ('SYSTEMD_EXEC_PID', '1774'), ('DBUS_SESSION_BUS_ADDRESS', 'unix:path=/run/user/1000/bus'), ('COLORTERM', 'truecolor'), ('GIO_LAUNCHED_DESKTOP_FILE_PID', '4140'), ('IM_CONFIG_PHASE', '1'), ('WAYLAND_DISPLAY', 'wayland-0'), ('COLCON_PREFIX_PATH', '/home/alex/Diplomatiki/ros/install'), ('ROS_DISTRO', 'humble'), ('LOGNAME', 'alex'), ('_', '/usr/bin/colcon'), ('JOURNAL_STREAM', '8:14617'), ('ROS_VERSION', '2'), ('XDG_SESSION_CLASS', 'user'), ('USERNAME', 'alex'), ('TERM', 'xterm-256color'), ('GNOME_DESKTOP_SESSION_ID', 'this-is-deprecated'), ('ROS_LOCALHOST_ONLY', '0'), ('PATH', '/opt/ros/humble/bin:/home/alex/.local/bin:/usr/local/sbin:/usr/local/bin:/usr/sbin:/usr/bin:/sbin:/bin:/usr/games:/usr/local/games:/snap/bin:/snap/bin'), ('SESSION_MANAGER', 'local/alexlinux:@/tmp/.ICE-unix/1556,unix/alexlinux:/tmp/.ICE-unix/1556'), ('INVOCATION_ID', '88428f74ad4c4c668a1af9892e81492a'), ('XDG_MENU_PREFIX', 'gnome-'), ('LC_ADDRESS', 'el_GR.UTF-8'), ('GNOME_SETUP_DISPLAY', ':1'), ('XDG_RUNTIME_DIR', '/run/user/1000'), ('DISPLAY', ':0'), ('LANG', 'en_US.UTF-8'), ('XDG_CURRENT_DESKTOP', 'ubuntu:GNOME'), ('LC_TELEPHONE', 'el_GR.UTF-8'), ('TILIX_ID', '3d09fee8-67c7-462c-9bca-65880d169aee'), ('XMODIFIERS', '@im=ibus'), ('XDG_SESSION_DESKTOP', 'ubuntu'), ('XAUTHORITY', '/run/user/1000/.mutter-Xwaylandauth.UWZXC3'), ('LS_COLORS', 'rs=0:di=01;34:ln=01;36:mh=00:pi=40;33:so=01;35:do=01;35:bd=40;33;01:cd=40;33;01:or=40;31;01:mi=00:su=37;41:sg=30;43:ca=30;41:tw=30;42:ow=34;42:st=37;44:ex=01;32:*.tar=01;31:*.tgz=01;31:*.arc=01;31:*.arj=01;31:*.taz=01;31:*.lha=01;31:*.lz4=01;31:*.lzh=01;31:*.lzma=01;31:*.tlz=01;31:*.txz=01;31:*.tzo=01;31:*.t7z=01;31:*.zip=01;31:*.z=01;31:*.dz=01;31:*.gz=01;31:*.lrz=01;31:*.lz=01;31:*.lzo=01;31:*.xz=01;31:*.zst=01;31:*.tzst=01;31:*.bz2=01;31:*.bz=01;31:*.tbz=01;31:*.tbz2=01;31:*.tz=01;31:*.deb=01;31:*.rpm=01;31:*.jar=01;31:*.war=01;31:*.ear=01;31:*.sar=01;31:*.rar=01;31:*.alz=01;31:*.ace=01;31:*.zoo=01;31:*.cpio=01;31:*.7z=01;31:*.rz=01;31:*.cab=01;31:*.wim=01;31:*.swm=01;31:*.dwm=01;31:*.esd=01;31:*.jpg=01;35:*.jpeg=01;35:*.mjpg=01;35:*.mjpeg=01;35:*.gif=01;35:*.bmp=01;35:*.pbm=01;35:*.pgm=01;35:*.ppm=01;35:*.tga=01;35:*.xbm=01;35:*.xpm=01;35:*.tif=01;35:*.tiff=01;35:*.png=01;35:*.svg=01;35:*.svgz=01;35:*.mng=01;35:*.pcx=01;35:*.mov=01;35:*.mpg=01;35:*.mpeg=01;35:*.m2v=01;35:*.mkv=01;35:*.webm=01;35:*.webp=01;35:*.ogm=01;35:*.mp4=01;35:*.m4v=01;35:*.mp4v=01;35:*.vob=01;35:*.qt=01;35:*.nuv=01;35:*.wmv=01;35:*.asf=01;35:*.rm=01;35:*.rmvb=01;35:*.flc=01;35:*.avi=01;35:*.fli=01;35:*.flv=01;35:*.gl=01;35:*.dl=01;35:*.xcf=01;35:*.xwd=01;35:*.yuv=01;35:*.cgm=01;35:*.emf=01;35:*.ogv=01;35:*.ogx=01;35:*.aac=00;36:*.au=00;36:*.flac=00;36:*.m4a=00;36:*.mid=00;36:*.midi=00;36:*.mka=00;36:*.mp3=00;36:*.mpc=00;36:*.ogg=00;36:*.ra=00;36:*.wav=00;36:*.oga=00;36:*.opus=00;36:*.spx=00;36:*.xspf=00;36:'), ('SSH_AGENT_LAUNCHER', 'gnome-keyring'), ('SSH_AUTH_SOCK', '/run/user/1000/keyring/ssh'), ('AMENT_PREFIX_PATH', '/home/alex/Diplomatiki/ros/install/ergodic_exploration:/home/alex/Diplomatiki/ros/install/my_interfaces:/opt/ros/humble'), ('SHELL', '/bin/bash'), ('LC_NAME', 'el_GR.UTF-8'), ('QT_ACCESSIBILITY', '1'), ('GDMSESSION', 'ubuntu'), ('LESSCLOSE', '/usr/bin/lesspipe %s %s'), ('LC_MEASUREMENT', 'el_GR.UTF-8'), ('LC_IDENTIFICATION', 'el_GR.UTF-8'), ('QT_IM_MODULE', 'ibus'), ('PWD', '/home/alex/Diplomatiki/ros/build/my_interfaces'), ('XDG_CONFIG_DIRS', '/etc/xdg/xdg-ubuntu:/etc/xdg'), ('XDG_DATA_DIRS', '/usr/share/ubuntu:/usr/local/share/:/usr/share/:/var/lib/snapd/desktop'), ('PYTHONPATH', '/home/alex/Diplomatiki/ros/install/ergodic_exploration/lib/python3.10/site-packages:/home/alex/Diplomatiki/ros/install/my_interfaces/local/lib/python3.10/dist-packages:/opt/ros/humble/lib/python3.10/site-packages:/opt/ros/humble/local/lib/python3.10/dist-packages'), ('LC_NUMERIC', 'el_GR.UTF-8'), ('LC_PAPER', 'el_GR.UTF-8'), ('COLCON', '1'), ('VTE_VERSION', '6800'), ('CMAKE_PREFIX_PATH', '/home/alex/Diplomatiki/ros/install/my_interfaces:/home/alex/Diplomatiki/ros/install/ergodic_exploration:/opt/ros/humble')]), 'shell': False}
[7.093345] (my_interfaces) StdoutLine: {'line': b'-- Install configuration: ""\n'}
[7.093603] (my_interfaces) StdoutLine: {'line': b'-- Installing: /home/alex/Diplomatiki/ros/install/my_interfaces/share/ament_index/resource_index/rosidl_interfaces/my_interfaces\n'}
[7.093713] (my_interfaces) StdoutLine: {'line': b'-- Installing: /home/alex/Diplomatiki/ros/install/my_interfaces/include/my_interfaces/my_interfaces\n'}
[7.093844] (my_interfaces) StdoutLine: {'line': b'-- Installing: /home/alex/Diplomatiki/ros/install/my_interfaces/include/my_interfaces/my_interfaces/msg\n'}
[7.093993] (my_interfaces) StdoutLine: {'line': b'-- Installing: /home/alex/Diplomatiki/ros/install/my_interfaces/include/my_interfaces/my_interfaces/msg/agent_data.h\n'}
[7.094105] (my_interfaces) StdoutLine: {'line': b'-- Installing: /home/alex/Diplomatiki/ros/install/my_interfaces/include/my_interfaces/my_interfaces/msg/multiple_obstacles.h\n'}
[7.094257] (my_interfaces) StdoutLine: {'line': b'-- Installing: /home/alex/Diplomatiki/ros/install/my_interfaces/include/my_interfaces/my_interfaces/msg/rosidl_generator_c__visibility_control.h\n'}
[7.094373] (my_interfaces) StdoutLine: {'line': b'-- Installing: /home/alex/Diplomatiki/ros/install/my_interfaces/include/my_interfaces/my_interfaces/msg/multiple_target_estimates.h\n'}
[7.094460] (my_interfaces) StdoutLine: {'line': b'-- Installing: /home/alex/Diplomatiki/ros/install/my_interfaces/include/my_interfaces/my_interfaces/msg/detail\n'}
[7.094509] (my_interfaces) StdoutLine: {'line': b'-- Installing: /home/alex/Diplomatiki/ros/install/my_interfaces/include/my_interfaces/my_interfaces/msg/detail/single_target_estimate__type_support.h\n'}
[7.094556] (my_interfaces) StdoutLine: {'line': b'-- Installing: /home/alex/Diplomatiki/ros/install/my_interfaces/include/my_interfaces/my_interfaces/msg/detail/single_obstacle__type_support.h\n'}
[7.094604] (my_interfaces) StdoutLine: {'line': b'-- Installing: /home/alex/Diplomatiki/ros/install/my_interfaces/include/my_interfaces/my_interfaces/msg/detail/single_target_estimate__struct.h\n'}
[7.094651] (my_interfaces) StdoutLine: {'line': b'-- Installing: /home/alex/Diplomatiki/ros/install/my_interfaces/include/my_interfaces/my_interfaces/msg/detail/agent_data__functions.h\n'}
[7.094765] (my_interfaces) StdoutLine: {'line': b'-- Installing: /home/alex/Diplomatiki/ros/install/my_interfaces/include/my_interfaces/my_interfaces/msg/detail/multiple_target_estimates__type_support.h\n'}
[7.094813] (my_interfaces) StdoutLine: {'line': b'-- Installing: /home/alex/Diplomatiki/ros/install/my_interfaces/include/my_interfaces/my_interfaces/msg/detail/multiple_obstacles__functions.c\n'}
[7.094870] (my_interfaces) StdoutLine: {'line': b'-- Installing: /home/alex/Diplomatiki/ros/install/my_interfaces/include/my_interfaces/my_interfaces/msg/detail/single_target_estimate__functions.h\n'}
[7.094918] (my_interfaces) StdoutLine: {'line': b'-- Installing: /home/alex/Diplomatiki/ros/install/my_interfaces/include/my_interfaces/my_interfaces/msg/detail/ck_table__struct.h\n'}
[7.095010] (my_interfaces) StdoutLine: {'line': b'-- Installing: /home/alex/Diplomatiki/ros/install/my_interfaces/include/my_interfaces/my_interfaces/msg/detail/agent_data__type_support.h\n'}
[7.095080] (my_interfaces) StdoutLine: {'line': b'-- Installing: /home/alex/Diplomatiki/ros/install/my_interfaces/include/my_interfaces/my_interfaces/msg/detail/single_obstacle__functions.h\n'}
[7.095128] (my_interfaces) StdoutLine: {'line': b'-- Installing: /home/alex/Diplomatiki/ros/install/my_interfaces/include/my_interfaces/my_interfaces/msg/detail/single_obstacle__struct.h\n'}
[7.095176] (my_interfaces) StdoutLine: {'line': b'-- Installing: /home/alex/Diplomatiki/ros/install/my_interfaces/include/my_interfaces/my_interfaces/msg/detail/agent_data__struct.h\n'}
[7.095224] (my_interfaces) StdoutLine: {'line': b'-- Installing: /home/alex/Diplomatiki/ros/install/my_interfaces/include/my_interfaces/my_interfaces/msg/detail/agent_data__functions.c\n'}
[7.095271] (my_interfaces) StdoutLine: {'line': b'-- Installing: /home/alex/Diplomatiki/ros/install/my_interfaces/include/my_interfaces/my_interfaces/msg/detail/multiple_obstacles__struct.h\n'}
[7.095319] (my_interfaces) StdoutLine: {'line': b'-- Installing: /home/alex/Diplomatiki/ros/install/my_interfaces/include/my_interfaces/my_interfaces/msg/detail/ck_table__functions.c\n'}
[7.095422] (my_interfaces) StdoutLine: {'line': b'-- Installing: /home/alex/Diplomatiki/ros/install/my_interfaces/include/my_interfaces/my_interfaces/msg/detail/single_obstacle__functions.c\n'}
[7.095472] (my_interfaces) StdoutLine: {'line': b'-- Installing: /home/alex/Diplomatiki/ros/install/my_interfaces/include/my_interfaces/my_interfaces/msg/detail/single_target_estimate__functions.c\n'}
[7.095526] (my_interfaces) StdoutLine: {'line': b'-- Installing: /home/alex/Diplomatiki/ros/install/my_interfaces/include/my_interfaces/my_interfaces/msg/detail/multiple_obstacles__type_support.h\n'}
[7.095572] (my_interfaces) StdoutLine: {'line': b'-- Installing: /home/alex/Diplomatiki/ros/install/my_interfaces/include/my_interfaces/my_interfaces/msg/detail/multiple_target_estimates__functions.h\n'}
[7.095625] (my_interfaces) StdoutLine: {'line': b'-- Installing: /home/alex/Diplomatiki/ros/install/my_interfaces/include/my_interfaces/my_interfaces/msg/detail/ck_table__functions.h\n'}
[7.095672] (my_interfaces) StdoutLine: {'line': b'-- Installing: /home/alex/Diplomatiki/ros/install/my_interfaces/include/my_interfaces/my_interfaces/msg/detail/multiple_target_estimates__functions.c\n'}
[7.095762] (my_interfaces) StdoutLine: {'line': b'-- Installing: /home/alex/Diplomatiki/ros/install/my_interfaces/include/my_interfaces/my_interfaces/msg/detail/multiple_target_estimates__struct.h\n'}
[7.095867] (my_interfaces) StdoutLine: {'line': b'-- Installing: /home/alex/Diplomatiki/ros/install/my_interfaces/include/my_interfaces/my_interfaces/msg/detail/multiple_obstacles__functions.h\n'}
[7.095917] (my_interfaces) StdoutLine: {'line': b'-- Installing: /home/alex/Diplomatiki/ros/install/my_interfaces/include/my_interfaces/my_interfaces/msg/detail/ck_table__type_support.h\n'}
[7.095994] (my_interfaces) StdoutLine: {'line': b'-- Installing: /home/alex/Diplomatiki/ros/install/my_interfaces/include/my_interfaces/my_interfaces/msg/single_target_estimate.h\n'}
[7.096066] (my_interfaces) StdoutLine: {'line': b'-- Installing: /home/alex/Diplomatiki/ros/install/my_interfaces/include/my_interfaces/my_interfaces/msg/ck_table.h\n'}
[7.096113] (my_interfaces) StdoutLine: {'line': b'-- Installing: /home/alex/Diplomatiki/ros/install/my_interfaces/include/my_interfaces/my_interfaces/msg/single_obstacle.h\n'}
[7.096161] (my_interfaces) StdoutLine: {'line': b'-- Installing: /home/alex/Diplomatiki/ros/install/my_interfaces/share/my_interfaces/environment/library_path.sh\n'}
[7.096209] (my_interfaces) StdoutLine: {'line': b'-- Installing: /home/alex/Diplomatiki/ros/install/my_interfaces/share/my_interfaces/environment/library_path.dsv\n'}
[7.096294] (my_interfaces) StdoutLine: {'line': b'-- Installing: /home/alex/Diplomatiki/ros/install/my_interfaces/lib/libmy_interfaces__rosidl_generator_c.so\n'}
[7.096418] (my_interfaces) StdoutLine: {'line': b'-- Set runtime path of "/home/alex/Diplomatiki/ros/install/my_interfaces/lib/libmy_interfaces__rosidl_generator_c.so" to ""\n'}
[7.096499] (my_interfaces) StdoutLine: {'line': b'-- Up-to-date: /home/alex/Diplomatiki/ros/install/my_interfaces/include/my_interfaces/my_interfaces\n'}
[7.096546] (my_interfaces) StdoutLine: {'line': b'-- Up-to-date: /home/alex/Diplomatiki/ros/install/my_interfaces/include/my_interfaces/my_interfaces/msg\n'}
[7.096600] (my_interfaces) StdoutLine: {'line': b'-- Installing: /home/alex/Diplomatiki/ros/install/my_interfaces/include/my_interfaces/my_interfaces/msg/rosidl_typesupport_fastrtps_c__visibility_control.h\n'}
[7.096688] (my_interfaces) StdoutLine: {'line': b'-- Up-to-date: /home/alex/Diplomatiki/ros/install/my_interfaces/include/my_interfaces/my_interfaces/msg/detail\n'}
[7.096738] (my_interfaces) StdoutLine: {'line': b'-- Installing: /home/alex/Diplomatiki/ros/install/my_interfaces/include/my_interfaces/my_interfaces/msg/detail/single_obstacle__rosidl_typesupport_fastrtps_c.h\n'}
[7.096794] (my_interfaces) StdoutLine: {'line': b'-- Installing: /home/alex/Diplomatiki/ros/install/my_interfaces/include/my_interfaces/my_interfaces/msg/detail/multiple_target_estimates__rosidl_typesupport_fastrtps_c.h\n'}
[7.096884] (my_interfaces) StdoutLine: {'line': b'-- Installing: /home/alex/Diplomatiki/ros/install/my_interfaces/include/my_interfaces/my_interfaces/msg/detail/ck_table__rosidl_typesupport_fastrtps_c.h\n'}
[7.096934] (my_interfaces) StdoutLine: {'line': b'-- Installing: /home/alex/Diplomatiki/ros/install/my_interfaces/include/my_interfaces/my_interfaces/msg/detail/multiple_obstacles__rosidl_typesupport_fastrtps_c.h\n'}
[7.097007] (my_interfaces) StdoutLine: {'line': b'-- Installing: /home/alex/Diplomatiki/ros/install/my_interfaces/include/my_interfaces/my_interfaces/msg/detail/single_target_estimate__rosidl_typesupport_fastrtps_c.h\n'}
[7.097094] (my_interfaces) StdoutLine: {'line': b'-- Installing: /home/alex/Diplomatiki/ros/install/my_interfaces/include/my_interfaces/my_interfaces/msg/detail/agent_data__rosidl_typesupport_fastrtps_c.h\n'}
[7.097148] (my_interfaces) StdoutLine: {'line': b'-- Installing: /home/alex/Diplomatiki/ros/install/my_interfaces/lib/libmy_interfaces__rosidl_typesupport_fastrtps_c.so\n'}
[7.097265] (my_interfaces) StdoutLine: {'line': b'-- Set runtime path of "/home/alex/Diplomatiki/ros/install/my_interfaces/lib/libmy_interfaces__rosidl_typesupport_fastrtps_c.so" to ""\n'}
[7.097353] (my_interfaces) StdoutLine: {'line': b'-- Up-to-date: /home/alex/Diplomatiki/ros/install/my_interfaces/include/my_interfaces/my_interfaces\n'}
[7.097403] (my_interfaces) StdoutLine: {'line': b'-- Up-to-date: /home/alex/Diplomatiki/ros/install/my_interfaces/include/my_interfaces/my_interfaces/msg\n'}
[7.097451] (my_interfaces) StdoutLine: {'line': b'-- Up-to-date: /home/alex/Diplomatiki/ros/install/my_interfaces/include/my_interfaces/my_interfaces/msg/detail\n'}
[7.097543] (my_interfaces) StdoutLine: {'line': b'-- Installing: /home/alex/Diplomatiki/ros/install/my_interfaces/include/my_interfaces/my_interfaces/msg/detail/multiple_obstacles__rosidl_typesupport_introspection_c.h\n'}
[7.097608] (my_interfaces) StdoutLine: {'line': b'-- Installing: /home/alex/Diplomatiki/ros/install/my_interfaces/include/my_interfaces/my_interfaces/msg/detail/ck_table__rosidl_typesupport_introspection_c.h\n'}
[7.097654] (my_interfaces) StdoutLine: {'line': b'-- Installing: /home/alex/Diplomatiki/ros/install/my_interfaces/include/my_interfaces/my_interfaces/msg/detail/multiple_target_estimates__rosidl_typesupport_introspection_c.h\n'}
[7.097703] (my_interfaces) StdoutLine: {'line': b'-- Installing: /home/alex/Diplomatiki/ros/install/my_interfaces/include/my_interfaces/my_interfaces/msg/detail/agent_data__rosidl_typesupport_introspection_c.h\n'}
[7.097791] (my_interfaces) StdoutLine: {'line': b'-- Installing: /home/alex/Diplomatiki/ros/install/my_interfaces/include/my_interfaces/my_interfaces/msg/detail/ck_table__type_support.c\n'}
[7.097838] (my_interfaces) StdoutLine: {'line': b'-- Installing: /home/alex/Diplomatiki/ros/install/my_interfaces/include/my_interfaces/my_interfaces/msg/detail/single_obstacle__rosidl_typesupport_introspection_c.h\n'}
[7.097902] (my_interfaces) StdoutLine: {'line': b'-- Installing: /home/alex/Diplomatiki/ros/install/my_interfaces/include/my_interfaces/my_interfaces/msg/detail/multiple_obstacles__type_support.c\n'}
[7.097958] (my_interfaces) StdoutLine: {'line': b'-- Installing: /home/alex/Diplomatiki/ros/install/my_interfaces/include/my_interfaces/my_interfaces/msg/detail/agent_data__type_support.c\n'}
[7.098028] (my_interfaces) StdoutLine: {'line': b'-- Installing: /home/alex/Diplomatiki/ros/install/my_interfaces/include/my_interfaces/my_interfaces/msg/detail/single_obstacle__type_support.c\n'}
[7.098172] (my_interfaces) StdoutLine: {'line': b'-- Installing: /home/alex/Diplomatiki/ros/install/my_interfaces/include/my_interfaces/my_interfaces/msg/detail/single_target_estimate__rosidl_typesupport_introspection_c.h\n'}
[7.098239] (my_interfaces) StdoutLine: {'line': b'-- Installing: /home/alex/Diplomatiki/ros/install/my_interfaces/include/my_interfaces/my_interfaces/msg/detail/single_target_estimate__type_support.c\n'}
[7.098315] (my_interfaces) StdoutLine: {'line': b'-- Installing: /home/alex/Diplomatiki/ros/install/my_interfaces/include/my_interfaces/my_interfaces/msg/detail/multiple_target_estimates__type_support.c\n'}
[7.098388] (my_interfaces) StdoutLine: {'line': b'-- Installing: /home/alex/Diplomatiki/ros/install/my_interfaces/include/my_interfaces/my_interfaces/msg/rosidl_typesupport_introspection_c__visibility_control.h\n'}
[7.098491] (my_interfaces) StdoutLine: {'line': b'-- Installing: /home/alex/Diplomatiki/ros/install/my_interfaces/lib/libmy_interfaces__rosidl_typesupport_introspection_c.so\n'}
[7.098747] (my_interfaces) StdoutLine: {'line': b'-- Set runtime path of "/home/alex/Diplomatiki/ros/install/my_interfaces/lib/libmy_interfaces__rosidl_typesupport_introspection_c.so" to ""\n'}
[7.098813] (my_interfaces) StdoutLine: {'line': b'-- Installing: /home/alex/Diplomatiki/ros/install/my_interfaces/lib/libmy_interfaces__rosidl_typesupport_c.so\n'}
[7.098996] (my_interfaces) StdoutLine: {'line': b'-- Set runtime path of "/home/alex/Diplomatiki/ros/install/my_interfaces/lib/libmy_interfaces__rosidl_typesupport_c.so" to ""\n'}
[7.099074] (my_interfaces) StdoutLine: {'line': b'-- Up-to-date: /home/alex/Diplomatiki/ros/install/my_interfaces/include/my_interfaces/my_interfaces\n'}
[7.099143] (my_interfaces) StdoutLine: {'line': b'-- Up-to-date: /home/alex/Diplomatiki/ros/install/my_interfaces/include/my_interfaces/my_interfaces/msg\n'}
[7.099196] (my_interfaces) StdoutLine: {'line': b'-- Installing: /home/alex/Diplomatiki/ros/install/my_interfaces/include/my_interfaces/my_interfaces/msg/ck_table.hpp\n'}
[7.099243] (my_interfaces) StdoutLine: {'line': b'-- Installing: /home/alex/Diplomatiki/ros/install/my_interfaces/include/my_interfaces/my_interfaces/msg/multiple_obstacles.hpp\n'}
[7.099335] (my_interfaces) StdoutLine: {'line': b'-- Installing: /home/alex/Diplomatiki/ros/install/my_interfaces/include/my_interfaces/my_interfaces/msg/rosidl_generator_cpp__visibility_control.hpp\n'}
[7.099384] (my_interfaces) StdoutLine: {'line': b'-- Installing: /home/alex/Diplomatiki/ros/install/my_interfaces/include/my_interfaces/my_interfaces/msg/single_obstacle.hpp\n'}
[7.099433] (my_interfaces) StdoutLine: {'line': b'-- Installing: /home/alex/Diplomatiki/ros/install/my_interfaces/include/my_interfaces/my_interfaces/msg/agent_data.hpp\n'}
[7.099520] (my_interfaces) StdoutLine: {'line': b'-- Installing: /home/alex/Diplomatiki/ros/install/my_interfaces/include/my_interfaces/my_interfaces/msg/multiple_target_estimates.hpp\n'}
[7.099576] (my_interfaces) StdoutLine: {'line': b'-- Up-to-date: /home/alex/Diplomatiki/ros/install/my_interfaces/include/my_interfaces/my_interfaces/msg/detail\n'}
[7.099625] (my_interfaces) StdoutLine: {'line': b'-- Installing: /home/alex/Diplomatiki/ros/install/my_interfaces/include/my_interfaces/my_interfaces/msg/detail/multiple_target_estimates__traits.hpp\n'}
[7.099712] (my_interfaces) StdoutLine: {'line': b'-- Installing: /home/alex/Diplomatiki/ros/install/my_interfaces/include/my_interfaces/my_interfaces/msg/detail/single_obstacle__builder.hpp\n'}
[7.099761] (my_interfaces) StdoutLine: {'line': b'-- Installing: /home/alex/Diplomatiki/ros/install/my_interfaces/include/my_interfaces/my_interfaces/msg/detail/ck_table__traits.hpp\n'}
[7.099809] (my_interfaces) StdoutLine: {'line': b'-- Installing: /home/alex/Diplomatiki/ros/install/my_interfaces/include/my_interfaces/my_interfaces/msg/detail/single_target_estimate__builder.hpp\n'}
[7.099897] (my_interfaces) StdoutLine: {'line': b'-- Installing: /home/alex/Diplomatiki/ros/install/my_interfaces/include/my_interfaces/my_interfaces/msg/detail/multiple_obstacles__builder.hpp\n'}
[7.099956] (my_interfaces) StdoutLine: {'line': b'-- Installing: /home/alex/Diplomatiki/ros/install/my_interfaces/include/my_interfaces/my_interfaces/msg/detail/ck_table__type_support.hpp\n'}
[7.100026] (my_interfaces) StdoutLine: {'line': b'-- Installing: /home/alex/Diplomatiki/ros/install/my_interfaces/include/my_interfaces/my_interfaces/msg/detail/multiple_obstacles__type_support.hpp\n'}
[7.100120] (my_interfaces) StdoutLine: {'line': b'-- Installing: /home/alex/Diplomatiki/ros/install/my_interfaces/include/my_interfaces/my_interfaces/msg/detail/single_target_estimate__traits.hpp\n'}
[7.100169] (my_interfaces) StdoutLine: {'line': b'-- Installing: /home/alex/Diplomatiki/ros/install/my_interfaces/include/my_interfaces/my_interfaces/msg/detail/ck_table__struct.hpp\n'}
[7.100217] (my_interfaces) StdoutLine: {'line': b'-- Installing: /home/alex/Diplomatiki/ros/install/my_interfaces/include/my_interfaces/my_interfaces/msg/detail/single_target_estimate__type_support.hpp\n'}
[7.100308] (my_interfaces) StdoutLine: {'line': b'-- Installing: /home/alex/Diplomatiki/ros/install/my_interfaces/include/my_interfaces/my_interfaces/msg/detail/agent_data__struct.hpp\n'}
[7.100357] (my_interfaces) StdoutLine: {'line': b'-- Installing: /home/alex/Diplomatiki/ros/install/my_interfaces/include/my_interfaces/my_interfaces/msg/detail/multiple_target_estimates__builder.hpp\n'}
[7.100408] (my_interfaces) StdoutLine: {'line': b'-- Installing: /home/alex/Diplomatiki/ros/install/my_interfaces/include/my_interfaces/my_interfaces/msg/detail/single_obstacle__struct.hpp\n'}
[7.100491] (my_interfaces) StdoutLine: {'line': b'-- Installing: /home/alex/Diplomatiki/ros/install/my_interfaces/include/my_interfaces/my_interfaces/msg/detail/multiple_obstacles__struct.hpp\n'}
[7.100541] (my_interfaces) StdoutLine: {'line': b'-- Installing: /home/alex/Diplomatiki/ros/install/my_interfaces/include/my_interfaces/my_interfaces/msg/detail/multiple_obstacles__traits.hpp\n'}
[7.100624] (my_interfaces) StdoutLine: {'line': b'-- Installing: /home/alex/Diplomatiki/ros/install/my_interfaces/include/my_interfaces/my_interfaces/msg/detail/multiple_target_estimates__type_support.hpp\n'}
[7.100674] (my_interfaces) StdoutLine: {'line': b'-- Installing: /home/alex/Diplomatiki/ros/install/my_interfaces/include/my_interfaces/my_interfaces/msg/detail/multiple_target_estimates__struct.hpp\n'}
[7.100758] (my_interfaces) StdoutLine: {'line': b'-- Installing: /home/alex/Diplomatiki/ros/install/my_interfaces/include/my_interfaces/my_interfaces/msg/detail/ck_table__builder.hpp\n'}
[7.100821] (my_interfaces) StdoutLine: {'line': b'-- Installing: /home/alex/Diplomatiki/ros/install/my_interfaces/include/my_interfaces/my_interfaces/msg/detail/agent_data__type_support.hpp\n'}
[7.100875] (my_interfaces) StdoutLine: {'line': b'-- Installing: /home/alex/Diplomatiki/ros/install/my_interfaces/include/my_interfaces/my_interfaces/msg/detail/single_obstacle__traits.hpp\n'}
[7.100969] (my_interfaces) StdoutLine: {'line': b'-- Installing: /home/alex/Diplomatiki/ros/install/my_interfaces/include/my_interfaces/my_interfaces/msg/detail/single_target_estimate__struct.hpp\n'}
[7.101023] (my_interfaces) StdoutLine: {'line': b'-- Installing: /home/alex/Diplomatiki/ros/install/my_interfaces/include/my_interfaces/my_interfaces/msg/detail/agent_data__traits.hpp\n'}
[7.101086] (my_interfaces) StdoutLine: {'line': b'-- Installing: /home/alex/Diplomatiki/ros/install/my_interfaces/include/my_interfaces/my_interfaces/msg/detail/single_obstacle__type_support.hpp\n'}
[7.101178] (my_interfaces) StdoutLine: {'line': b'-- Installing: /home/alex/Diplomatiki/ros/install/my_interfaces/include/my_interfaces/my_interfaces/msg/detail/agent_data__builder.hpp\n'}
[7.101228] (my_interfaces) StdoutLine: {'line': b'-- Installing: /home/alex/Diplomatiki/ros/install/my_interfaces/include/my_interfaces/my_interfaces/msg/single_target_estimate.hpp\n'}
[7.101317] (my_interfaces) StdoutLine: {'line': b'-- Up-to-date: /home/alex/Diplomatiki/ros/install/my_interfaces/include/my_interfaces/my_interfaces\n'}
[7.101364] (my_interfaces) StdoutLine: {'line': b'-- Up-to-date: /home/alex/Diplomatiki/ros/install/my_interfaces/include/my_interfaces/my_interfaces/msg\n'}
[7.101416] (my_interfaces) StdoutLine: {'line': b'-- Installing: /home/alex/Diplomatiki/ros/install/my_interfaces/include/my_interfaces/my_interfaces/msg/rosidl_typesupport_fastrtps_cpp__visibility_control.h\n'}
[7.101508] (my_interfaces) StdoutLine: {'line': b'-- Up-to-date: /home/alex/Diplomatiki/ros/install/my_interfaces/include/my_interfaces/my_interfaces/msg/detail\n'}
[7.101557] (my_interfaces) StdoutLine: {'line': b'-- Installing: /home/alex/Diplomatiki/ros/install/my_interfaces/include/my_interfaces/my_interfaces/msg/detail/dds_fastrtps\n'}
[7.101605] (my_interfaces) StdoutLine: {'line': b'-- Installing: /home/alex/Diplomatiki/ros/install/my_interfaces/include/my_interfaces/my_interfaces/msg/detail/single_obstacle__rosidl_typesupport_fastrtps_cpp.hpp\n'}
[7.101689] (my_interfaces) StdoutLine: {'line': b'-- Installing: /home/alex/Diplomatiki/ros/install/my_interfaces/include/my_interfaces/my_interfaces/msg/detail/agent_data__rosidl_typesupport_fastrtps_cpp.hpp\n'}
[7.101739] (my_interfaces) StdoutLine: {'line': b'-- Installing: /home/alex/Diplomatiki/ros/install/my_interfaces/include/my_interfaces/my_interfaces/msg/detail/multiple_obstacles__rosidl_typesupport_fastrtps_cpp.hpp\n'}
[7.101828] (my_interfaces) StdoutLine: {'line': b'-- Installing: /home/alex/Diplomatiki/ros/install/my_interfaces/include/my_interfaces/my_interfaces/msg/detail/single_target_estimate__rosidl_typesupport_fastrtps_cpp.hpp\n'}
[7.101877] (my_interfaces) StdoutLine: {'line': b'-- Installing: /home/alex/Diplomatiki/ros/install/my_interfaces/include/my_interfaces/my_interfaces/msg/detail/multiple_target_estimates__rosidl_typesupport_fastrtps_cpp.hpp\n'}
[7.101961] (my_interfaces) StdoutLine: {'line': b'-- Installing: /home/alex/Diplomatiki/ros/install/my_interfaces/include/my_interfaces/my_interfaces/msg/detail/ck_table__rosidl_typesupport_fastrtps_cpp.hpp\n'}
[7.102032] (my_interfaces) StdoutLine: {'line': b'-- Installing: /home/alex/Diplomatiki/ros/install/my_interfaces/lib/libmy_interfaces__rosidl_typesupport_fastrtps_cpp.so\n'}
[7.102315] (my_interfaces) StdoutLine: {'line': b'-- Set runtime path of "/home/alex/Diplomatiki/ros/install/my_interfaces/lib/libmy_interfaces__rosidl_typesupport_fastrtps_cpp.so" to ""\n'}
[7.102402] (my_interfaces) StdoutLine: {'line': b'-- Up-to-date: /home/alex/Diplomatiki/ros/install/my_interfaces/include/my_interfaces/my_interfaces\n'}
[7.102453] (my_interfaces) StdoutLine: {'line': b'-- Up-to-date: /home/alex/Diplomatiki/ros/install/my_interfaces/include/my_interfaces/my_interfaces/msg\n'}
[7.102501] (my_interfaces) StdoutLine: {'line': b'-- Up-to-date: /home/alex/Diplomatiki/ros/install/my_interfaces/include/my_interfaces/my_interfaces/msg/detail\n'}
[7.102589] (my_interfaces) StdoutLine: {'line': b'-- Installing: /home/alex/Diplomatiki/ros/install/my_interfaces/include/my_interfaces/my_interfaces/msg/detail/agent_data__rosidl_typesupport_introspection_cpp.hpp\n'}
[7.102639] (my_interfaces) StdoutLine: {'line': b'-- Installing: /home/alex/Diplomatiki/ros/install/my_interfaces/include/my_interfaces/my_interfaces/msg/detail/single_target_estimate__type_support.cpp\n'}
[7.102686] (my_interfaces) StdoutLine: {'line': b'-- Installing: /home/alex/Diplomatiki/ros/install/my_interfaces/include/my_interfaces/my_interfaces/msg/detail/multiple_target_estimates__type_support.cpp\n'}
[7.102777] (my_interfaces) StdoutLine: {'line': b'-- Installing: /home/alex/Diplomatiki/ros/install/my_interfaces/include/my_interfaces/my_interfaces/msg/detail/single_obstacle__rosidl_typesupport_introspection_cpp.hpp\n'}
[7.102826] (my_interfaces) StdoutLine: {'line': b'-- Installing: /home/alex/Diplomatiki/ros/install/my_interfaces/include/my_interfaces/my_interfaces/msg/detail/multiple_target_estimates__rosidl_typesupport_introspection_cpp.hpp\n'}
[7.102874] (my_interfaces) StdoutLine: {'line': b'-- Installing: /home/alex/Diplomatiki/ros/install/my_interfaces/include/my_interfaces/my_interfaces/msg/detail/single_target_estimate__rosidl_typesupport_introspection_cpp.hpp\n'}
[7.102965] (my_interfaces) StdoutLine: {'line': b'-- Installing: /home/alex/Diplomatiki/ros/install/my_interfaces/include/my_interfaces/my_interfaces/msg/detail/ck_table__rosidl_typesupport_introspection_cpp.hpp\n'}
[7.103036] (my_interfaces) StdoutLine: {'line': b'-- Installing: /home/alex/Diplomatiki/ros/install/my_interfaces/include/my_interfaces/my_interfaces/msg/detail/single_obstacle__type_support.cpp\n'}
[7.103092] (my_interfaces) StdoutLine: {'line': b'-- Installing: /home/alex/Diplomatiki/ros/install/my_interfaces/include/my_interfaces/my_interfaces/msg/detail/ck_table__type_support.cpp\n'}
[7.103176] (my_interfaces) StdoutLine: {'line': b'-- Installing: /home/alex/Diplomatiki/ros/install/my_interfaces/include/my_interfaces/my_interfaces/msg/detail/multiple_obstacles__type_support.cpp\n'}
[7.103231] (my_interfaces) StdoutLine: {'line': b'-- Installing: /home/alex/Diplomatiki/ros/install/my_interfaces/include/my_interfaces/my_interfaces/msg/detail/multiple_obstacles__rosidl_typesupport_introspection_cpp.hpp\n'}
[7.103305] (my_interfaces) StdoutLine: {'line': b'-- Installing: /home/alex/Diplomatiki/ros/install/my_interfaces/include/my_interfaces/my_interfaces/msg/detail/agent_data__type_support.cpp\n'}
[7.103377] (my_interfaces) StdoutLine: {'line': b'-- Installing: /home/alex/Diplomatiki/ros/install/my_interfaces/lib/libmy_interfaces__rosidl_typesupport_introspection_cpp.so\n'}
[7.103710] (my_interfaces) StdoutLine: {'line': b'-- Set runtime path of "/home/alex/Diplomatiki/ros/install/my_interfaces/lib/libmy_interfaces__rosidl_typesupport_introspection_cpp.so" to ""\n'}
[7.103782] (my_interfaces) StdoutLine: {'line': b'-- Installing: /home/alex/Diplomatiki/ros/install/my_interfaces/lib/libmy_interfaces__rosidl_typesupport_cpp.so\n'}
[7.103987] (my_interfaces) StdoutLine: {'line': b'-- Set runtime path of "/home/alex/Diplomatiki/ros/install/my_interfaces/lib/libmy_interfaces__rosidl_typesupport_cpp.so" to ""\n'}
[7.104060] (my_interfaces) StdoutLine: {'line': b'-- Installing: /home/alex/Diplomatiki/ros/install/my_interfaces/share/my_interfaces/environment/pythonpath.sh\n'}
[7.104127] (my_interfaces) StdoutLine: {'line': b'-- Installing: /home/alex/Diplomatiki/ros/install/my_interfaces/share/my_interfaces/environment/pythonpath.dsv\n'}
[7.104370] (my_interfaces) StdoutLine: {'line': b'-- Installing: /home/alex/Diplomatiki/ros/install/my_interfaces/local/lib/python3.10/dist-packages/my_interfaces-0.0.0-py3.10.egg-info\n'}
[7.104485] (my_interfaces) StdoutLine: {'line': b'-- Installing: /home/alex/Diplomatiki/ros/install/my_interfaces/local/lib/python3.10/dist-packages/my_interfaces-0.0.0-py3.10.egg-info/SOURCES.txt\n'}
[7.104578] (my_interfaces) StdoutLine: {'line': b'-- Installing: /home/alex/Diplomatiki/ros/install/my_interfaces/local/lib/python3.10/dist-packages/my_interfaces-0.0.0-py3.10.egg-info/dependency_links.txt\n'}
[7.104666] (my_interfaces) StdoutLine: {'line': b'-- Installing: /home/alex/Diplomatiki/ros/install/my_interfaces/local/lib/python3.10/dist-packages/my_interfaces-0.0.0-py3.10.egg-info/PKG-INFO\n'}
[7.104718] (my_interfaces) StdoutLine: {'line': b'-- Installing: /home/alex/Diplomatiki/ros/install/my_interfaces/local/lib/python3.10/dist-packages/my_interfaces-0.0.0-py3.10.egg-info/top_level.txt\n'}
[7.104902] (my_interfaces) StdoutLine: {'line': b'-- Installing: /home/alex/Diplomatiki/ros/install/my_interfaces/local/lib/python3.10/dist-packages/my_interfaces\n'}
[7.104967] (my_interfaces) StdoutLine: {'line': b'-- Installing: /home/alex/Diplomatiki/ros/install/my_interfaces/local/lib/python3.10/dist-packages/my_interfaces/msg\n'}
[7.105045] (my_interfaces) StdoutLine: {'line': b'-- Installing: /home/alex/Diplomatiki/ros/install/my_interfaces/local/lib/python3.10/dist-packages/my_interfaces/msg/_multiple_obstacles.py\n'}
[7.105094] (my_interfaces) StdoutLine: {'line': b'-- Installing: /home/alex/Diplomatiki/ros/install/my_interfaces/local/lib/python3.10/dist-packages/my_interfaces/msg/__init__.py\n'}
[7.105142] (my_interfaces) StdoutLine: {'line': b'-- Installing: /home/alex/Diplomatiki/ros/install/my_interfaces/local/lib/python3.10/dist-packages/my_interfaces/msg/_agent_data.py\n'}
[7.105230] (my_interfaces) StdoutLine: {'line': b'-- Installing: /home/alex/Diplomatiki/ros/install/my_interfaces/local/lib/python3.10/dist-packages/my_interfaces/msg/_agent_data_s.c\n'}
[7.105289] (my_interfaces) StdoutLine: {'line': b'-- Installing: /home/alex/Diplomatiki/ros/install/my_interfaces/local/lib/python3.10/dist-packages/my_interfaces/msg/_ck_table.py\n'}
[7.105337] (my_interfaces) StdoutLine: {'line': b'-- Installing: /home/alex/Diplomatiki/ros/install/my_interfaces/local/lib/python3.10/dist-packages/my_interfaces/msg/_ck_table_s.c\n'}
[7.105425] (my_interfaces) StdoutLine: {'line': b'-- Installing: /home/alex/Diplomatiki/ros/install/my_interfaces/local/lib/python3.10/dist-packages/my_interfaces/msg/_multiple_obstacles_s.c\n'}
[7.105502] (my_interfaces) StdoutLine: {'line': b'-- Installing: /home/alex/Diplomatiki/ros/install/my_interfaces/local/lib/python3.10/dist-packages/my_interfaces/msg/_single_target_estimate_s.c\n'}
[7.105636] (my_interfaces) StdoutLine: {'line': b'-- Installing: /home/alex/Diplomatiki/ros/install/my_interfaces/local/lib/python3.10/dist-packages/my_interfaces/msg/_single_obstacle_s.c\n'}
[7.105807] (my_interfaces) StdoutLine: {'line': b'-- Installing: /home/alex/Diplomatiki/ros/install/my_interfaces/local/lib/python3.10/dist-packages/my_interfaces/msg/_single_target_estimate.py\n'}
[7.105938] (my_interfaces) StdoutLine: {'line': b'-- Installing: /home/alex/Diplomatiki/ros/install/my_interfaces/local/lib/python3.10/dist-packages/my_interfaces/msg/_single_obstacle.py\n'}
[7.106101] (my_interfaces) StdoutLine: {'line': b'-- Installing: /home/alex/Diplomatiki/ros/install/my_interfaces/local/lib/python3.10/dist-packages/my_interfaces/msg/_multiple_target_estimates.py\n'}
[7.106322] (my_interfaces) StdoutLine: {'line': b'-- Installing: /home/alex/Diplomatiki/ros/install/my_interfaces/local/lib/python3.10/dist-packages/my_interfaces/msg/_multiple_target_estimates_s.c\n'}
[7.106456] (my_interfaces) StdoutLine: {'line': b'-- Installing: /home/alex/Diplomatiki/ros/install/my_interfaces/local/lib/python3.10/dist-packages/my_interfaces/__init__.py\n'}
[7.106586] (my_interfaces) StdoutLine: {'line': b'-- Installing: /home/alex/Diplomatiki/ros/install/my_interfaces/local/lib/python3.10/dist-packages/my_interfaces/libmy_interfaces__rosidl_generator_py.so\n'}
[7.106747] (my_interfaces) StdoutLine: {'line': b'-- Installing: /home/alex/Diplomatiki/ros/install/my_interfaces/local/lib/python3.10/dist-packages/my_interfaces/_my_interfaces_s.ep.rosidl_typesupport_c.c\n'}
[7.106885] (my_interfaces) StdoutLine: {'line': b'-- Installing: /home/alex/Diplomatiki/ros/install/my_interfaces/local/lib/python3.10/dist-packages/my_interfaces/my_interfaces_s__rosidl_typesupport_fastrtps_c.cpython-310-x86_64-linux-gnu.so\n'}
[7.107036] (my_interfaces) StdoutLine: {'line': b'-- Installing: /home/alex/Diplomatiki/ros/install/my_interfaces/local/lib/python3.10/dist-packages/my_interfaces/_my_interfaces_s.ep.rosidl_typesupport_introspection_c.c\n'}
[7.107164] (my_interfaces) StdoutLine: {'line': b'-- Installing: /home/alex/Diplomatiki/ros/install/my_interfaces/local/lib/python3.10/dist-packages/my_interfaces/my_interfaces_s__rosidl_typesupport_c.cpython-310-x86_64-linux-gnu.so\n'}
[7.107285] (my_interfaces) StdoutLine: {'line': b'-- Installing: /home/alex/Diplomatiki/ros/install/my_interfaces/local/lib/python3.10/dist-packages/my_interfaces/_my_interfaces_s.ep.rosidl_typesupport_fastrtps_c.c\n'}
[7.107407] (my_interfaces) StdoutLine: {'line': b'-- Installing: /home/alex/Diplomatiki/ros/install/my_interfaces/local/lib/python3.10/dist-packages/my_interfaces/my_interfaces_s__rosidl_typesupport_introspection_c.cpython-310-x86_64-linux-gnu.so\n'}
[7.134404] (-) TimerEvent: {}
[7.148067] (my_interfaces) StdoutLine: {'line': b"Listing '/home/alex/Diplomatiki/ros/install/my_interfaces/local/lib/python3.10/dist-packages/my_interfaces'...\n"}
[7.148310] (my_interfaces) StdoutLine: {'line': b"Compiling '/home/alex/Diplomatiki/ros/install/my_interfaces/local/lib/python3.10/dist-packages/my_interfaces/__init__.py'...\n"}
[7.148450] (my_interfaces) StdoutLine: {'line': b"Listing '/home/alex/Diplomatiki/ros/install/my_interfaces/local/lib/python3.10/dist-packages/my_interfaces/msg'...\n"}
[7.148574] (my_interfaces) StdoutLine: {'line': b"Compiling '/home/alex/Diplomatiki/ros/install/my_interfaces/local/lib/python3.10/dist-packages/my_interfaces/msg/__init__.py'...\n"}
[7.148696] (my_interfaces) StdoutLine: {'line': b"Compiling '/home/alex/Diplomatiki/ros/install/my_interfaces/local/lib/python3.10/dist-packages/my_interfaces/msg/_agent_data.py'...\n"}
[7.148817] (my_interfaces) StdoutLine: {'line': b"Compiling '/home/alex/Diplomatiki/ros/install/my_interfaces/local/lib/python3.10/dist-packages/my_interfaces/msg/_ck_table.py'...\n"}
[7.148937] (my_interfaces) StdoutLine: {'line': b"Compiling '/home/alex/Diplomatiki/ros/install/my_interfaces/local/lib/python3.10/dist-packages/my_interfaces/msg/_multiple_obstacles.py'...\n"}
[7.149087] (my_interfaces) StdoutLine: {'line': b"Compiling '/home/alex/Diplomatiki/ros/install/my_interfaces/local/lib/python3.10/dist-packages/my_interfaces/msg/_multiple_target_estimates.py'...\n"}
[7.149209] (my_interfaces) StdoutLine: {'line': b"Compiling '/home/alex/Diplomatiki/ros/install/my_interfaces/local/lib/python3.10/dist-packages/my_interfaces/msg/_single_obstacle.py'...\n"}
[7.149355] (my_interfaces) StdoutLine: {'line': b"Compiling '/home/alex/Diplomatiki/ros/install/my_interfaces/local/lib/python3.10/dist-packages/my_interfaces/msg/_single_target_estimate.py'...\n"}
[7.152491] (my_interfaces) StdoutLine: {'line': b'-- Installing: /home/alex/Diplomatiki/ros/install/my_interfaces/local/lib/python3.10/dist-packages/my_interfaces/my_interfaces_s__rosidl_typesupport_fastrtps_c.cpython-310-x86_64-linux-gnu.so\n'}
[7.152781] (my_interfaces) StdoutLine: {'line': b'-- Set runtime path of "/home/alex/Diplomatiki/ros/install/my_interfaces/local/lib/python3.10/dist-packages/my_interfaces/my_interfaces_s__rosidl_typesupport_fastrtps_c.cpython-310-x86_64-linux-gnu.so" to ""\n'}
[7.153100] (my_interfaces) StdoutLine: {'line': b'-- Installing: /home/alex/Diplomatiki/ros/install/my_interfaces/local/lib/python3.10/dist-packages/my_interfaces/my_interfaces_s__rosidl_typesupport_introspection_c.cpython-310-x86_64-linux-gnu.so\n'}
[7.153314] (my_interfaces) StdoutLine: {'line': b'-- Set runtime path of "/home/alex/Diplomatiki/ros/install/my_interfaces/local/lib/python3.10/dist-packages/my_interfaces/my_interfaces_s__rosidl_typesupport_introspection_c.cpython-310-x86_64-linux-gnu.so" to ""\n'}
[7.153528] (my_interfaces) StdoutLine: {'line': b'-- Installing: /home/alex/Diplomatiki/ros/install/my_interfaces/local/lib/python3.10/dist-packages/my_interfaces/my_interfaces_s__rosidl_typesupport_c.cpython-310-x86_64-linux-gnu.so\n'}
[7.153664] (my_interfaces) StdoutLine: {'line': b'-- Set runtime path of "/home/alex/Diplomatiki/ros/install/my_interfaces/local/lib/python3.10/dist-packages/my_interfaces/my_interfaces_s__rosidl_typesupport_c.cpython-310-x86_64-linux-gnu.so" to ""\n'}
[7.153793] (my_interfaces) StdoutLine: {'line': b'-- Installing: /home/alex/Diplomatiki/ros/install/my_interfaces/lib/libmy_interfaces__rosidl_generator_py.so\n'}
[7.154003] (my_interfaces) StdoutLine: {'line': b'-- Set runtime path of "/home/alex/Diplomatiki/ros/install/my_interfaces/lib/libmy_interfaces__rosidl_generator_py.so" to ""\n'}
[7.154171] (my_interfaces) StdoutLine: {'line': b'-- Installing: /home/alex/Diplomatiki/ros/install/my_interfaces/share/my_interfaces/msg/CkTable.idl\n'}
[7.154355] (my_interfaces) StdoutLine: {'line': b'-- Installing: /home/alex/Diplomatiki/ros/install/my_interfaces/share/my_interfaces/msg/AgentData.idl\n'}
[7.154488] (my_interfaces) StdoutLine: {'line': b'-- Installing: /home/alex/Diplomatiki/ros/install/my_interfaces/share/my_interfaces/msg/SingleObstacle.idl\n'}
[7.154690] (my_interfaces) StdoutLine: {'line': b'-- Installing: /home/alex/Diplomatiki/ros/install/my_interfaces/share/my_interfaces/msg/MultipleObstacles.idl\n'}
[7.154819] (my_interfaces) StdoutLine: {'line': b'-- Installing: /home/alex/Diplomatiki/ros/install/my_interfaces/share/my_interfaces/msg/SingleTargetEstimate.idl\n'}
[7.154971] (my_interfaces) StdoutLine: {'line': b'-- Installing: /home/alex/Diplomatiki/ros/install/my_interfaces/share/my_interfaces/msg/MultipleTargetEstimates.idl\n'}
[7.155201] (my_interfaces) StdoutLine: {'line': b'-- Installing: /home/alex/Diplomatiki/ros/install/my_interfaces/share/my_interfaces/msg/CkTable.msg\n'}
[7.155398] (my_interfaces) StdoutLine: {'line': b'-- Installing: /home/alex/Diplomatiki/ros/install/my_interfaces/share/my_interfaces/msg/AgentData.msg\n'}
[7.155528] (my_interfaces) StdoutLine: {'line': b'-- Installing: /home/alex/Diplomatiki/ros/install/my_interfaces/share/my_interfaces/msg/SingleObstacle.msg\n'}
[7.155656] (my_interfaces) StdoutLine: {'line': b'-- Installing: /home/alex/Diplomatiki/ros/install/my_interfaces/share/my_interfaces/msg/MultipleObstacles.msg\n'}
[7.155783] (my_interfaces) StdoutLine: {'line': b'-- Installing: /home/alex/Diplomatiki/ros/install/my_interfaces/share/my_interfaces/msg/SingleTargetEstimate.msg\n'}
[7.155910] (my_interfaces) StdoutLine: {'line': b'-- Installing: /home/alex/Diplomatiki/ros/install/my_interfaces/share/my_interfaces/msg/MultipleTargetEstimates.msg\n'}
[7.156218] (my_interfaces) StdoutLine: {'line': b'-- Installing: /home/alex/Diplomatiki/ros/install/my_interfaces/share/ament_index/resource_index/package_run_dependencies/my_interfaces\n'}
[7.156352] (my_interfaces) StdoutLine: {'line': b'-- Installing: /home/alex/Diplomatiki/ros/install/my_interfaces/share/ament_index/resource_index/parent_prefix_path/my_interfaces\n'}
[7.156480] (my_interfaces) StdoutLine: {'line': b'-- Installing: /home/alex/Diplomatiki/ros/install/my_interfaces/share/my_interfaces/environment/ament_prefix_path.sh\n'}
[7.156607] (my_interfaces) StdoutLine: {'line': b'-- Installing: /home/alex/Diplomatiki/ros/install/my_interfaces/share/my_interfaces/environment/ament_prefix_path.dsv\n'}
[7.156735] (my_interfaces) StdoutLine: {'line': b'-- Installing: /home/alex/Diplomatiki/ros/install/my_interfaces/share/my_interfaces/environment/path.sh\n'}
[7.156862] (my_interfaces) StdoutLine: {'line': b'-- Installing: /home/alex/Diplomatiki/ros/install/my_interfaces/share/my_interfaces/environment/path.dsv\n'}
[7.157012] (my_interfaces) StdoutLine: {'line': b'-- Installing: /home/alex/Diplomatiki/ros/install/my_interfaces/share/my_interfaces/local_setup.bash\n'}
[7.157149] (my_interfaces) StdoutLine: {'line': b'-- Installing: /home/alex/Diplomatiki/ros/install/my_interfaces/share/my_interfaces/local_setup.sh\n'}
[7.157279] (my_interfaces) StdoutLine: {'line': b'-- Installing: /home/alex/Diplomatiki/ros/install/my_interfaces/share/my_interfaces/local_setup.zsh\n'}
[7.157406] (my_interfaces) StdoutLine: {'line': b'-- Installing: /home/alex/Diplomatiki/ros/install/my_interfaces/share/my_interfaces/local_setup.dsv\n'}
[7.157533] (my_interfaces) StdoutLine: {'line': b'-- Installing: /home/alex/Diplomatiki/ros/install/my_interfaces/share/my_interfaces/package.dsv\n'}
[7.157659] (my_interfaces) StdoutLine: {'line': b'-- Installing: /home/alex/Diplomatiki/ros/install/my_interfaces/share/ament_index/resource_index/packages/my_interfaces\n'}
[7.157786] (my_interfaces) StdoutLine: {'line': b'-- Installing: /home/alex/Diplomatiki/ros/install/my_interfaces/share/my_interfaces/cmake/export_my_interfaces__rosidl_generator_cExport.cmake\n'}
[7.157912] (my_interfaces) StdoutLine: {'line': b'-- Installing: /home/alex/Diplomatiki/ros/install/my_interfaces/share/my_interfaces/cmake/export_my_interfaces__rosidl_generator_cExport-noconfig.cmake\n'}
[7.158071] (my_interfaces) StdoutLine: {'line': b'-- Installing: /home/alex/Diplomatiki/ros/install/my_interfaces/share/my_interfaces/cmake/export_my_interfaces__rosidl_typesupport_fastrtps_cExport.cmake\n'}
[7.158252] (my_interfaces) StdoutLine: {'line': b'-- Installing: /home/alex/Diplomatiki/ros/install/my_interfaces/share/my_interfaces/cmake/export_my_interfaces__rosidl_typesupport_fastrtps_cExport-noconfig.cmake\n'}
[7.158535] (my_interfaces) StdoutLine: {'line': b'-- Installing: /home/alex/Diplomatiki/ros/install/my_interfaces/share/my_interfaces/cmake/my_interfaces__rosidl_typesupport_introspection_cExport.cmake\n'}
[7.158666] (my_interfaces) StdoutLine: {'line': b'-- Installing: /home/alex/Diplomatiki/ros/install/my_interfaces/share/my_interfaces/cmake/my_interfaces__rosidl_typesupport_introspection_cExport-noconfig.cmake\n'}
[7.158787] (my_interfaces) StdoutLine: {'line': b'-- Installing: /home/alex/Diplomatiki/ros/install/my_interfaces/share/my_interfaces/cmake/my_interfaces__rosidl_typesupport_cExport.cmake\n'}
[7.158909] (my_interfaces) StdoutLine: {'line': b'-- Installing: /home/alex/Diplomatiki/ros/install/my_interfaces/share/my_interfaces/cmake/my_interfaces__rosidl_typesupport_cExport-noconfig.cmake\n'}
[7.159057] (my_interfaces) StdoutLine: {'line': b'-- Installing: /home/alex/Diplomatiki/ros/install/my_interfaces/share/my_interfaces/cmake/export_my_interfaces__rosidl_generator_cppExport.cmake\n'}
[7.159191] (my_interfaces) StdoutLine: {'line': b'-- Installing: /home/alex/Diplomatiki/ros/install/my_interfaces/share/my_interfaces/cmake/export_my_interfaces__rosidl_typesupport_fastrtps_cppExport.cmake\n'}
[7.159318] (my_interfaces) StdoutLine: {'line': b'-- Installing: /home/alex/Diplomatiki/ros/install/my_interfaces/share/my_interfaces/cmake/export_my_interfaces__rosidl_typesupport_fastrtps_cppExport-noconfig.cmake\n'}
[7.159438] (my_interfaces) StdoutLine: {'line': b'-- Installing: /home/alex/Diplomatiki/ros/install/my_interfaces/share/my_interfaces/cmake/my_interfaces__rosidl_typesupport_introspection_cppExport.cmake\n'}
[7.159570] (my_interfaces) StdoutLine: {'line': b'-- Installing: /home/alex/Diplomatiki/ros/install/my_interfaces/share/my_interfaces/cmake/my_interfaces__rosidl_typesupport_introspection_cppExport-noconfig.cmake\n'}
[7.159696] (my_interfaces) StdoutLine: {'line': b'-- Installing: /home/alex/Diplomatiki/ros/install/my_interfaces/share/my_interfaces/cmake/my_interfaces__rosidl_typesupport_cppExport.cmake\n'}
[7.159821] (my_interfaces) StdoutLine: {'line': b'-- Installing: /home/alex/Diplomatiki/ros/install/my_interfaces/share/my_interfaces/cmake/my_interfaces__rosidl_typesupport_cppExport-noconfig.cmake\n'}
[7.159959] (my_interfaces) StdoutLine: {'line': b'-- Installing: /home/alex/Diplomatiki/ros/install/my_interfaces/share/my_interfaces/cmake/export_my_interfaces__rosidl_generator_pyExport.cmake\n'}
[7.160110] (my_interfaces) StdoutLine: {'line': b'-- Installing: /home/alex/Diplomatiki/ros/install/my_interfaces/share/my_interfaces/cmake/export_my_interfaces__rosidl_generator_pyExport-noconfig.cmake\n'}
[7.160243] (my_interfaces) StdoutLine: {'line': b'-- Installing: /home/alex/Diplomatiki/ros/install/my_interfaces/share/my_interfaces/cmake/rosidl_cmake-extras.cmake\n'}
[7.160370] (my_interfaces) StdoutLine: {'line': b'-- Installing: /home/alex/Diplomatiki/ros/install/my_interfaces/share/my_interfaces/cmake/ament_cmake_export_dependencies-extras.cmake\n'}
[7.160497] (my_interfaces) StdoutLine: {'line': b'-- Installing: /home/alex/Diplomatiki/ros/install/my_interfaces/share/my_interfaces/cmake/ament_cmake_export_include_directories-extras.cmake\n'}
[7.160623] (my_interfaces) StdoutLine: {'line': b'-- Installing: /home/alex/Diplomatiki/ros/install/my_interfaces/share/my_interfaces/cmake/ament_cmake_export_libraries-extras.cmake\n'}
[7.160751] (my_interfaces) StdoutLine: {'line': b'-- Installing: /home/alex/Diplomatiki/ros/install/my_interfaces/share/my_interfaces/cmake/ament_cmake_export_targets-extras.cmake\n'}
[7.160877] (my_interfaces) StdoutLine: {'line': b'-- Installing: /home/alex/Diplomatiki/ros/install/my_interfaces/share/my_interfaces/cmake/rosidl_cmake_export_typesupport_targets-extras.cmake\n'}
[7.161025] (my_interfaces) StdoutLine: {'line': b'-- Installing: /home/alex/Diplomatiki/ros/install/my_interfaces/share/my_interfaces/cmake/rosidl_cmake_export_typesupport_libraries-extras.cmake\n'}
[7.161158] (my_interfaces) StdoutLine: {'line': b'-- Installing: /home/alex/Diplomatiki/ros/install/my_interfaces/share/my_interfaces/cmake/my_interfacesConfig.cmake\n'}
[7.161285] (my_interfaces) StdoutLine: {'line': b'-- Installing: /home/alex/Diplomatiki/ros/install/my_interfaces/share/my_interfaces/cmake/my_interfacesConfig-version.cmake\n'}
[7.161413] (my_interfaces) StdoutLine: {'line': b'-- Installing: /home/alex/Diplomatiki/ros/install/my_interfaces/share/my_interfaces/package.xml\n'}
[7.162763] (my_interfaces) CommandEnded: {'returncode': 0}
[7.189394] (my_interfaces) JobEnded: {'identifier': 'my_interfaces', 'rc': 0}
[7.190304] (ergodic_exploration) JobStarted: {'identifier': 'ergodic_exploration'}
[7.234550] (-) TimerEvent: {}
[7.334858] (-) TimerEvent: {}
[7.435238] (-) TimerEvent: {}
[7.535628] (-) TimerEvent: {}
[7.636053] (-) TimerEvent: {}
[7.724128] (ergodic_exploration) Command: {'cmd': ['/usr/bin/python3', '-W', 'ignore:setup.py install is deprecated', '-W', 'ignore:easy_install command is deprecated', 'setup.py', 'egg_info', '--egg-base', '../../build/ergodic_exploration', 'build', '--build-base', '/home/alex/Diplomatiki/ros/build/ergodic_exploration/build', 'install', '--record', '/home/alex/Diplomatiki/ros/build/ergodic_exploration/install.log', '--single-version-externally-managed', 'install_data'], 'cwd': '/home/alex/Diplomatiki/ros/src/ergodic_exploration', 'env': {'LESSOPEN': '| /usr/bin/lesspipe %s', 'PYTHONWARNINGS': 'ignore::UserWarning:google.protobuf', 'USER': 'alex', 'LC_TIME': 'el_GR.UTF-8', 'XDG_SESSION_TYPE': 'wayland', 'SHLVL': '2', 'LD_LIBRARY_PATH': '/home/alex/Diplomatiki/ros/install/my_interfaces/lib:/opt/ros/humble/opt/rviz_ogre_vendor/lib:/opt/ros/humble/lib/x86_64-linux-gnu:/opt/ros/humble/lib', 'HOME': '/home/alex', 'OLDPWD': '/home/alex/Diplomatiki', 'DESKTOP_SESSION': 'ubuntu', 'ROS_PYTHON_VERSION': '3', 'GNOME_SHELL_SESSION_MODE': 'ubuntu', 'GTK_MODULES': 'gail:atk-bridge', 'LC_MONETARY': 'el_GR.UTF-8', 'MANAGERPID': '1420', 'SYSTEMD_EXEC_PID': '1774', 'DBUS_SESSION_BUS_ADDRESS': 'unix:path=/run/user/1000/bus', 'COLORTERM': 'truecolor', 'GIO_LAUNCHED_DESKTOP_FILE_PID': '4140', 'IM_CONFIG_PHASE': '1', 'WAYLAND_DISPLAY': 'wayland-0', 'COLCON_PREFIX_PATH': '/home/alex/Diplomatiki/ros/install', 'ROS_DISTRO': 'humble', 'LOGNAME': 'alex', '_': '/usr/bin/colcon', 'JOURNAL_STREAM': '8:14617', 'ROS_VERSION': '2', 'XDG_SESSION_CLASS': 'user', 'USERNAME': 'alex', 'TERM': 'xterm-256color', 'GNOME_DESKTOP_SESSION_ID': 'this-is-deprecated', 'ROS_LOCALHOST_ONLY': '0', 'PATH': '/opt/ros/humble/bin:/home/alex/.local/bin:/usr/local/sbin:/usr/local/bin:/usr/sbin:/usr/bin:/sbin:/bin:/usr/games:/usr/local/games:/snap/bin:/snap/bin', 'SESSION_MANAGER': 'local/alexlinux:@/tmp/.ICE-unix/1556,unix/alexlinux:/tmp/.ICE-unix/1556', 'INVOCATION_ID': '88428f74ad4c4c668a1af9892e81492a', 'XDG_MENU_PREFIX': 'gnome-', 'LC_ADDRESS': 'el_GR.UTF-8', 'GNOME_SETUP_DISPLAY': ':1', 'XDG_RUNTIME_DIR': '/run/user/1000', 'DISPLAY': ':0', 'LANG': 'en_US.UTF-8', 'XDG_CURRENT_DESKTOP': 'ubuntu:GNOME', 'LC_TELEPHONE': 'el_GR.UTF-8', 'TILIX_ID': '3d09fee8-67c7-462c-9bca-65880d169aee', 'XMODIFIERS': '@im=ibus', 'XDG_SESSION_DESKTOP': 'ubuntu', 'XAUTHORITY': '/run/user/1000/.mutter-Xwaylandauth.UWZXC3', 'LS_COLORS': 'rs=0:di=01;34:ln=01;36:mh=00:pi=40;33:so=01;35:do=01;35:bd=40;33;01:cd=40;33;01:or=40;31;01:mi=00:su=37;41:sg=30;43:ca=30;41:tw=30;42:ow=34;42:st=37;44:ex=01;32:*.tar=01;31:*.tgz=01;31:*.arc=01;31:*.arj=01;31:*.taz=01;31:*.lha=01;31:*.lz4=01;31:*.lzh=01;31:*.lzma=01;31:*.tlz=01;31:*.txz=01;31:*.tzo=01;31:*.t7z=01;31:*.zip=01;31:*.z=01;31:*.dz=01;31:*.gz=01;31:*.lrz=01;31:*.lz=01;31:*.lzo=01;31:*.xz=01;31:*.zst=01;31:*.tzst=01;31:*.bz2=01;31:*.bz=01;31:*.tbz=01;31:*.tbz2=01;31:*.tz=01;31:*.deb=01;31:*.rpm=01;31:*.jar=01;31:*.war=01;31:*.ear=01;31:*.sar=01;31:*.rar=01;31:*.alz=01;31:*.ace=01;31:*.zoo=01;31:*.cpio=01;31:*.7z=01;31:*.rz=01;31:*.cab=01;31:*.wim=01;31:*.swm=01;31:*.dwm=01;31:*.esd=01;31:*.jpg=01;35:*.jpeg=01;35:*.mjpg=01;35:*.mjpeg=01;35:*.gif=01;35:*.bmp=01;35:*.pbm=01;35:*.pgm=01;35:*.ppm=01;35:*.tga=01;35:*.xbm=01;35:*.xpm=01;35:*.tif=01;35:*.tiff=01;35:*.png=01;35:*.svg=01;35:*.svgz=01;35:*.mng=01;35:*.pcx=01;35:*.mov=01;35:*.mpg=01;35:*.mpeg=01;35:*.m2v=01;35:*.mkv=01;35:*.webm=01;35:*.webp=01;35:*.ogm=01;35:*.mp4=01;35:*.m4v=01;35:*.mp4v=01;35:*.vob=01;35:*.qt=01;35:*.nuv=01;35:*.wmv=01;35:*.asf=01;35:*.rm=01;35:*.rmvb=01;35:*.flc=01;35:*.avi=01;35:*.fli=01;35:*.flv=01;35:*.gl=01;35:*.dl=01;35:*.xcf=01;35:*.xwd=01;35:*.yuv=01;35:*.cgm=01;35:*.emf=01;35:*.ogv=01;35:*.ogx=01;35:*.aac=00;36:*.au=00;36:*.flac=00;36:*.m4a=00;36:*.mid=00;36:*.midi=00;36:*.mka=00;36:*.mp3=00;36:*.mpc=00;36:*.ogg=00;36:*.ra=00;36:*.wav=00;36:*.oga=00;36:*.opus=00;36:*.spx=00;36:*.xspf=00;36:', 'SSH_AGENT_LAUNCHER': 'gnome-keyring', 'SSH_AUTH_SOCK': '/run/user/1000/keyring/ssh', 'AMENT_PREFIX_PATH': '/home/alex/Diplomatiki/ros/install/ergodic_exploration:/home/alex/Diplomatiki/ros/install/my_interfaces:/opt/ros/humble', 'SHELL': '/bin/bash', 'LC_NAME': 'el_GR.UTF-8', 'QT_ACCESSIBILITY': '1', 'GDMSESSION': 'ubuntu', 'LESSCLOSE': '/usr/bin/lesspipe %s %s', 'LC_MEASUREMENT': 'el_GR.UTF-8', 'LC_IDENTIFICATION': 'el_GR.UTF-8', 'QT_IM_MODULE': 'ibus', 'PWD': '/home/alex/Diplomatiki/ros/build/ergodic_exploration', 'XDG_CONFIG_DIRS': '/etc/xdg/xdg-ubuntu:/etc/xdg', 'XDG_DATA_DIRS': '/usr/share/ubuntu:/usr/local/share/:/usr/share/:/var/lib/snapd/desktop', 'PYTHONPATH': '/home/alex/Diplomatiki/ros/build/ergodic_exploration/prefix_override:/usr/lib/python3/dist-packages/colcon_core/task/python/colcon_distutils_commands:/home/alex/Diplomatiki/ros/install/ergodic_exploration/lib/python3.10/site-packages:/home/alex/Diplomatiki/ros/install/ergodic_exploration/lib/python3.10/site-packages:/home/alex/Diplomatiki/ros/install/my_interfaces/local/lib/python3.10/dist-packages:/opt/ros/humble/lib/python3.10/site-packages:/opt/ros/humble/local/lib/python3.10/dist-packages', 'LC_NUMERIC': 'el_GR.UTF-8', 'LC_PAPER': 'el_GR.UTF-8', 'COLCON': '1', 'VTE_VERSION': '6800', 'CMAKE_PREFIX_PATH': '/home/alex/Diplomatiki/ros/install/my_interfaces'}, 'shell': False}
[7.736153] (-) TimerEvent: {}
[7.836485] (-) TimerEvent: {}
[7.937422] (-) TimerEvent: {}
[7.941642] (ergodic_exploration) StdoutLine: {'line': b'running egg_info\n'}
[7.955632] (ergodic_exploration) StdoutLine: {'line': b'creating ../../build/ergodic_exploration/ergodic_exploration.egg-info\n'}
[7.955801] (ergodic_exploration) StdoutLine: {'line': b'writing ../../build/ergodic_exploration/ergodic_exploration.egg-info/PKG-INFO\n'}
[7.955855] (ergodic_exploration) StdoutLine: {'line': b'writing dependency_links to ../../build/ergodic_exploration/ergodic_exploration.egg-info/dependency_links.txt\n'}
[7.955904] (ergodic_exploration) StdoutLine: {'line': b'writing entry points to ../../build/ergodic_exploration/ergodic_exploration.egg-info/entry_points.txt\n'}
[7.955974] (ergodic_exploration) StdoutLine: {'line': b'writing requirements to ../../build/ergodic_exploration/ergodic_exploration.egg-info/requires.txt\n'}
[7.956027] (ergodic_exploration) StdoutLine: {'line': b'writing top-level names to ../../build/ergodic_exploration/ergodic_exploration.egg-info/top_level.txt\n'}
[7.956075] (ergodic_exploration) StdoutLine: {'line': b"writing manifest file '../../build/ergodic_exploration/ergodic_exploration.egg-info/SOURCES.txt'\n"}
[7.984148] (ergodic_exploration) StdoutLine: {'line': b"reading manifest file '../../build/ergodic_exploration/ergodic_exploration.egg-info/SOURCES.txt'\n"}
[7.985965] (ergodic_exploration) StdoutLine: {'line': b"adding license file 'LICENSE'\n"}
[7.986155] (ergodic_exploration) StdoutLine: {'line': b"writing manifest file '../../build/ergodic_exploration/ergodic_exploration.egg-info/SOURCES.txt'\n"}
[7.986227] (ergodic_exploration) StdoutLine: {'line': b'running build\n'}
[7.986274] (ergodic_exploration) StdoutLine: {'line': b'running build_py\n'}
[7.986346] (ergodic_exploration) StdoutLine: {'line': b'creating /home/alex/Diplomatiki/ros/build/ergodic_exploration/build/lib/ergodic_exploration\n'}
[7.986395] (ergodic_exploration) StdoutLine: {'line': b'copying ergodic_exploration/__init__.py -> /home/alex/Diplomatiki/ros/build/ergodic_exploration/build/lib/ergodic_exploration\n'}
[7.986445] (ergodic_exploration) StdoutLine: {'line': b'copying ergodic_exploration/environment.py -> /home/alex/Diplomatiki/ros/build/ergodic_exploration/build/lib/ergodic_exploration\n'}
[7.986685] (ergodic_exploration) StdoutLine: {'line': b'copying ergodic_exploration/agent_node.py -> /home/alex/Diplomatiki/ros/build/ergodic_exploration/build/lib/ergodic_exploration\n'}
[7.986814] (ergodic_exploration) StdoutLine: {'line': b'creating /home/alex/Diplomatiki/ros/build/ergodic_exploration/build/lib/my_erg_lib\n'}
[7.986937] (ergodic_exploration) StdoutLine: {'line': b'copying my_erg_lib/vis.py -> /home/alex/Diplomatiki/ros/build/ergodic_exploration/build/lib/my_erg_lib\n'}
[7.987192] (ergodic_exploration) StdoutLine: {'line': b'copying my_erg_lib/model_dynamics.py -> /home/alex/Diplomatiki/ros/build/ergodic_exploration/build/lib/my_erg_lib\n'}
[7.987314] (ergodic_exploration) StdoutLine: {'line': b'copying my_erg_lib/__init__.py -> /home/alex/Diplomatiki/ros/build/ergodic_exploration/build/lib/my_erg_lib\n'}
[7.987425] (ergodic_exploration) StdoutLine: {'line': b'copying my_erg_lib/eid.py -> /home/alex/Diplomatiki/ros/build/ergodic_exploration/build/lib/my_erg_lib\n'}
[7.987658] (ergodic_exploration) StdoutLine: {'line': b'copying my_erg_lib/basis.py -> /home/alex/Diplomatiki/ros/build/ergodic_exploration/build/lib/my_erg_lib\n'}
[7.987762] (ergodic_exploration) StdoutLine: {'line': b'copying my_erg_lib/barrier.py -> /home/alex/Diplomatiki/ros/build/ergodic_exploration/build/lib/my_erg_lib\n'}
[7.987825] (ergodic_exploration) StdoutLine: {'line': b'copying my_erg_lib/agent.py -> /home/alex/Diplomatiki/ros/build/ergodic_exploration/build/lib/my_erg_lib\n'}
[7.988831] (ergodic_exploration) StdoutLine: {'line': b'copying my_erg_lib/replay_buffer.py -> /home/alex/Diplomatiki/ros/build/ergodic_exploration/build/lib/my_erg_lib\n'}
[7.989001] (ergodic_exploration) StdoutLine: {'line': b'copying my_erg_lib/Utilities.py -> /home/alex/Diplomatiki/ros/build/ergodic_exploration/build/lib/my_erg_lib\n'}
[7.989055] (ergodic_exploration) StdoutLine: {'line': b'copying my_erg_lib/obstacles.py -> /home/alex/Diplomatiki/ros/build/ergodic_exploration/build/lib/my_erg_lib\n'}
[7.989104] (ergodic_exploration) StdoutLine: {'line': b'copying my_erg_lib/ergodic_controllers.py -> /home/alex/Diplomatiki/ros/build/ergodic_exploration/build/lib/my_erg_lib\n'}
[7.989153] (ergodic_exploration) StdoutLine: {'line': b'copying my_erg_lib/vis.py -> /home/alex/Diplomatiki/ros/build/ergodic_exploration/build/lib/my_erg_lib\n'}
[7.989198] (ergodic_exploration) StdoutLine: {'line': b'copying my_erg_lib/model_dynamics.py -> /home/alex/Diplomatiki/ros/build/ergodic_exploration/build/lib/my_erg_lib\n'}
[7.989298] (ergodic_exploration) StdoutLine: {'line': b'copying my_erg_lib/__init__.py -> /home/alex/Diplomatiki/ros/build/ergodic_exploration/build/lib/my_erg_lib\n'}
[7.989374] (ergodic_exploration) StdoutLine: {'line': b'copying my_erg_lib/eid.py -> /home/alex/Diplomatiki/ros/build/ergodic_exploration/build/lib/my_erg_lib\n'}
[7.989436] (ergodic_exploration) StdoutLine: {'line': b'copying my_erg_lib/basis.py -> /home/alex/Diplomatiki/ros/build/ergodic_exploration/build/lib/my_erg_lib\n'}
[7.989486] (ergodic_exploration) StdoutLine: {'line': b'copying my_erg_lib/barrier.py -> /home/alex/Diplomatiki/ros/build/ergodic_exploration/build/lib/my_erg_lib\n'}
[7.991316] (ergodic_exploration) StdoutLine: {'line': b'copying my_erg_lib/agent.py -> /home/alex/Diplomatiki/ros/build/ergodic_exploration/build/lib/my_erg_lib\n'}
[7.991477] (ergodic_exploration) StdoutLine: {'line': b'copying my_erg_lib/replay_buffer.py -> /home/alex/Diplomatiki/ros/build/ergodic_exploration/build/lib/my_erg_lib\n'}
[7.991529] (ergodic_exploration) StdoutLine: {'line': b'copying my_erg_lib/Utilities.py -> /home/alex/Diplomatiki/ros/build/ergodic_exploration/build/lib/my_erg_lib\n'}
[7.991575] (ergodic_exploration) StdoutLine: {'line': b'copying my_erg_lib/obstacles.py -> /home/alex/Diplomatiki/ros/build/ergodic_exploration/build/lib/my_erg_lib\n'}
[7.991622] (ergodic_exploration) StdoutLine: {'line': b'copying my_erg_lib/ergodic_controllers.py -> /home/alex/Diplomatiki/ros/build/ergodic_exploration/build/lib/my_erg_lib\n'}
[7.991669] (ergodic_exploration) StdoutLine: {'line': b'running install\n'}
[7.997077] (ergodic_exploration) StdoutLine: {'line': b'running install_lib\n'}
[8.008675] (ergodic_exploration) StdoutLine: {'line': b'creating /home/alex/Diplomatiki/ros/install/ergodic_exploration/lib/python3.10/site-packages/ergodic_exploration\n'}
[8.008985] (ergodic_exploration) StdoutLine: {'line': b'copying /home/alex/Diplomatiki/ros/build/ergodic_exploration/build/lib/ergodic_exploration/__init__.py -> /home/alex/Diplomatiki/ros/install/ergodic_exploration/lib/python3.10/site-packages/ergodic_exploration\n'}
[8.009067] (ergodic_exploration) StdoutLine: {'line': b'copying /home/alex/Diplomatiki/ros/build/ergodic_exploration/build/lib/ergodic_exploration/environment.py -> /home/alex/Diplomatiki/ros/install/ergodic_exploration/lib/python3.10/site-packages/ergodic_exploration\n'}
[8.009115] (ergodic_exploration) StdoutLine: {'line': b'copying /home/alex/Diplomatiki/ros/build/ergodic_exploration/build/lib/ergodic_exploration/agent_node.py -> /home/alex/Diplomatiki/ros/install/ergodic_exploration/lib/python3.10/site-packages/ergodic_exploration\n'}
[8.009183] (ergodic_exploration) StdoutLine: {'line': b'creating /home/alex/Diplomatiki/ros/install/ergodic_exploration/lib/python3.10/site-packages/my_erg_lib\n'}
[8.009254] (ergodic_exploration) StdoutLine: {'line': b'copying /home/alex/Diplomatiki/ros/build/ergodic_exploration/build/lib/my_erg_lib/vis.py -> /home/alex/Diplomatiki/ros/install/ergodic_exploration/lib/python3.10/site-packages/my_erg_lib\n'}
[8.009474] (ergodic_exploration) StdoutLine: {'line': b'copying /home/alex/Diplomatiki/ros/build/ergodic_exploration/build/lib/my_erg_lib/model_dynamics.py -> /home/alex/Diplomatiki/ros/install/ergodic_exploration/lib/python3.10/site-packages/my_erg_lib\n'}
[8.009584] (ergodic_exploration) StdoutLine: {'line': b'copying /home/alex/Diplomatiki/ros/build/ergodic_exploration/build/lib/my_erg_lib/__init__.py -> /home/alex/Diplomatiki/ros/install/ergodic_exploration/lib/python3.10/site-packages/my_erg_lib\n'}
[8.009638] (ergodic_exploration) StdoutLine: {'line': b'copying /home/alex/Diplomatiki/ros/build/ergodic_exploration/build/lib/my_erg_lib/eid.py -> /home/alex/Diplomatiki/ros/install/ergodic_exploration/lib/python3.10/site-packages/my_erg_lib\n'}
[8.010006] (ergodic_exploration) StdoutLine: {'line': b'copying /home/alex/Diplomatiki/ros/build/ergodic_exploration/build/lib/my_erg_lib/basis.py -> /home/alex/Diplomatiki/ros/install/ergodic_exploration/lib/python3.10/site-packages/my_erg_lib\n'}
[8.010092] (ergodic_exploration) StdoutLine: {'line': b'copying /home/alex/Diplomatiki/ros/build/ergodic_exploration/build/lib/my_erg_lib/barrier.py -> /home/alex/Diplomatiki/ros/install/ergodic_exploration/lib/python3.10/site-packages/my_erg_lib\n'}
[8.010140] (ergodic_exploration) StdoutLine: {'line': b'copying /home/alex/Diplomatiki/ros/build/ergodic_exploration/build/lib/my_erg_lib/agent.py -> /home/alex/Diplomatiki/ros/install/ergodic_exploration/lib/python3.10/site-packages/my_erg_lib\n'}
[8.010184] (ergodic_exploration) StdoutLine: {'line': b'copying /home/alex/Diplomatiki/ros/build/ergodic_exploration/build/lib/my_erg_lib/replay_buffer.py -> /home/alex/Diplomatiki/ros/install/ergodic_exploration/lib/python3.10/site-packages/my_erg_lib\n'}
[8.010246] (ergodic_exploration) StdoutLine: {'line': b'copying /home/alex/Diplomatiki/ros/build/ergodic_exploration/build/lib/my_erg_lib/Utilities.py -> /home/alex/Diplomatiki/ros/install/ergodic_exploration/lib/python3.10/site-packages/my_erg_lib\n'}
[8.010826] (ergodic_exploration) StdoutLine: {'line': b'copying /home/alex/Diplomatiki/ros/build/ergodic_exploration/build/lib/my_erg_lib/obstacles.py -> /home/alex/Diplomatiki/ros/install/ergodic_exploration/lib/python3.10/site-packages/my_erg_lib\n'}
[8.010894] (ergodic_exploration) StdoutLine: {'line': b'copying /home/alex/Diplomatiki/ros/build/ergodic_exploration/build/lib/my_erg_lib/ergodic_controllers.py -> /home/alex/Diplomatiki/ros/install/ergodic_exploration/lib/python3.10/site-packages/my_erg_lib\n'}
[8.012568] (ergodic_exploration) StdoutLine: {'line': b'byte-compiling /home/alex/Diplomatiki/ros/install/ergodic_exploration/lib/python3.10/site-packages/ergodic_exploration/__init__.py to __init__.cpython-310.pyc\n'}
[8.012830] (ergodic_exploration) StdoutLine: {'line': b'byte-compiling /home/alex/Diplomatiki/ros/install/ergodic_exploration/lib/python3.10/site-packages/ergodic_exploration/environment.py to environment.cpython-310.pyc\n'}
[8.018267] (ergodic_exploration) StdoutLine: {'line': b'byte-compiling /home/alex/Diplomatiki/ros/install/ergodic_exploration/lib/python3.10/site-packages/ergodic_exploration/agent_node.py to agent_node.cpython-310.pyc\n'}
[8.022073] (ergodic_exploration) StdoutLine: {'line': b'byte-compiling /home/alex/Diplomatiki/ros/install/ergodic_exploration/lib/python3.10/site-packages/my_erg_lib/vis.py to vis.cpython-310.pyc\n'}
[8.032483] (ergodic_exploration) StdoutLine: {'line': b'byte-compiling /home/alex/Diplomatiki/ros/install/ergodic_exploration/lib/python3.10/site-packages/my_erg_lib/model_dynamics.py to model_dynamics.cpython-310.pyc\n'}
[8.035935] (ergodic_exploration) StdoutLine: {'line': b'byte-compiling /home/alex/Diplomatiki/ros/install/ergodic_exploration/lib/python3.10/site-packages/my_erg_lib/__init__.py to __init__.cpython-310.pyc\n'}
[8.036142] (ergodic_exploration) StdoutLine: {'line': b'byte-compiling /home/alex/Diplomatiki/ros/install/ergodic_exploration/lib/python3.10/site-packages/my_erg_lib/eid.py to eid.cpython-310.pyc\n'}
[8.037539] (-) TimerEvent: {}
[8.038895] (ergodic_exploration) StdoutLine: {'line': b'byte-compiling /home/alex/Diplomatiki/ros/install/ergodic_exploration/lib/python3.10/site-packages/my_erg_lib/basis.py to basis.cpython-310.pyc\n'}
[8.040910] (ergodic_exploration) StdoutLine: {'line': b'byte-compiling /home/alex/Diplomatiki/ros/install/ergodic_exploration/lib/python3.10/site-packages/my_erg_lib/barrier.py to barrier.cpython-310.pyc\n'}
[8.041127] (ergodic_exploration) StdoutLine: {'line': b'byte-compiling /home/alex/Diplomatiki/ros/install/ergodic_exploration/lib/python3.10/site-packages/my_erg_lib/agent.py to agent.cpython-310.pyc\n'}
[8.045528] (ergodic_exploration) StdoutLine: {'line': b'byte-compiling /home/alex/Diplomatiki/ros/install/ergodic_exploration/lib/python3.10/site-packages/my_erg_lib/replay_buffer.py to replay_buffer.cpython-310.pyc\n'}
[8.046643] (ergodic_exploration) StdoutLine: {'line': b'byte-compiling /home/alex/Diplomatiki/ros/install/ergodic_exploration/lib/python3.10/site-packages/my_erg_lib/Utilities.py to Utilities.cpython-310.pyc\n'}
[8.047039] (ergodic_exploration) StdoutLine: {'line': b'byte-compiling /home/alex/Diplomatiki/ros/install/ergodic_exploration/lib/python3.10/site-packages/my_erg_lib/obstacles.py to obstacles.cpython-310.pyc\n'}
[8.048362] (ergodic_exploration) StdoutLine: {'line': b'byte-compiling /home/alex/Diplomatiki/ros/install/ergodic_exploration/lib/python3.10/site-packages/my_erg_lib/ergodic_controllers.py to ergodic_controllers.cpython-310.pyc\n'}
[8.050290] (ergodic_exploration) StdoutLine: {'line': b'running install_data\n'}
[8.050529] (ergodic_exploration) StdoutLine: {'line': b'creating /home/alex/Diplomatiki/ros/install/ergodic_exploration/share/ament_index/resource_index/packages\n'}
[8.050612] (ergodic_exploration) StdoutLine: {'line': b'copying resource/ergodic_exploration -> /home/alex/Diplomatiki/ros/install/ergodic_exploration/share/ament_index/resource_index/packages\n'}
[8.050734] (ergodic_exploration) StdoutLine: {'line': b'copying package.xml -> /home/alex/Diplomatiki/ros/install/ergodic_exploration/share/ergodic_exploration\n'}
[8.050876] (ergodic_exploration) StdoutLine: {'line': b'creating /home/alex/Diplomatiki/ros/install/ergodic_exploration/share/ergodic_exploration/launch\n'}
[8.050992] (ergodic_exploration) StdoutLine: {'line': b'copying launch/multi_agent.launch.py -> /home/alex/Diplomatiki/ros/install/ergodic_exploration/share/ergodic_exploration/launch\n'}
[8.051079] (ergodic_exploration) StdoutLine: {'line': b'copying launch/three_agents.launch.py -> /home/alex/Diplomatiki/ros/install/ergodic_exploration/share/ergodic_exploration/launch\n'}
[8.051291] (ergodic_exploration) StdoutLine: {'line': b'copying launch/multi_agent.launch.yaml -> /home/alex/Diplomatiki/ros/install/ergodic_exploration/share/ergodic_exploration/launch\n'}
[8.051407] (ergodic_exploration) StdoutLine: {'line': b'creating /home/alex/Diplomatiki/ros/install/ergodic_exploration/share/ergodic_exploration/meshes\n'}
[8.051485] (ergodic_exploration) StdoutLine: {'line': b'copying meshes/car.stl -> /home/alex/Diplomatiki/ros/install/ergodic_exploration/share/ergodic_exploration/meshes\n'}
[8.052672] (ergodic_exploration) StdoutLine: {'line': b'copying meshes/hermes.stl -> /home/alex/Diplomatiki/ros/install/ergodic_exploration/share/ergodic_exploration/meshes\n'}
[8.053231] (ergodic_exploration) StdoutLine: {'line': b'copying meshes/boat.stl -> /home/alex/Diplomatiki/ros/install/ergodic_exploration/share/ergodic_exploration/meshes\n'}
[8.053623] (ergodic_exploration) StdoutLine: {'line': b'running install_egg_info\n'}
[8.068190] (ergodic_exploration) StdoutLine: {'line': b'Copying ../../build/ergodic_exploration/ergodic_exploration.egg-info to /home/alex/Diplomatiki/ros/install/ergodic_exploration/lib/python3.10/site-packages/ergodic_exploration-0.0.0-py3.10.egg-info\n'}
[8.069009] (ergodic_exploration) StdoutLine: {'line': b'running install_scripts\n'}
[8.095711] (ergodic_exploration) StdoutLine: {'line': b'Installing agent_node script to /home/alex/Diplomatiki/ros/install/ergodic_exploration/lib/ergodic_exploration\n'}
[8.096043] (ergodic_exploration) StdoutLine: {'line': b'Installing environment_node script to /home/alex/Diplomatiki/ros/install/ergodic_exploration/lib/ergodic_exploration\n'}
[8.096639] (ergodic_exploration) StdoutLine: {'line': b"writing list of installed files to '/home/alex/Diplomatiki/ros/build/ergodic_exploration/install.log'\n"}
[8.127079] (ergodic_exploration) CommandEnded: {'returncode': 0}
[8.137685] (-) TimerEvent: {}
[8.138662] (ergodic_exploration) JobEnded: {'identifier': 'ergodic_exploration', 'rc': 0}
[8.139273] (-) EventReactorShutdown: {}
