[0.000000] (-) TimerEvent: {}
[0.000802] (my_interfaces) JobQueued: {'identifier': 'my_interfaces', 'dependencies': OrderedDict()}
[0.001054] (ergodic_exploration) JobQueued: {'identifier': 'ergodic_exploration', 'dependencies': OrderedDict([('my_interfaces', '/home/alex/Diplomatiki/install/my_interfaces')])}
[0.001107] (my_interfaces) JobStarted: {'identifier': 'my_interfaces'}
[0.007798] (my_interfaces) JobProgress: {'identifier': 'my_interfaces', 'progress': 'cmake'}
[0.008544] (my_interfaces) Command: {'cmd': ['/usr/bin/cmake', '/home/alex/Diplomatiki/src/my_interfaces', '-DCMAKE_INSTALL_PREFIX=/home/alex/Diplomatiki/install/my_interfaces'], 'cwd': '/home/alex/Diplomatiki/build/my_interfaces', 'env': OrderedDict([('LESSOPEN', '| /usr/bin/lesspipe %s'), ('PYTHONWARNINGS', 'ignore::UserWarning:google.protobuf'), ('USER', 'alex'), ('LC_TIME', 'el_GR.UTF-8'), ('XDG_SESSION_TYPE', 'x11'), ('SHLVL', '2'), ('LD_LIBRARY_PATH', '/opt/ros/humble/opt/rviz_ogre_vendor/lib:/opt/ros/humble/lib/x86_64-linux-gnu:/opt/ros/humble/lib'), ('HOME', '/home/alex'), ('OLDPWD', '/home/alex/backupDiplomatiki'), ('DESKTOP_SESSION', 'ubuntu'), ('ROS_PYTHON_VERSION', '3'), ('GNOME_SHELL_SESSION_MODE', 'ubuntu'), ('GTK_MODULES', 'gail:atk-bridge'), ('LC_MONETARY', 'el_GR.UTF-8'), ('MANAGERPID', '1488'), ('SYSTEMD_EXEC_PID', '1943'), ('DBUS_SESSION_BUS_ADDRESS', 'unix:path=/run/user/1000/bus'), ('COLORTERM', 'truecolor'), ('GIO_LAUNCHED_DESKTOP_FILE_PID', '6261'), ('ROS_DISTRO', 'humble'), ('GTK_IM_MODULE', 'ibus'), ('LOGNAME', 'alex'), ('_', '/usr/bin/colcon'), ('JOURNAL_STREAM', '8:13093'), ('ROS_VERSION', '2'), ('XDG_SESSION_CLASS', 'user'), ('USERNAME', 'alex'), ('TERM', 'xterm-256color'), ('GNOME_DESKTOP_SESSION_ID', 'this-is-deprecated'), ('ROS_LOCALHOST_ONLY', '0'), ('WINDOWPATH', '2'), ('PATH', '/opt/ros/humble/bin:/home/alex/.local/bin:/usr/local/sbin:/usr/local/bin:/usr/sbin:/usr/bin:/sbin:/bin:/usr/games:/usr/local/games:/snap/bin:/snap/bin'), ('SESSION_MANAGER', 'local/alexlinux:@/tmp/.ICE-unix/1722,unix/alexlinux:/tmp/.ICE-unix/1722'), ('INVOCATION_ID', '0a29c4dbad4e41ccb37a37f5d7ab25bd'), ('PAPERSIZE', 'a4'), ('XDG_MENU_PREFIX', 'gnome-'), ('LC_ADDRESS', 'el_GR.UTF-8'), ('XDG_RUNTIME_DIR', '/run/user/1000'), ('DISPLAY', ':1'), ('LANG', 'en_US.UTF-8'), ('XDG_CURRENT_DESKTOP', 'ubuntu:GNOME'), ('LC_TELEPHONE', 'el_GR.UTF-8'), ('TILIX_ID', '753cd72e-c15a-4f4f-b541-875373d07348'), ('XMODIFIERS', '@im=ibus'), ('XDG_SESSION_DESKTOP', 'ubuntu'), ('XAUTHORITY', '/run/user/1000/gdm/Xauthority'), ('LS_COLORS', 'rs=0:di=01;34:ln=01;36:mh=00:pi=40;33:so=01;35:do=01;35:bd=40;33;01:cd=40;33;01:or=40;31;01:mi=00:su=37;41:sg=30;43:ca=30;41:tw=30;42:ow=34;42:st=37;44:ex=01;32:*.tar=01;31:*.tgz=01;31:*.arc=01;31:*.arj=01;31:*.taz=01;31:*.lha=01;31:*.lz4=01;31:*.lzh=01;31:*.lzma=01;31:*.tlz=01;31:*.txz=01;31:*.tzo=01;31:*.t7z=01;31:*.zip=01;31:*.z=01;31:*.dz=01;31:*.gz=01;31:*.lrz=01;31:*.lz=01;31:*.lzo=01;31:*.xz=01;31:*.zst=01;31:*.tzst=01;31:*.bz2=01;31:*.bz=01;31:*.tbz=01;31:*.tbz2=01;31:*.tz=01;31:*.deb=01;31:*.rpm=01;31:*.jar=01;31:*.war=01;31:*.ear=01;31:*.sar=01;31:*.rar=01;31:*.alz=01;31:*.ace=01;31:*.zoo=01;31:*.cpio=01;31:*.7z=01;31:*.rz=01;31:*.cab=01;31:*.wim=01;31:*.swm=01;31:*.dwm=01;31:*.esd=01;31:*.jpg=01;35:*.jpeg=01;35:*.mjpg=01;35:*.mjpeg=01;35:*.gif=01;35:*.bmp=01;35:*.pbm=01;35:*.pgm=01;35:*.ppm=01;35:*.tga=01;35:*.xbm=01;35:*.xpm=01;35:*.tif=01;35:*.tiff=01;35:*.png=01;35:*.svg=01;35:*.svgz=01;35:*.mng=01;35:*.pcx=01;35:*.mov=01;35:*.mpg=01;35:*.mpeg=01;35:*.m2v=01;35:*.mkv=01;35:*.webm=01;35:*.webp=01;35:*.ogm=01;35:*.mp4=01;35:*.m4v=01;35:*.mp4v=01;35:*.vob=01;35:*.qt=01;35:*.nuv=01;35:*.wmv=01;35:*.asf=01;35:*.rm=01;35:*.rmvb=01;35:*.flc=01;35:*.avi=01;35:*.fli=01;35:*.flv=01;35:*.gl=01;35:*.dl=01;35:*.xcf=01;35:*.xwd=01;35:*.yuv=01;35:*.cgm=01;35:*.emf=01;35:*.ogv=01;35:*.ogx=01;35:*.aac=00;36:*.au=00;36:*.flac=00;36:*.m4a=00;36:*.mid=00;36:*.midi=00;36:*.mka=00;36:*.mp3=00;36:*.mpc=00;36:*.ogg=00;36:*.ra=00;36:*.wav=00;36:*.oga=00;36:*.opus=00;36:*.spx=00;36:*.xspf=00;36:'), ('SSH_AGENT_LAUNCHER', 'gnome-keyring'), ('SSH_AUTH_SOCK', '/run/user/1000/keyring/ssh'), ('AMENT_PREFIX_PATH', '/opt/ros/humble'), ('SHELL', '/bin/bash'), ('LC_NAME', 'el_GR.UTF-8'), ('QT_ACCESSIBILITY', '1'), ('GDMSESSION', 'ubuntu'), ('LESSCLOSE', '/usr/bin/lesspipe %s %s'), ('LC_MEASUREMENT', 'el_GR.UTF-8'), ('GPG_AGENT_INFO', '/run/user/1000/gnupg/S.gpg-agent:0:1'), ('LC_IDENTIFICATION', 'el_GR.UTF-8'), ('QT_IM_MODULE', 'ibus'), ('PWD', '/home/alex/Diplomatiki/build/my_interfaces'), ('XDG_CONFIG_DIRS', '/etc/xdg/xdg-ubuntu:/etc/xdg'), ('XDG_DATA_DIRS', '/usr/share/ubuntu:/usr/share/gnome:/usr/local/share/:/usr/share/:/var/lib/snapd/desktop'), ('PYTHONPATH', '/opt/ros/humble/lib/python3.10/site-packages:/opt/ros/humble/local/lib/python3.10/dist-packages'), ('LC_NUMERIC', 'el_GR.UTF-8'), ('LC_PAPER', 'el_GR.UTF-8'), ('COLCON', '1'), ('VTE_VERSION', '6800'), ('CMAKE_PREFIX_PATH', '/opt/ros/humble')]), 'shell': False}
[0.099587] (-) TimerEvent: {}
[0.104346] (my_interfaces) StdoutLine: {'line': b'-- The C compiler identification is GNU 11.4.0\n'}
[0.184370] (my_interfaces) StdoutLine: {'line': b'-- The CXX compiler identification is GNU 11.4.0\n'}
[0.193795] (my_interfaces) StdoutLine: {'line': b'-- Detecting C compiler ABI info\n'}
[0.199714] (-) TimerEvent: {}
[0.266679] (my_interfaces) StdoutLine: {'line': b'-- Detecting C compiler ABI info - done\n'}
[0.273736] (my_interfaces) StdoutLine: {'line': b'-- Check for working C compiler: /usr/bin/cc - skipped\n'}
[0.274032] (my_interfaces) StdoutLine: {'line': b'-- Detecting C compile features\n'}
[0.274606] (my_interfaces) StdoutLine: {'line': b'-- Detecting C compile features - done\n'}
[0.277620] (my_interfaces) StdoutLine: {'line': b'-- Detecting CXX compiler ABI info\n'}
[0.299837] (-) TimerEvent: {}
[0.348359] (my_interfaces) StdoutLine: {'line': b'-- Detecting CXX compiler ABI info - done\n'}
[0.367007] (my_interfaces) StdoutLine: {'line': b'-- Check for working CXX compiler: /usr/bin/c++ - skipped\n'}
[0.367548] (my_interfaces) StdoutLine: {'line': b'-- Detecting CXX compile features\n'}
[0.368562] (my_interfaces) StdoutLine: {'line': b'-- Detecting CXX compile features - done\n'}
[0.375339] (my_interfaces) StdoutLine: {'line': b'-- Found ament_cmake: 1.3.12 (/opt/ros/humble/share/ament_cmake/cmake)\n'}
[0.399966] (-) TimerEvent: {}
[0.500341] (-) TimerEvent: {}
[0.600666] (-) TimerEvent: {}
[0.701488] (-) TimerEvent: {}
[0.726232] (my_interfaces) StdoutLine: {'line': b'-- Found Python3: /usr/bin/python3 (found version "3.10.12") found components: Interpreter \n'}
[0.801633] (-) TimerEvent: {}
[0.817089] (my_interfaces) StdoutLine: {'line': b'-- Found rosidl_default_generators: 1.2.0 (/opt/ros/humble/share/rosidl_default_generators/cmake)\n'}
[0.820545] (my_interfaces) StdoutLine: {'line': b'-- Using all available rosidl_typesupport_c: rosidl_typesupport_fastrtps_c;rosidl_typesupport_introspection_c\n'}
[0.826765] (my_interfaces) StdoutLine: {'line': b'-- Found rosidl_adapter: 3.1.7 (/opt/ros/humble/share/rosidl_adapter/cmake)\n'}
[0.868596] (my_interfaces) StdoutLine: {'line': b'-- Using all available rosidl_typesupport_cpp: rosidl_typesupport_fastrtps_cpp;rosidl_typesupport_introspection_cpp\n'}
[0.901808] (-) TimerEvent: {}
[0.904770] (my_interfaces) StdoutLine: {'line': b'-- Found std_msgs: 4.9.0 (/opt/ros/humble/share/std_msgs/cmake)\n'}
[0.933400] (my_interfaces) StdoutLine: {'line': b'-- Found geometry_msgs: 4.9.0 (/opt/ros/humble/share/geometry_msgs/cmake)\n'}
[1.001949] (-) TimerEvent: {}
[1.102428] (-) TimerEvent: {}
[1.202769] (-) TimerEvent: {}
[1.270700] (my_interfaces) StdoutLine: {'line': b'-- Found ament_cmake_ros: 0.10.0 (/opt/ros/humble/share/ament_cmake_ros/cmake)\n'}
[1.302889] (-) TimerEvent: {}
[1.403264] (-) TimerEvent: {}
[1.503612] (-) TimerEvent: {}
[1.545265] (my_interfaces) StdoutLine: {'line': b'-- Using all available rosidl_typesupport_c: rosidl_typesupport_fastrtps_c;rosidl_typesupport_introspection_c\n'}
[1.603758] (-) TimerEvent: {}
[1.704144] (-) TimerEvent: {}
[1.804500] (-) TimerEvent: {}
[1.900690] (my_interfaces) StdoutLine: {'line': b'-- Using all available rosidl_typesupport_cpp: rosidl_typesupport_fastrtps_cpp;rosidl_typesupport_introspection_cpp\n'}
[1.904615] (-) TimerEvent: {}
[1.924075] (my_interfaces) StdoutLine: {'line': b'-- Found PythonInterp: /usr/bin/python3 (found suitable version "3.10.12", minimum required is "3.6") \n'}
[1.926821] (my_interfaces) StdoutLine: {'line': b'-- Found python_cmake_module: 0.10.0 (/opt/ros/humble/share/python_cmake_module/cmake)\n'}
[1.960058] (my_interfaces) StdoutLine: {'line': b'-- Found PythonLibs: /usr/lib/x86_64-linux-gnu/libpython3.10.so (found suitable version "3.10.12", minimum required is "3.5") \n'}
[1.960410] (my_interfaces) StdoutLine: {'line': b'-- Using PYTHON_EXECUTABLE: /usr/bin/python3\n'}
[1.960551] (my_interfaces) StdoutLine: {'line': b'-- Using PYTHON_INCLUDE_DIRS: /usr/include/python3.10\n'}
[1.960676] (my_interfaces) StdoutLine: {'line': b'-- Using PYTHON_LIBRARIES: /usr/lib/x86_64-linux-gnu/libpython3.10.so\n'}
[1.984371] (my_interfaces) StdoutLine: {'line': b'-- Found PythonExtra: .so  \n'}
[2.004792] (-) TimerEvent: {}
[2.066643] (my_interfaces) StdoutLine: {'line': b'-- Found ament_lint_auto: 0.12.14 (/opt/ros/humble/share/ament_lint_auto/cmake)\n'}
[2.083964] (my_interfaces) StdoutLine: {'line': b"-- Added test 'lint_cmake' to check CMake code style\n"}
[2.085039] (my_interfaces) StdoutLine: {'line': b"-- Added test 'xmllint' to check XML markup files\n"}
[2.087256] (my_interfaces) StdoutLine: {'line': b'-- Configuring done\n'}
[2.105122] (-) TimerEvent: {}
[2.122636] (my_interfaces) StdoutLine: {'line': b'-- Generating done\n'}
[2.133276] (my_interfaces) StdoutLine: {'line': b'-- Build files have been written to: /home/alex/Diplomatiki/build/my_interfaces\n'}
[2.140552] (my_interfaces) CommandEnded: {'returncode': 0}
[2.141397] (my_interfaces) JobProgress: {'identifier': 'my_interfaces', 'progress': 'build'}
[2.142025] (my_interfaces) Command: {'cmd': ['/usr/bin/cmake', '--build', '/home/alex/Diplomatiki/build/my_interfaces', '--', '-j6', '-l6'], 'cwd': '/home/alex/Diplomatiki/build/my_interfaces', 'env': OrderedDict([('LESSOPEN', '| /usr/bin/lesspipe %s'), ('PYTHONWARNINGS', 'ignore::UserWarning:google.protobuf'), ('USER', 'alex'), ('LC_TIME', 'el_GR.UTF-8'), ('XDG_SESSION_TYPE', 'x11'), ('SHLVL', '2'), ('LD_LIBRARY_PATH', '/opt/ros/humble/opt/rviz_ogre_vendor/lib:/opt/ros/humble/lib/x86_64-linux-gnu:/opt/ros/humble/lib'), ('HOME', '/home/alex'), ('OLDPWD', '/home/alex/backupDiplomatiki'), ('DESKTOP_SESSION', 'ubuntu'), ('ROS_PYTHON_VERSION', '3'), ('GNOME_SHELL_SESSION_MODE', 'ubuntu'), ('GTK_MODULES', 'gail:atk-bridge'), ('LC_MONETARY', 'el_GR.UTF-8'), ('MANAGERPID', '1488'), ('SYSTEMD_EXEC_PID', '1943'), ('DBUS_SESSION_BUS_ADDRESS', 'unix:path=/run/user/1000/bus'), ('COLORTERM', 'truecolor'), ('GIO_LAUNCHED_DESKTOP_FILE_PID', '6261'), ('ROS_DISTRO', 'humble'), ('GTK_IM_MODULE', 'ibus'), ('LOGNAME', 'alex'), ('_', '/usr/bin/colcon'), ('JOURNAL_STREAM', '8:13093'), ('ROS_VERSION', '2'), ('XDG_SESSION_CLASS', 'user'), ('USERNAME', 'alex'), ('TERM', 'xterm-256color'), ('GNOME_DESKTOP_SESSION_ID', 'this-is-deprecated'), ('ROS_LOCALHOST_ONLY', '0'), ('WINDOWPATH', '2'), ('PATH', '/opt/ros/humble/bin:/home/alex/.local/bin:/usr/local/sbin:/usr/local/bin:/usr/sbin:/usr/bin:/sbin:/bin:/usr/games:/usr/local/games:/snap/bin:/snap/bin'), ('SESSION_MANAGER', 'local/alexlinux:@/tmp/.ICE-unix/1722,unix/alexlinux:/tmp/.ICE-unix/1722'), ('INVOCATION_ID', '0a29c4dbad4e41ccb37a37f5d7ab25bd'), ('PAPERSIZE', 'a4'), ('XDG_MENU_PREFIX', 'gnome-'), ('LC_ADDRESS', 'el_GR.UTF-8'), ('XDG_RUNTIME_DIR', '/run/user/1000'), ('DISPLAY', ':1'), ('LANG', 'en_US.UTF-8'), ('XDG_CURRENT_DESKTOP', 'ubuntu:GNOME'), ('LC_TELEPHONE', 'el_GR.UTF-8'), ('TILIX_ID', '753cd72e-c15a-4f4f-b541-875373d07348'), ('XMODIFIERS', '@im=ibus'), ('XDG_SESSION_DESKTOP', 'ubuntu'), ('XAUTHORITY', '/run/user/1000/gdm/Xauthority'), ('LS_COLORS', 'rs=0:di=01;34:ln=01;36:mh=00:pi=40;33:so=01;35:do=01;35:bd=40;33;01:cd=40;33;01:or=40;31;01:mi=00:su=37;41:sg=30;43:ca=30;41:tw=30;42:ow=34;42:st=37;44:ex=01;32:*.tar=01;31:*.tgz=01;31:*.arc=01;31:*.arj=01;31:*.taz=01;31:*.lha=01;31:*.lz4=01;31:*.lzh=01;31:*.lzma=01;31:*.tlz=01;31:*.txz=01;31:*.tzo=01;31:*.t7z=01;31:*.zip=01;31:*.z=01;31:*.dz=01;31:*.gz=01;31:*.lrz=01;31:*.lz=01;31:*.lzo=01;31:*.xz=01;31:*.zst=01;31:*.tzst=01;31:*.bz2=01;31:*.bz=01;31:*.tbz=01;31:*.tbz2=01;31:*.tz=01;31:*.deb=01;31:*.rpm=01;31:*.jar=01;31:*.war=01;31:*.ear=01;31:*.sar=01;31:*.rar=01;31:*.alz=01;31:*.ace=01;31:*.zoo=01;31:*.cpio=01;31:*.7z=01;31:*.rz=01;31:*.cab=01;31:*.wim=01;31:*.swm=01;31:*.dwm=01;31:*.esd=01;31:*.jpg=01;35:*.jpeg=01;35:*.mjpg=01;35:*.mjpeg=01;35:*.gif=01;35:*.bmp=01;35:*.pbm=01;35:*.pgm=01;35:*.ppm=01;35:*.tga=01;35:*.xbm=01;35:*.xpm=01;35:*.tif=01;35:*.tiff=01;35:*.png=01;35:*.svg=01;35:*.svgz=01;35:*.mng=01;35:*.pcx=01;35:*.mov=01;35:*.mpg=01;35:*.mpeg=01;35:*.m2v=01;35:*.mkv=01;35:*.webm=01;35:*.webp=01;35:*.ogm=01;35:*.mp4=01;35:*.m4v=01;35:*.mp4v=01;35:*.vob=01;35:*.qt=01;35:*.nuv=01;35:*.wmv=01;35:*.asf=01;35:*.rm=01;35:*.rmvb=01;35:*.flc=01;35:*.avi=01;35:*.fli=01;35:*.flv=01;35:*.gl=01;35:*.dl=01;35:*.xcf=01;35:*.xwd=01;35:*.yuv=01;35:*.cgm=01;35:*.emf=01;35:*.ogv=01;35:*.ogx=01;35:*.aac=00;36:*.au=00;36:*.flac=00;36:*.m4a=00;36:*.mid=00;36:*.midi=00;36:*.mka=00;36:*.mp3=00;36:*.mpc=00;36:*.ogg=00;36:*.ra=00;36:*.wav=00;36:*.oga=00;36:*.opus=00;36:*.spx=00;36:*.xspf=00;36:'), ('SSH_AGENT_LAUNCHER', 'gnome-keyring'), ('SSH_AUTH_SOCK', '/run/user/1000/keyring/ssh'), ('AMENT_PREFIX_PATH', '/opt/ros/humble'), ('SHELL', '/bin/bash'), ('LC_NAME', 'el_GR.UTF-8'), ('QT_ACCESSIBILITY', '1'), ('GDMSESSION', 'ubuntu'), ('LESSCLOSE', '/usr/bin/lesspipe %s %s'), ('LC_MEASUREMENT', 'el_GR.UTF-8'), ('GPG_AGENT_INFO', '/run/user/1000/gnupg/S.gpg-agent:0:1'), ('LC_IDENTIFICATION', 'el_GR.UTF-8'), ('QT_IM_MODULE', 'ibus'), ('PWD', '/home/alex/Diplomatiki/build/my_interfaces'), ('XDG_CONFIG_DIRS', '/etc/xdg/xdg-ubuntu:/etc/xdg'), ('XDG_DATA_DIRS', '/usr/share/ubuntu:/usr/share/gnome:/usr/local/share/:/usr/share/:/var/lib/snapd/desktop'), ('PYTHONPATH', '/opt/ros/humble/lib/python3.10/site-packages:/opt/ros/humble/local/lib/python3.10/dist-packages'), ('LC_NUMERIC', 'el_GR.UTF-8'), ('LC_PAPER', 'el_GR.UTF-8'), ('COLCON', '1'), ('VTE_VERSION', '6800'), ('CMAKE_PREFIX_PATH', '/opt/ros/humble')]), 'shell': False}
[2.179796] (my_interfaces) StdoutLine: {'line': b'[  1%] \x1b[34m\x1b[1mGenerating C code for ROS interfaces\x1b[0m\n'}
[2.187891] (my_interfaces) StdoutLine: {'line': b'[  2%] \x1b[34m\x1b[1mGenerating C++ code for ROS interfaces\x1b[0m\n'}
[2.194547] (my_interfaces) StdoutLine: {'line': b'[  2%] Built target ament_cmake_python_copy_my_interfaces\n'}
[2.205248] (-) TimerEvent: {}
[2.305567] (-) TimerEvent: {}
[2.373405] (my_interfaces) StdoutLine: {'line': b'running egg_info\n'}
[2.387041] (my_interfaces) StdoutLine: {'line': b'creating my_interfaces.egg-info\n'}
[2.387402] (my_interfaces) StdoutLine: {'line': b'writing my_interfaces.egg-info/PKG-INFO\n'}
[2.387685] (my_interfaces) StdoutLine: {'line': b'writing dependency_links to my_interfaces.egg-info/dependency_links.txt\n'}
[2.387944] (my_interfaces) StdoutLine: {'line': b'writing top-level names to my_interfaces.egg-info/top_level.txt\n'}
[2.388135] (my_interfaces) StdoutLine: {'line': b"writing manifest file 'my_interfaces.egg-info/SOURCES.txt'\n"}
[2.406999] (-) TimerEvent: {}
[2.431044] (my_interfaces) StdoutLine: {'line': b"reading manifest file 'my_interfaces.egg-info/SOURCES.txt'\n"}
[2.432852] (my_interfaces) StdoutLine: {'line': b"writing manifest file 'my_interfaces.egg-info/SOURCES.txt'\n"}
[2.471633] (my_interfaces) StdoutLine: {'line': b'[  2%] Built target ament_cmake_python_build_my_interfaces_egg\n'}
[2.507111] (-) TimerEvent: {}
[2.607462] (-) TimerEvent: {}
[2.707981] (-) TimerEvent: {}
[2.808470] (-) TimerEvent: {}
[2.908830] (-) TimerEvent: {}
[2.942469] (my_interfaces) StdoutLine: {'line': b'[  2%] Built target my_interfaces__cpp\n'}
[2.951829] (my_interfaces) StdoutLine: {'line': b'[  8%] \x1b[32mBuilding C object CMakeFiles/my_interfaces__rosidl_generator_c.dir/rosidl_generator_c/my_interfaces/msg/detail/ck_table__functions.c.o\x1b[0m\n'}
[2.952122] (my_interfaces) StdoutLine: {'line': b'[  8%] \x1b[34m\x1b[1mGenerating C++ introspection for ROS interfaces\x1b[0m\n'}
[2.952217] (my_interfaces) StdoutLine: {'line': b'[  8%] \x1b[32mBuilding C object CMakeFiles/my_interfaces__rosidl_generator_c.dir/rosidl_generator_c/my_interfaces/msg/detail/agent_data__functions.c.o\x1b[0m\n'}
[2.952895] (my_interfaces) StdoutLine: {'line': b'[  8%] \x1b[34m\x1b[1mGenerating C++ type support dispatch for ROS interfaces\x1b[0m\n'}
[2.953079] (my_interfaces) StdoutLine: {'line': b'[  9%] \x1b[34m\x1b[1mGenerating C++ type support for eProsima Fast-RTPS\x1b[0m\n'}
[2.955703] (my_interfaces) StdoutLine: {'line': b'[ 11%] \x1b[32mBuilding C object CMakeFiles/my_interfaces__rosidl_generator_c.dir/rosidl_generator_c/my_interfaces/msg/detail/single_obstacle__functions.c.o\x1b[0m\n'}
[3.008963] (-) TimerEvent: {}
[3.012985] (my_interfaces) StdoutLine: {'line': b'[ 14%] \x1b[32mBuilding C object CMakeFiles/my_interfaces__rosidl_generator_c.dir/rosidl_generator_c/my_interfaces/msg/detail/single_target_estimate__functions.c.o\x1b[0m\n'}
[3.013225] (my_interfaces) StdoutLine: {'line': b'[ 14%] \x1b[32mBuilding C object CMakeFiles/my_interfaces__rosidl_generator_c.dir/rosidl_generator_c/my_interfaces/msg/detail/multiple_obstacles__functions.c.o\x1b[0m\n'}
[3.014267] (my_interfaces) StdoutLine: {'line': b'[ 15%] \x1b[32mBuilding C object CMakeFiles/my_interfaces__rosidl_generator_c.dir/rosidl_generator_c/my_interfaces/msg/detail/multiple_target_estimates__functions.c.o\x1b[0m\n'}
[3.066626] (my_interfaces) StdoutLine: {'line': b'[ 16%] \x1b[32m\x1b[1mLinking C shared library libmy_interfaces__rosidl_generator_c.so\x1b[0m\n'}
[3.103877] (my_interfaces) StdoutLine: {'line': b'[ 16%] Built target my_interfaces__rosidl_generator_c\n'}
[3.109081] (-) TimerEvent: {}
[3.113368] (my_interfaces) StdoutLine: {'line': b'[ 18%] \x1b[34m\x1b[1mGenerating C type support for eProsima Fast-RTPS\x1b[0m\n'}
[3.114497] (my_interfaces) StdoutLine: {'line': b'[ 19%] \x1b[34m\x1b[1mGenerating C introspection for ROS interfaces\x1b[0m\n'}
[3.116539] (my_interfaces) StdoutLine: {'line': b'[ 21%] \x1b[34m\x1b[1mGenerating C type support dispatch for ROS interfaces\x1b[0m\n'}
[3.210244] (-) TimerEvent: {}
[3.310519] (-) TimerEvent: {}
[3.410801] (-) TimerEvent: {}
[3.511813] (-) TimerEvent: {}
[3.612113] (-) TimerEvent: {}
[3.644934] (my_interfaces) StdoutLine: {'line': b'[ 22%] \x1b[32mBuilding CXX object CMakeFiles/my_interfaces__rosidl_typesupport_cpp.dir/rosidl_typesupport_cpp/my_interfaces/msg/ck_table__type_support.cpp.o\x1b[0m\n'}
[3.712246] (-) TimerEvent: {}
[3.744740] (my_interfaces) StdoutLine: {'line': b'[ 23%] \x1b[32mBuilding CXX object CMakeFiles/my_interfaces__rosidl_typesupport_introspection_cpp.dir/rosidl_typesupport_introspection_cpp/my_interfaces/msg/detail/ck_table__type_support.cpp.o\x1b[0m\n'}
[3.812351] (-) TimerEvent: {}
[3.853100] (my_interfaces) StdoutLine: {'line': b'[ 25%] \x1b[32mBuilding CXX object CMakeFiles/my_interfaces__rosidl_typesupport_c.dir/rosidl_typesupport_c/my_interfaces/msg/ck_table__type_support.cpp.o\x1b[0m\n'}
[3.878515] (my_interfaces) StdoutLine: {'line': b'[ 26%] \x1b[32mBuilding CXX object CMakeFiles/my_interfaces__rosidl_typesupport_fastrtps_cpp.dir/rosidl_typesupport_fastrtps_cpp/my_interfaces/msg/detail/dds_fastrtps/ck_table__type_support.cpp.o\x1b[0m\n'}
[3.899161] (my_interfaces) StdoutLine: {'line': b'[ 28%] \x1b[32mBuilding CXX object CMakeFiles/my_interfaces__rosidl_typesupport_c.dir/rosidl_typesupport_c/my_interfaces/msg/agent_data__type_support.cpp.o\x1b[0m\n'}
[3.914282] (-) TimerEvent: {}
[3.921088] (my_interfaces) StdoutLine: {'line': b'[ 29%] \x1b[32mBuilding CXX object CMakeFiles/my_interfaces__rosidl_typesupport_cpp.dir/rosidl_typesupport_cpp/my_interfaces/msg/agent_data__type_support.cpp.o\x1b[0m\n'}
[3.930728] (my_interfaces) StdoutLine: {'line': b'[ 30%] \x1b[32mBuilding CXX object CMakeFiles/my_interfaces__rosidl_typesupport_c.dir/rosidl_typesupport_c/my_interfaces/msg/single_obstacle__type_support.cpp.o\x1b[0m\n'}
[3.961176] (my_interfaces) StdoutLine: {'line': b'[ 32%] \x1b[32mBuilding CXX object CMakeFiles/my_interfaces__rosidl_typesupport_c.dir/rosidl_typesupport_c/my_interfaces/msg/multiple_obstacles__type_support.cpp.o\x1b[0m\n'}
[3.973213] (my_interfaces) StdoutLine: {'line': b'[ 33%] \x1b[32mBuilding C object CMakeFiles/my_interfaces__rosidl_typesupport_introspection_c.dir/rosidl_typesupport_introspection_c/my_interfaces/msg/detail/ck_table__type_support.c.o\x1b[0m\n'}
[3.994923] (my_interfaces) StdoutLine: {'line': b'[ 35%] \x1b[32mBuilding CXX object CMakeFiles/my_interfaces__rosidl_typesupport_c.dir/rosidl_typesupport_c/my_interfaces/msg/single_target_estimate__type_support.cpp.o\x1b[0m\n'}
[4.014457] (-) TimerEvent: {}
[4.023294] (my_interfaces) StdoutLine: {'line': b'[ 38%] \x1b[32mBuilding C object CMakeFiles/my_interfaces__rosidl_typesupport_introspection_c.dir/rosidl_typesupport_introspection_c/my_interfaces/msg/detail/agent_data__type_support.c.o\x1b[0m\n'}
[4.023520] (my_interfaces) StdoutLine: {'line': b'[ 38%] \x1b[32mBuilding CXX object CMakeFiles/my_interfaces__rosidl_typesupport_fastrtps_c.dir/rosidl_typesupport_fastrtps_c/my_interfaces/msg/detail/ck_table__type_support_c.cpp.o\x1b[0m\n'}
[4.027124] (my_interfaces) StdoutLine: {'line': b'[ 39%] \x1b[32mBuilding CXX object CMakeFiles/my_interfaces__rosidl_typesupport_c.dir/rosidl_typesupport_c/my_interfaces/msg/multiple_target_estimates__type_support.cpp.o\x1b[0m\n'}
[4.060690] (my_interfaces) StdoutLine: {'line': b'[ 40%] \x1b[32m\x1b[1mLinking CXX shared library libmy_interfaces__rosidl_typesupport_c.so\x1b[0m\n'}
[4.071158] (my_interfaces) StdoutLine: {'line': b'[ 42%] \x1b[32mBuilding C object CMakeFiles/my_interfaces__rosidl_typesupport_introspection_c.dir/rosidl_typesupport_introspection_c/my_interfaces/msg/detail/single_obstacle__type_support.c.o\x1b[0m\n'}
[4.105352] (my_interfaces) StdoutLine: {'line': b'[ 42%] Built target my_interfaces__rosidl_typesupport_c\n'}
[4.110849] (my_interfaces) StdoutLine: {'line': b'[ 43%] \x1b[32mBuilding C object CMakeFiles/my_interfaces__rosidl_typesupport_introspection_c.dir/rosidl_typesupport_introspection_c/my_interfaces/msg/detail/multiple_obstacles__type_support.c.o\x1b[0m\n'}
[4.115702] (my_interfaces) StdoutLine: {'line': b'[ 45%] \x1b[32mBuilding CXX object CMakeFiles/my_interfaces__rosidl_typesupport_cpp.dir/rosidl_typesupport_cpp/my_interfaces/msg/single_obstacle__type_support.cpp.o\x1b[0m\n'}
[4.115909] (-) TimerEvent: {}
[4.147856] (my_interfaces) StdoutLine: {'line': b'[ 46%] \x1b[32mBuilding C object CMakeFiles/my_interfaces__rosidl_typesupport_introspection_c.dir/rosidl_typesupport_introspection_c/my_interfaces/msg/detail/single_target_estimate__type_support.c.o\x1b[0m\n'}
[4.162791] (my_interfaces) StdoutLine: {'line': b'[ 47%] \x1b[32mBuilding CXX object CMakeFiles/my_interfaces__rosidl_typesupport_introspection_cpp.dir/rosidl_typesupport_introspection_cpp/my_interfaces/msg/detail/agent_data__type_support.cpp.o\x1b[0m\n'}
[4.176548] (my_interfaces) StdoutLine: {'line': b'[ 49%] \x1b[32mBuilding C object CMakeFiles/my_interfaces__rosidl_typesupport_introspection_c.dir/rosidl_typesupport_introspection_c/my_interfaces/msg/detail/multiple_target_estimates__type_support.c.o\x1b[0m\n'}
[4.184939] (my_interfaces) StdoutLine: {'line': b'[ 50%] \x1b[32mBuilding CXX object CMakeFiles/my_interfaces__rosidl_typesupport_fastrtps_cpp.dir/rosidl_typesupport_fastrtps_cpp/my_interfaces/msg/detail/dds_fastrtps/agent_data__type_support.cpp.o\x1b[0m\n'}
[4.216057] (-) TimerEvent: {}
[4.216427] (my_interfaces) StdoutLine: {'line': b'[ 52%] \x1b[32m\x1b[1mLinking C shared library libmy_interfaces__rosidl_typesupport_introspection_c.so\x1b[0m\n'}
[4.249009] (my_interfaces) StdoutLine: {'line': b'[ 52%] Built target my_interfaces__rosidl_typesupport_introspection_c\n'}
[4.261275] (my_interfaces) StdoutLine: {'line': b'[ 53%] \x1b[32mBuilding CXX object CMakeFiles/my_interfaces__rosidl_typesupport_fastrtps_c.dir/rosidl_typesupport_fastrtps_c/my_interfaces/msg/detail/agent_data__type_support_c.cpp.o\x1b[0m\n'}
[4.316211] (-) TimerEvent: {}
[4.321171] (my_interfaces) StdoutLine: {'line': b'[ 54%] \x1b[32mBuilding CXX object CMakeFiles/my_interfaces__rosidl_typesupport_fastrtps_c.dir/rosidl_typesupport_fastrtps_c/my_interfaces/msg/detail/single_obstacle__type_support_c.cpp.o\x1b[0m\n'}
[4.374356] (my_interfaces) StdoutLine: {'line': b'[ 57%] \x1b[32mBuilding CXX object CMakeFiles/my_interfaces__rosidl_typesupport_cpp.dir/rosidl_typesupport_cpp/my_interfaces/msg/multiple_obstacles__type_support.cpp.o\x1b[0m\n'}
[4.374547] (my_interfaces) StdoutLine: {'line': b'[ 57%] \x1b[32mBuilding CXX object CMakeFiles/my_interfaces__rosidl_typesupport_cpp.dir/rosidl_typesupport_cpp/my_interfaces/msg/single_target_estimate__type_support.cpp.o\x1b[0m\n'}
[4.416279] (-) TimerEvent: {}
[4.517983] (-) TimerEvent: {}
[4.618435] (-) TimerEvent: {}
[4.619364] (my_interfaces) StdoutLine: {'line': b'[ 60%] \x1b[32mBuilding CXX object CMakeFiles/my_interfaces__rosidl_typesupport_cpp.dir/rosidl_typesupport_cpp/my_interfaces/msg/multiple_target_estimates__type_support.cpp.o\x1b[0m\n'}
[4.619610] (my_interfaces) StdoutLine: {'line': b'[ 60%] \x1b[32mBuilding CXX object CMakeFiles/my_interfaces__rosidl_typesupport_introspection_cpp.dir/rosidl_typesupport_introspection_cpp/my_interfaces/msg/detail/single_obstacle__type_support.cpp.o\x1b[0m\n'}
[4.623413] (my_interfaces) StdoutLine: {'line': b'[ 61%] \x1b[32mBuilding CXX object CMakeFiles/my_interfaces__rosidl_typesupport_introspection_cpp.dir/rosidl_typesupport_introspection_cpp/my_interfaces/msg/detail/multiple_obstacles__type_support.cpp.o\x1b[0m\n'}
[4.638769] (my_interfaces) StdoutLine: {'line': b'[ 63%] \x1b[32mBuilding CXX object CMakeFiles/my_interfaces__rosidl_typesupport_fastrtps_c.dir/rosidl_typesupport_fastrtps_c/my_interfaces/msg/detail/multiple_obstacles__type_support_c.cpp.o\x1b[0m\n'}
[4.655271] (my_interfaces) StdoutLine: {'line': b'[ 64%] \x1b[32mBuilding CXX object CMakeFiles/my_interfaces__rosidl_typesupport_introspection_cpp.dir/rosidl_typesupport_introspection_cpp/my_interfaces/msg/detail/single_target_estimate__type_support.cpp.o\x1b[0m\n'}
[4.677797] (my_interfaces) StdoutLine: {'line': b'[ 66%] \x1b[32mBuilding CXX object CMakeFiles/my_interfaces__rosidl_typesupport_fastrtps_cpp.dir/rosidl_typesupport_fastrtps_cpp/my_interfaces/msg/detail/dds_fastrtps/single_obstacle__type_support.cpp.o\x1b[0m\n'}
[4.718572] (-) TimerEvent: {}
[4.822286] (-) TimerEvent: {}
[4.895531] (my_interfaces) StdoutLine: {'line': b'[ 67%] \x1b[32m\x1b[1mLinking CXX shared library libmy_interfaces__rosidl_typesupport_cpp.so\x1b[0m\n'}
[4.922406] (-) TimerEvent: {}
[4.947367] (my_interfaces) StdoutLine: {'line': b'[ 69%] \x1b[32mBuilding CXX object CMakeFiles/my_interfaces__rosidl_typesupport_fastrtps_c.dir/rosidl_typesupport_fastrtps_c/my_interfaces/msg/detail/single_target_estimate__type_support_c.cpp.o\x1b[0m\n'}
[4.949590] (my_interfaces) StdoutLine: {'line': b'[ 69%] Built target my_interfaces__rosidl_typesupport_cpp\n'}
[4.958261] (my_interfaces) StdoutLine: {'line': b'[ 70%] \x1b[32mBuilding CXX object CMakeFiles/my_interfaces__rosidl_typesupport_fastrtps_cpp.dir/rosidl_typesupport_fastrtps_cpp/my_interfaces/msg/detail/dds_fastrtps/multiple_obstacles__type_support.cpp.o\x1b[0m\n'}
[5.016354] (my_interfaces) StdoutLine: {'line': b'[ 71%] \x1b[32mBuilding CXX object CMakeFiles/my_interfaces__rosidl_typesupport_fastrtps_c.dir/rosidl_typesupport_fastrtps_c/my_interfaces/msg/detail/multiple_target_estimates__type_support_c.cpp.o\x1b[0m\n'}
[5.022532] (-) TimerEvent: {}
[5.035892] (my_interfaces) StdoutLine: {'line': b'[ 73%] \x1b[32mBuilding CXX object CMakeFiles/my_interfaces__rosidl_typesupport_fastrtps_cpp.dir/rosidl_typesupport_fastrtps_cpp/my_interfaces/msg/detail/dds_fastrtps/single_target_estimate__type_support.cpp.o\x1b[0m\n'}
[5.108336] (my_interfaces) StdoutLine: {'line': b'[ 74%] \x1b[32mBuilding CXX object CMakeFiles/my_interfaces__rosidl_typesupport_introspection_cpp.dir/rosidl_typesupport_introspection_cpp/my_interfaces/msg/detail/multiple_target_estimates__type_support.cpp.o\x1b[0m\n'}
[5.110459] (my_interfaces) StdoutLine: {'line': b'[ 76%] \x1b[32mBuilding CXX object CMakeFiles/my_interfaces__rosidl_typesupport_fastrtps_cpp.dir/rosidl_typesupport_fastrtps_cpp/my_interfaces/msg/detail/dds_fastrtps/multiple_target_estimates__type_support.cpp.o\x1b[0m\n'}
[5.124871] (-) TimerEvent: {}
[5.225288] (-) TimerEvent: {}
[5.325631] (-) TimerEvent: {}
[5.358268] (my_interfaces) StdoutLine: {'line': b'[ 77%] \x1b[32m\x1b[1mLinking CXX shared library libmy_interfaces__rosidl_typesupport_fastrtps_c.so\x1b[0m\n'}
[5.425747] (-) TimerEvent: {}
[5.458820] (my_interfaces) StdoutLine: {'line': b'[ 77%] Built target my_interfaces__rosidl_typesupport_fastrtps_c\n'}
[5.503609] (my_interfaces) StdoutLine: {'line': b'[ 78%] \x1b[32m\x1b[1mLinking CXX shared library libmy_interfaces__rosidl_typesupport_introspection_cpp.so\x1b[0m\n'}
[5.517391] (my_interfaces) StdoutLine: {'line': b'[ 80%] \x1b[32m\x1b[1mLinking CXX shared library libmy_interfaces__rosidl_typesupport_fastrtps_cpp.so\x1b[0m\n'}
[5.525872] (-) TimerEvent: {}
[5.597280] (my_interfaces) StdoutLine: {'line': b'[ 80%] Built target my_interfaces__rosidl_typesupport_introspection_cpp\n'}
[5.611018] (my_interfaces) StdoutLine: {'line': b'[ 80%] Built target my_interfaces__rosidl_typesupport_fastrtps_cpp\n'}
[5.626007] (-) TimerEvent: {}
[5.628297] (my_interfaces) StdoutLine: {'line': b'[ 80%] Built target my_interfaces\n'}
[5.649391] (my_interfaces) StdoutLine: {'line': b'[ 81%] \x1b[34m\x1b[1mGenerating Python code for ROS interfaces\x1b[0m\n'}
[5.726138] (-) TimerEvent: {}
[5.826582] (-) TimerEvent: {}
[5.926960] (-) TimerEvent: {}
[6.027271] (-) TimerEvent: {}
[6.127617] (-) TimerEvent: {}
[6.228043] (-) TimerEvent: {}
[6.328490] (-) TimerEvent: {}
[6.428901] (-) TimerEvent: {}
[6.529289] (-) TimerEvent: {}
[6.629686] (-) TimerEvent: {}
[6.730111] (-) TimerEvent: {}
[6.813568] (my_interfaces) StdoutLine: {'line': b'[ 81%] Built target my_interfaces__py\n'}
[6.830278] (-) TimerEvent: {}
[6.832627] (my_interfaces) StdoutLine: {'line': b'[ 83%] \x1b[32mBuilding C object CMakeFiles/my_interfaces__rosidl_generator_py.dir/rosidl_generator_py/my_interfaces/msg/_agent_data_s.c.o\x1b[0m\n'}
[6.832811] (my_interfaces) StdoutLine: {'line': b'[ 85%] \x1b[32mBuilding C object CMakeFiles/my_interfaces__rosidl_generator_py.dir/rosidl_generator_py/my_interfaces/msg/_single_target_estimate_s.c.o\x1b[0m\n'}
[6.833373] (my_interfaces) StdoutLine: {'line': b'[ 85%] \x1b[32mBuilding C object CMakeFiles/my_interfaces__rosidl_generator_py.dir/rosidl_generator_py/my_interfaces/msg/_ck_table_s.c.o\x1b[0m\n'}
[6.833575] (my_interfaces) StdoutLine: {'line': b'[ 87%] \x1b[32mBuilding C object CMakeFiles/my_interfaces__rosidl_generator_py.dir/rosidl_generator_py/my_interfaces/msg/_single_obstacle_s.c.o\x1b[0m\n'}
[6.834300] (my_interfaces) StdoutLine: {'line': b'[ 88%] \x1b[32mBuilding C object CMakeFiles/my_interfaces__rosidl_generator_py.dir/rosidl_generator_py/my_interfaces/msg/_multiple_target_estimates_s.c.o\x1b[0m\n'}
[6.835589] (my_interfaces) StdoutLine: {'line': b'[ 90%] \x1b[32mBuilding C object CMakeFiles/my_interfaces__rosidl_generator_py.dir/rosidl_generator_py/my_interfaces/msg/_multiple_obstacles_s.c.o\x1b[0m\n'}
[6.932281] (-) TimerEvent: {}
[6.964619] (my_interfaces) StdoutLine: {'line': b'[ 91%] \x1b[32m\x1b[1mLinking C shared library rosidl_generator_py/my_interfaces/libmy_interfaces__rosidl_generator_py.so\x1b[0m\n'}
[7.006880] (my_interfaces) StdoutLine: {'line': b'[ 91%] Built target my_interfaces__rosidl_generator_py\n'}
[7.023727] (my_interfaces) StdoutLine: {'line': b'[ 95%] \x1b[32mBuilding C object CMakeFiles/my_interfaces__rosidl_typesupport_c__pyext.dir/rosidl_generator_py/my_interfaces/_my_interfaces_s.ep.rosidl_typesupport_c.c.o\x1b[0m\n'}
[7.023918] (my_interfaces) StdoutLine: {'line': b'[ 95%] \x1b[32mBuilding C object CMakeFiles/my_interfaces__rosidl_typesupport_introspection_c__pyext.dir/rosidl_generator_py/my_interfaces/_my_interfaces_s.ep.rosidl_typesupport_introspection_c.c.o\x1b[0m\n'}
[7.024028] (my_interfaces) StdoutLine: {'line': b'[ 95%] \x1b[32mBuilding C object CMakeFiles/my_interfaces__rosidl_typesupport_fastrtps_c__pyext.dir/rosidl_generator_py/my_interfaces/_my_interfaces_s.ep.rosidl_typesupport_fastrtps_c.c.o\x1b[0m\n'}
[7.032385] (-) TimerEvent: {}
[7.121227] (my_interfaces) StdoutLine: {'line': b'[ 98%] \x1b[32m\x1b[1mLinking C shared library rosidl_generator_py/my_interfaces/my_interfaces_s__rosidl_typesupport_fastrtps_c.cpython-310-x86_64-linux-gnu.so\x1b[0m\n'}
[7.121393] (my_interfaces) StdoutLine: {'line': b'[ 98%] \x1b[32m\x1b[1mLinking C shared library rosidl_generator_py/my_interfaces/my_interfaces_s__rosidl_typesupport_introspection_c.cpython-310-x86_64-linux-gnu.so\x1b[0m\n'}
[7.122114] (my_interfaces) StdoutLine: {'line': b'[100%] \x1b[32m\x1b[1mLinking C shared library rosidl_generator_py/my_interfaces/my_interfaces_s__rosidl_typesupport_c.cpython-310-x86_64-linux-gnu.so\x1b[0m\n'}
[7.132504] (-) TimerEvent: {}
[7.155136] (my_interfaces) StdoutLine: {'line': b'[100%] Built target my_interfaces__rosidl_typesupport_c__pyext\n'}
[7.155401] (my_interfaces) StdoutLine: {'line': b'[100%] Built target my_interfaces__rosidl_typesupport_introspection_c__pyext\n'}
[7.156614] (my_interfaces) StdoutLine: {'line': b'[100%] Built target my_interfaces__rosidl_typesupport_fastrtps_c__pyext\n'}
[7.168424] (my_interfaces) CommandEnded: {'returncode': 0}
[7.169246] (my_interfaces) JobProgress: {'identifier': 'my_interfaces', 'progress': 'install'}
[7.176441] (my_interfaces) Command: {'cmd': ['/usr/bin/cmake', '--install', '/home/alex/Diplomatiki/build/my_interfaces'], 'cwd': '/home/alex/Diplomatiki/build/my_interfaces', 'env': OrderedDict([('LESSOPEN', '| /usr/bin/lesspipe %s'), ('PYTHONWARNINGS', 'ignore::UserWarning:google.protobuf'), ('USER', 'alex'), ('LC_TIME', 'el_GR.UTF-8'), ('XDG_SESSION_TYPE', 'x11'), ('SHLVL', '2'), ('LD_LIBRARY_PATH', '/opt/ros/humble/opt/rviz_ogre_vendor/lib:/opt/ros/humble/lib/x86_64-linux-gnu:/opt/ros/humble/lib'), ('HOME', '/home/alex'), ('OLDPWD', '/home/alex/backupDiplomatiki'), ('DESKTOP_SESSION', 'ubuntu'), ('ROS_PYTHON_VERSION', '3'), ('GNOME_SHELL_SESSION_MODE', 'ubuntu'), ('GTK_MODULES', 'gail:atk-bridge'), ('LC_MONETARY', 'el_GR.UTF-8'), ('MANAGERPID', '1488'), ('SYSTEMD_EXEC_PID', '1943'), ('DBUS_SESSION_BUS_ADDRESS', 'unix:path=/run/user/1000/bus'), ('COLORTERM', 'truecolor'), ('GIO_LAUNCHED_DESKTOP_FILE_PID', '6261'), ('ROS_DISTRO', 'humble'), ('GTK_IM_MODULE', 'ibus'), ('LOGNAME', 'alex'), ('_', '/usr/bin/colcon'), ('JOURNAL_STREAM', '8:13093'), ('ROS_VERSION', '2'), ('XDG_SESSION_CLASS', 'user'), ('USERNAME', 'alex'), ('TERM', 'xterm-256color'), ('GNOME_DESKTOP_SESSION_ID', 'this-is-deprecated'), ('ROS_LOCALHOST_ONLY', '0'), ('WINDOWPATH', '2'), ('PATH', '/opt/ros/humble/bin:/home/alex/.local/bin:/usr/local/sbin:/usr/local/bin:/usr/sbin:/usr/bin:/sbin:/bin:/usr/games:/usr/local/games:/snap/bin:/snap/bin'), ('SESSION_MANAGER', 'local/alexlinux:@/tmp/.ICE-unix/1722,unix/alexlinux:/tmp/.ICE-unix/1722'), ('INVOCATION_ID', '0a29c4dbad4e41ccb37a37f5d7ab25bd'), ('PAPERSIZE', 'a4'), ('XDG_MENU_PREFIX', 'gnome-'), ('LC_ADDRESS', 'el_GR.UTF-8'), ('XDG_RUNTIME_DIR', '/run/user/1000'), ('DISPLAY', ':1'), ('LANG', 'en_US.UTF-8'), ('XDG_CURRENT_DESKTOP', 'ubuntu:GNOME'), ('LC_TELEPHONE', 'el_GR.UTF-8'), ('TILIX_ID', '753cd72e-c15a-4f4f-b541-875373d07348'), ('XMODIFIERS', '@im=ibus'), ('XDG_SESSION_DESKTOP', 'ubuntu'), ('XAUTHORITY', '/run/user/1000/gdm/Xauthority'), ('LS_COLORS', 'rs=0:di=01;34:ln=01;36:mh=00:pi=40;33:so=01;35:do=01;35:bd=40;33;01:cd=40;33;01:or=40;31;01:mi=00:su=37;41:sg=30;43:ca=30;41:tw=30;42:ow=34;42:st=37;44:ex=01;32:*.tar=01;31:*.tgz=01;31:*.arc=01;31:*.arj=01;31:*.taz=01;31:*.lha=01;31:*.lz4=01;31:*.lzh=01;31:*.lzma=01;31:*.tlz=01;31:*.txz=01;31:*.tzo=01;31:*.t7z=01;31:*.zip=01;31:*.z=01;31:*.dz=01;31:*.gz=01;31:*.lrz=01;31:*.lz=01;31:*.lzo=01;31:*.xz=01;31:*.zst=01;31:*.tzst=01;31:*.bz2=01;31:*.bz=01;31:*.tbz=01;31:*.tbz2=01;31:*.tz=01;31:*.deb=01;31:*.rpm=01;31:*.jar=01;31:*.war=01;31:*.ear=01;31:*.sar=01;31:*.rar=01;31:*.alz=01;31:*.ace=01;31:*.zoo=01;31:*.cpio=01;31:*.7z=01;31:*.rz=01;31:*.cab=01;31:*.wim=01;31:*.swm=01;31:*.dwm=01;31:*.esd=01;31:*.jpg=01;35:*.jpeg=01;35:*.mjpg=01;35:*.mjpeg=01;35:*.gif=01;35:*.bmp=01;35:*.pbm=01;35:*.pgm=01;35:*.ppm=01;35:*.tga=01;35:*.xbm=01;35:*.xpm=01;35:*.tif=01;35:*.tiff=01;35:*.png=01;35:*.svg=01;35:*.svgz=01;35:*.mng=01;35:*.pcx=01;35:*.mov=01;35:*.mpg=01;35:*.mpeg=01;35:*.m2v=01;35:*.mkv=01;35:*.webm=01;35:*.webp=01;35:*.ogm=01;35:*.mp4=01;35:*.m4v=01;35:*.mp4v=01;35:*.vob=01;35:*.qt=01;35:*.nuv=01;35:*.wmv=01;35:*.asf=01;35:*.rm=01;35:*.rmvb=01;35:*.flc=01;35:*.avi=01;35:*.fli=01;35:*.flv=01;35:*.gl=01;35:*.dl=01;35:*.xcf=01;35:*.xwd=01;35:*.yuv=01;35:*.cgm=01;35:*.emf=01;35:*.ogv=01;35:*.ogx=01;35:*.aac=00;36:*.au=00;36:*.flac=00;36:*.m4a=00;36:*.mid=00;36:*.midi=00;36:*.mka=00;36:*.mp3=00;36:*.mpc=00;36:*.ogg=00;36:*.ra=00;36:*.wav=00;36:*.oga=00;36:*.opus=00;36:*.spx=00;36:*.xspf=00;36:'), ('SSH_AGENT_LAUNCHER', 'gnome-keyring'), ('SSH_AUTH_SOCK', '/run/user/1000/keyring/ssh'), ('AMENT_PREFIX_PATH', '/opt/ros/humble'), ('SHELL', '/bin/bash'), ('LC_NAME', 'el_GR.UTF-8'), ('QT_ACCESSIBILITY', '1'), ('GDMSESSION', 'ubuntu'), ('LESSCLOSE', '/usr/bin/lesspipe %s %s'), ('LC_MEASUREMENT', 'el_GR.UTF-8'), ('GPG_AGENT_INFO', '/run/user/1000/gnupg/S.gpg-agent:0:1'), ('LC_IDENTIFICATION', 'el_GR.UTF-8'), ('QT_IM_MODULE', 'ibus'), ('PWD', '/home/alex/Diplomatiki/build/my_interfaces'), ('XDG_CONFIG_DIRS', '/etc/xdg/xdg-ubuntu:/etc/xdg'), ('XDG_DATA_DIRS', '/usr/share/ubuntu:/usr/share/gnome:/usr/local/share/:/usr/share/:/var/lib/snapd/desktop'), ('PYTHONPATH', '/opt/ros/humble/lib/python3.10/site-packages:/opt/ros/humble/local/lib/python3.10/dist-packages'), ('LC_NUMERIC', 'el_GR.UTF-8'), ('LC_PAPER', 'el_GR.UTF-8'), ('COLCON', '1'), ('VTE_VERSION', '6800'), ('CMAKE_PREFIX_PATH', '/opt/ros/humble')]), 'shell': False}
[7.182751] (my_interfaces) StdoutLine: {'line': b'-- Install configuration: ""\n'}
[7.182954] (my_interfaces) StdoutLine: {'line': b'-- Installing: /home/alex/Diplomatiki/install/my_interfaces/share/ament_index/resource_index/rosidl_interfaces/my_interfaces\n'}
[7.183153] (my_interfaces) StdoutLine: {'line': b'-- Installing: /home/alex/Diplomatiki/install/my_interfaces/include/my_interfaces/my_interfaces\n'}
[7.183325] (my_interfaces) StdoutLine: {'line': b'-- Installing: /home/alex/Diplomatiki/install/my_interfaces/include/my_interfaces/my_interfaces/msg\n'}
[7.183621] (my_interfaces) StdoutLine: {'line': b'-- Installing: /home/alex/Diplomatiki/install/my_interfaces/include/my_interfaces/my_interfaces/msg/agent_data.h\n'}
[7.183819] (my_interfaces) StdoutLine: {'line': b'-- Installing: /home/alex/Diplomatiki/install/my_interfaces/include/my_interfaces/my_interfaces/msg/multiple_obstacles.h\n'}
[7.183963] (my_interfaces) StdoutLine: {'line': b'-- Installing: /home/alex/Diplomatiki/install/my_interfaces/include/my_interfaces/my_interfaces/msg/rosidl_generator_c__visibility_control.h\n'}
[7.184096] (my_interfaces) StdoutLine: {'line': b'-- Installing: /home/alex/Diplomatiki/install/my_interfaces/include/my_interfaces/my_interfaces/msg/multiple_target_estimates.h\n'}
[7.184270] (my_interfaces) StdoutLine: {'line': b'-- Installing: /home/alex/Diplomatiki/install/my_interfaces/include/my_interfaces/my_interfaces/msg/detail\n'}
[7.184381] (my_interfaces) StdoutLine: {'line': b'-- Installing: /home/alex/Diplomatiki/install/my_interfaces/include/my_interfaces/my_interfaces/msg/detail/single_target_estimate__type_support.h\n'}
[7.184480] (my_interfaces) StdoutLine: {'line': b'-- Installing: /home/alex/Diplomatiki/install/my_interfaces/include/my_interfaces/my_interfaces/msg/detail/single_obstacle__type_support.h\n'}
[7.184579] (my_interfaces) StdoutLine: {'line': b'-- Installing: /home/alex/Diplomatiki/install/my_interfaces/include/my_interfaces/my_interfaces/msg/detail/single_target_estimate__struct.h\n'}
[7.184677] (my_interfaces) StdoutLine: {'line': b'-- Installing: /home/alex/Diplomatiki/install/my_interfaces/include/my_interfaces/my_interfaces/msg/detail/agent_data__functions.h\n'}
[7.184774] (my_interfaces) StdoutLine: {'line': b'-- Installing: /home/alex/Diplomatiki/install/my_interfaces/include/my_interfaces/my_interfaces/msg/detail/multiple_target_estimates__type_support.h\n'}
[7.184931] (my_interfaces) StdoutLine: {'line': b'-- Installing: /home/alex/Diplomatiki/install/my_interfaces/include/my_interfaces/my_interfaces/msg/detail/multiple_obstacles__functions.c\n'}
[7.185062] (my_interfaces) StdoutLine: {'line': b'-- Installing: /home/alex/Diplomatiki/install/my_interfaces/include/my_interfaces/my_interfaces/msg/detail/single_target_estimate__functions.h\n'}
[7.185165] (my_interfaces) StdoutLine: {'line': b'-- Installing: /home/alex/Diplomatiki/install/my_interfaces/include/my_interfaces/my_interfaces/msg/detail/ck_table__struct.h\n'}
[7.185286] (my_interfaces) StdoutLine: {'line': b'-- Installing: /home/alex/Diplomatiki/install/my_interfaces/include/my_interfaces/my_interfaces/msg/detail/agent_data__type_support.h\n'}
[7.185387] (my_interfaces) StdoutLine: {'line': b'-- Installing: /home/alex/Diplomatiki/install/my_interfaces/include/my_interfaces/my_interfaces/msg/detail/single_obstacle__functions.h\n'}
[7.185486] (my_interfaces) StdoutLine: {'line': b'-- Installing: /home/alex/Diplomatiki/install/my_interfaces/include/my_interfaces/my_interfaces/msg/detail/single_obstacle__struct.h\n'}
[7.185585] (my_interfaces) StdoutLine: {'line': b'-- Installing: /home/alex/Diplomatiki/install/my_interfaces/include/my_interfaces/my_interfaces/msg/detail/agent_data__struct.h\n'}
[7.185684] (my_interfaces) StdoutLine: {'line': b'-- Installing: /home/alex/Diplomatiki/install/my_interfaces/include/my_interfaces/my_interfaces/msg/detail/agent_data__functions.c\n'}
[7.185782] (my_interfaces) StdoutLine: {'line': b'-- Installing: /home/alex/Diplomatiki/install/my_interfaces/include/my_interfaces/my_interfaces/msg/detail/multiple_obstacles__struct.h\n'}
[7.185880] (my_interfaces) StdoutLine: {'line': b'-- Installing: /home/alex/Diplomatiki/install/my_interfaces/include/my_interfaces/my_interfaces/msg/detail/ck_table__functions.c\n'}
[7.185978] (my_interfaces) StdoutLine: {'line': b'-- Installing: /home/alex/Diplomatiki/install/my_interfaces/include/my_interfaces/my_interfaces/msg/detail/single_obstacle__functions.c\n'}
[7.186077] (my_interfaces) StdoutLine: {'line': b'-- Installing: /home/alex/Diplomatiki/install/my_interfaces/include/my_interfaces/my_interfaces/msg/detail/single_target_estimate__functions.c\n'}
[7.186177] (my_interfaces) StdoutLine: {'line': b'-- Installing: /home/alex/Diplomatiki/install/my_interfaces/include/my_interfaces/my_interfaces/msg/detail/multiple_obstacles__type_support.h\n'}
[7.186305] (my_interfaces) StdoutLine: {'line': b'-- Installing: /home/alex/Diplomatiki/install/my_interfaces/include/my_interfaces/my_interfaces/msg/detail/multiple_target_estimates__functions.h\n'}
[7.186406] (my_interfaces) StdoutLine: {'line': b'-- Installing: /home/alex/Diplomatiki/install/my_interfaces/include/my_interfaces/my_interfaces/msg/detail/ck_table__functions.h\n'}
[7.186505] (my_interfaces) StdoutLine: {'line': b'-- Installing: /home/alex/Diplomatiki/install/my_interfaces/include/my_interfaces/my_interfaces/msg/detail/multiple_target_estimates__functions.c\n'}
[7.186603] (my_interfaces) StdoutLine: {'line': b'-- Installing: /home/alex/Diplomatiki/install/my_interfaces/include/my_interfaces/my_interfaces/msg/detail/multiple_target_estimates__struct.h\n'}
[7.186700] (my_interfaces) StdoutLine: {'line': b'-- Installing: /home/alex/Diplomatiki/install/my_interfaces/include/my_interfaces/my_interfaces/msg/detail/multiple_obstacles__functions.h\n'}
[7.186800] (my_interfaces) StdoutLine: {'line': b'-- Installing: /home/alex/Diplomatiki/install/my_interfaces/include/my_interfaces/my_interfaces/msg/detail/ck_table__type_support.h\n'}
[7.186900] (my_interfaces) StdoutLine: {'line': b'-- Installing: /home/alex/Diplomatiki/install/my_interfaces/include/my_interfaces/my_interfaces/msg/single_target_estimate.h\n'}
[7.186999] (my_interfaces) StdoutLine: {'line': b'-- Installing: /home/alex/Diplomatiki/install/my_interfaces/include/my_interfaces/my_interfaces/msg/ck_table.h\n'}
[7.187097] (my_interfaces) StdoutLine: {'line': b'-- Installing: /home/alex/Diplomatiki/install/my_interfaces/include/my_interfaces/my_interfaces/msg/single_obstacle.h\n'}
[7.187254] (my_interfaces) StdoutLine: {'line': b'-- Installing: /home/alex/Diplomatiki/install/my_interfaces/share/my_interfaces/environment/library_path.sh\n'}
[7.187322] (my_interfaces) StdoutLine: {'line': b'-- Installing: /home/alex/Diplomatiki/install/my_interfaces/share/my_interfaces/environment/library_path.dsv\n'}
[7.187373] (my_interfaces) StdoutLine: {'line': b'-- Installing: /home/alex/Diplomatiki/install/my_interfaces/lib/libmy_interfaces__rosidl_generator_c.so\n'}
[7.187426] (my_interfaces) StdoutLine: {'line': b'-- Set runtime path of "/home/alex/Diplomatiki/install/my_interfaces/lib/libmy_interfaces__rosidl_generator_c.so" to ""\n'}
[7.187483] (my_interfaces) StdoutLine: {'line': b'-- Up-to-date: /home/alex/Diplomatiki/install/my_interfaces/include/my_interfaces/my_interfaces\n'}
[7.187530] (my_interfaces) StdoutLine: {'line': b'-- Up-to-date: /home/alex/Diplomatiki/install/my_interfaces/include/my_interfaces/my_interfaces/msg\n'}
[7.187583] (my_interfaces) StdoutLine: {'line': b'-- Installing: /home/alex/Diplomatiki/install/my_interfaces/include/my_interfaces/my_interfaces/msg/rosidl_typesupport_fastrtps_c__visibility_control.h\n'}
[7.187654] (my_interfaces) StdoutLine: {'line': b'-- Up-to-date: /home/alex/Diplomatiki/install/my_interfaces/include/my_interfaces/my_interfaces/msg/detail\n'}
[7.187710] (my_interfaces) StdoutLine: {'line': b'-- Installing: /home/alex/Diplomatiki/install/my_interfaces/include/my_interfaces/my_interfaces/msg/detail/single_obstacle__rosidl_typesupport_fastrtps_c.h\n'}
[7.187768] (my_interfaces) StdoutLine: {'line': b'-- Installing: /home/alex/Diplomatiki/install/my_interfaces/include/my_interfaces/my_interfaces/msg/detail/multiple_target_estimates__rosidl_typesupport_fastrtps_c.h\n'}
[7.187833] (my_interfaces) StdoutLine: {'line': b'-- Installing: /home/alex/Diplomatiki/install/my_interfaces/include/my_interfaces/my_interfaces/msg/detail/ck_table__rosidl_typesupport_fastrtps_c.h\n'}
[7.187881] (my_interfaces) StdoutLine: {'line': b'-- Installing: /home/alex/Diplomatiki/install/my_interfaces/include/my_interfaces/my_interfaces/msg/detail/multiple_obstacles__rosidl_typesupport_fastrtps_c.h\n'}
[7.187927] (my_interfaces) StdoutLine: {'line': b'-- Installing: /home/alex/Diplomatiki/install/my_interfaces/include/my_interfaces/my_interfaces/msg/detail/single_target_estimate__rosidl_typesupport_fastrtps_c.h\n'}
[7.187974] (my_interfaces) StdoutLine: {'line': b'-- Installing: /home/alex/Diplomatiki/install/my_interfaces/include/my_interfaces/my_interfaces/msg/detail/agent_data__rosidl_typesupport_fastrtps_c.h\n'}
[7.188020] (my_interfaces) StdoutLine: {'line': b'-- Installing: /home/alex/Diplomatiki/install/my_interfaces/lib/libmy_interfaces__rosidl_typesupport_fastrtps_c.so\n'}
[7.188067] (my_interfaces) StdoutLine: {'line': b'-- Set runtime path of "/home/alex/Diplomatiki/install/my_interfaces/lib/libmy_interfaces__rosidl_typesupport_fastrtps_c.so" to ""\n'}
[7.188118] (my_interfaces) StdoutLine: {'line': b'-- Up-to-date: /home/alex/Diplomatiki/install/my_interfaces/include/my_interfaces/my_interfaces\n'}
[7.188237] (my_interfaces) StdoutLine: {'line': b'-- Up-to-date: /home/alex/Diplomatiki/install/my_interfaces/include/my_interfaces/my_interfaces/msg\n'}
[7.188339] (my_interfaces) StdoutLine: {'line': b'-- Up-to-date: /home/alex/Diplomatiki/install/my_interfaces/include/my_interfaces/my_interfaces/msg/detail\n'}
[7.188436] (my_interfaces) StdoutLine: {'line': b'-- Installing: /home/alex/Diplomatiki/install/my_interfaces/include/my_interfaces/my_interfaces/msg/detail/multiple_obstacles__rosidl_typesupport_introspection_c.h\n'}
[7.188534] (my_interfaces) StdoutLine: {'line': b'-- Installing: /home/alex/Diplomatiki/install/my_interfaces/include/my_interfaces/my_interfaces/msg/detail/ck_table__rosidl_typesupport_introspection_c.h\n'}
[7.188638] (my_interfaces) StdoutLine: {'line': b'-- Installing: /home/alex/Diplomatiki/install/my_interfaces/include/my_interfaces/my_interfaces/msg/detail/multiple_target_estimates__rosidl_typesupport_introspection_c.h\n'}
[7.188739] (my_interfaces) StdoutLine: {'line': b'-- Installing: /home/alex/Diplomatiki/install/my_interfaces/include/my_interfaces/my_interfaces/msg/detail/agent_data__rosidl_typesupport_introspection_c.h\n'}
[7.188835] (my_interfaces) StdoutLine: {'line': b'-- Installing: /home/alex/Diplomatiki/install/my_interfaces/include/my_interfaces/my_interfaces/msg/detail/ck_table__type_support.c\n'}
[7.188932] (my_interfaces) StdoutLine: {'line': b'-- Installing: /home/alex/Diplomatiki/install/my_interfaces/include/my_interfaces/my_interfaces/msg/detail/single_obstacle__rosidl_typesupport_introspection_c.h\n'}
[7.189028] (my_interfaces) StdoutLine: {'line': b'-- Installing: /home/alex/Diplomatiki/install/my_interfaces/include/my_interfaces/my_interfaces/msg/detail/multiple_obstacles__type_support.c\n'}
[7.189118] (my_interfaces) StdoutLine: {'line': b'-- Installing: /home/alex/Diplomatiki/install/my_interfaces/include/my_interfaces/my_interfaces/msg/detail/agent_data__type_support.c\n'}
[7.189168] (my_interfaces) StdoutLine: {'line': b'-- Installing: /home/alex/Diplomatiki/install/my_interfaces/include/my_interfaces/my_interfaces/msg/detail/single_obstacle__type_support.c\n'}
[7.189227] (my_interfaces) StdoutLine: {'line': b'-- Installing: /home/alex/Diplomatiki/install/my_interfaces/include/my_interfaces/my_interfaces/msg/detail/single_target_estimate__rosidl_typesupport_introspection_c.h\n'}
[7.189275] (my_interfaces) StdoutLine: {'line': b'-- Installing: /home/alex/Diplomatiki/install/my_interfaces/include/my_interfaces/my_interfaces/msg/detail/single_target_estimate__type_support.c\n'}
[7.189321] (my_interfaces) StdoutLine: {'line': b'-- Installing: /home/alex/Diplomatiki/install/my_interfaces/include/my_interfaces/my_interfaces/msg/detail/multiple_target_estimates__type_support.c\n'}
[7.189367] (my_interfaces) StdoutLine: {'line': b'-- Installing: /home/alex/Diplomatiki/install/my_interfaces/include/my_interfaces/my_interfaces/msg/rosidl_typesupport_introspection_c__visibility_control.h\n'}
[7.189413] (my_interfaces) StdoutLine: {'line': b'-- Installing: /home/alex/Diplomatiki/install/my_interfaces/lib/libmy_interfaces__rosidl_typesupport_introspection_c.so\n'}
[7.189552] (my_interfaces) StdoutLine: {'line': b'-- Set runtime path of "/home/alex/Diplomatiki/install/my_interfaces/lib/libmy_interfaces__rosidl_typesupport_introspection_c.so" to ""\n'}
[7.189703] (my_interfaces) StdoutLine: {'line': b'-- Installing: /home/alex/Diplomatiki/install/my_interfaces/lib/libmy_interfaces__rosidl_typesupport_c.so\n'}
[7.189808] (my_interfaces) StdoutLine: {'line': b'-- Set runtime path of "/home/alex/Diplomatiki/install/my_interfaces/lib/libmy_interfaces__rosidl_typesupport_c.so" to ""\n'}
[7.189912] (my_interfaces) StdoutLine: {'line': b'-- Up-to-date: /home/alex/Diplomatiki/install/my_interfaces/include/my_interfaces/my_interfaces\n'}
[7.190013] (my_interfaces) StdoutLine: {'line': b'-- Up-to-date: /home/alex/Diplomatiki/install/my_interfaces/include/my_interfaces/my_interfaces/msg\n'}
[7.190112] (my_interfaces) StdoutLine: {'line': b'-- Installing: /home/alex/Diplomatiki/install/my_interfaces/include/my_interfaces/my_interfaces/msg/ck_table.hpp\n'}
[7.190314] (my_interfaces) StdoutLine: {'line': b'-- Installing: /home/alex/Diplomatiki/install/my_interfaces/include/my_interfaces/my_interfaces/msg/multiple_obstacles.hpp\n'}
[7.190489] (my_interfaces) StdoutLine: {'line': b'-- Installing: /home/alex/Diplomatiki/install/my_interfaces/include/my_interfaces/my_interfaces/msg/rosidl_generator_cpp__visibility_control.hpp\n'}
[7.190631] (my_interfaces) StdoutLine: {'line': b'-- Installing: /home/alex/Diplomatiki/install/my_interfaces/include/my_interfaces/my_interfaces/msg/single_obstacle.hpp\n'}
[7.190736] (my_interfaces) StdoutLine: {'line': b'-- Installing: /home/alex/Diplomatiki/install/my_interfaces/include/my_interfaces/my_interfaces/msg/agent_data.hpp\n'}
[7.190835] (my_interfaces) StdoutLine: {'line': b'-- Installing: /home/alex/Diplomatiki/install/my_interfaces/include/my_interfaces/my_interfaces/msg/multiple_target_estimates.hpp\n'}
[7.191005] (my_interfaces) StdoutLine: {'line': b'-- Up-to-date: /home/alex/Diplomatiki/install/my_interfaces/include/my_interfaces/my_interfaces/msg/detail\n'}
[7.191107] (my_interfaces) StdoutLine: {'line': b'-- Installing: /home/alex/Diplomatiki/install/my_interfaces/include/my_interfaces/my_interfaces/msg/detail/multiple_target_estimates__traits.hpp\n'}
[7.191224] (my_interfaces) StdoutLine: {'line': b'-- Installing: /home/alex/Diplomatiki/install/my_interfaces/include/my_interfaces/my_interfaces/msg/detail/single_obstacle__builder.hpp\n'}
[7.191333] (my_interfaces) StdoutLine: {'line': b'-- Installing: /home/alex/Diplomatiki/install/my_interfaces/include/my_interfaces/my_interfaces/msg/detail/ck_table__traits.hpp\n'}
[7.191432] (my_interfaces) StdoutLine: {'line': b'-- Installing: /home/alex/Diplomatiki/install/my_interfaces/include/my_interfaces/my_interfaces/msg/detail/single_target_estimate__builder.hpp\n'}
[7.191567] (my_interfaces) StdoutLine: {'line': b'-- Installing: /home/alex/Diplomatiki/install/my_interfaces/include/my_interfaces/my_interfaces/msg/detail/multiple_obstacles__builder.hpp\n'}
[7.191667] (my_interfaces) StdoutLine: {'line': b'-- Installing: /home/alex/Diplomatiki/install/my_interfaces/include/my_interfaces/my_interfaces/msg/detail/ck_table__type_support.hpp\n'}
[7.191763] (my_interfaces) StdoutLine: {'line': b'-- Installing: /home/alex/Diplomatiki/install/my_interfaces/include/my_interfaces/my_interfaces/msg/detail/multiple_obstacles__type_support.hpp\n'}
[7.191859] (my_interfaces) StdoutLine: {'line': b'-- Installing: /home/alex/Diplomatiki/install/my_interfaces/include/my_interfaces/my_interfaces/msg/detail/single_target_estimate__traits.hpp\n'}
[7.191954] (my_interfaces) StdoutLine: {'line': b'-- Installing: /home/alex/Diplomatiki/install/my_interfaces/include/my_interfaces/my_interfaces/msg/detail/ck_table__struct.hpp\n'}
[7.192049] (my_interfaces) StdoutLine: {'line': b'-- Installing: /home/alex/Diplomatiki/install/my_interfaces/include/my_interfaces/my_interfaces/msg/detail/single_target_estimate__type_support.hpp\n'}
[7.192145] (my_interfaces) StdoutLine: {'line': b'-- Installing: /home/alex/Diplomatiki/install/my_interfaces/include/my_interfaces/my_interfaces/msg/detail/agent_data__struct.hpp\n'}
[7.192261] (my_interfaces) StdoutLine: {'line': b'-- Installing: /home/alex/Diplomatiki/install/my_interfaces/include/my_interfaces/my_interfaces/msg/detail/multiple_target_estimates__builder.hpp\n'}
[7.192360] (my_interfaces) StdoutLine: {'line': b'-- Installing: /home/alex/Diplomatiki/install/my_interfaces/include/my_interfaces/my_interfaces/msg/detail/single_obstacle__struct.hpp\n'}
[7.192460] (my_interfaces) StdoutLine: {'line': b'-- Installing: /home/alex/Diplomatiki/install/my_interfaces/include/my_interfaces/my_interfaces/msg/detail/multiple_obstacles__struct.hpp\n'}
[7.192560] (my_interfaces) StdoutLine: {'line': b'-- Installing: /home/alex/Diplomatiki/install/my_interfaces/include/my_interfaces/my_interfaces/msg/detail/multiple_obstacles__traits.hpp\n'}
[7.192658] (my_interfaces) StdoutLine: {'line': b'-- Installing: /home/alex/Diplomatiki/install/my_interfaces/include/my_interfaces/my_interfaces/msg/detail/multiple_target_estimates__type_support.hpp\n'}
[7.192758] (my_interfaces) StdoutLine: {'line': b'-- Installing: /home/alex/Diplomatiki/install/my_interfaces/include/my_interfaces/my_interfaces/msg/detail/multiple_target_estimates__struct.hpp\n'}
[7.192856] (my_interfaces) StdoutLine: {'line': b'-- Installing: /home/alex/Diplomatiki/install/my_interfaces/include/my_interfaces/my_interfaces/msg/detail/ck_table__builder.hpp\n'}
[7.192955] (my_interfaces) StdoutLine: {'line': b'-- Installing: /home/alex/Diplomatiki/install/my_interfaces/include/my_interfaces/my_interfaces/msg/detail/agent_data__type_support.hpp\n'}
[7.193054] (my_interfaces) StdoutLine: {'line': b'-- Installing: /home/alex/Diplomatiki/install/my_interfaces/include/my_interfaces/my_interfaces/msg/detail/single_obstacle__traits.hpp\n'}
[7.193153] (my_interfaces) StdoutLine: {'line': b'-- Installing: /home/alex/Diplomatiki/install/my_interfaces/include/my_interfaces/my_interfaces/msg/detail/single_target_estimate__struct.hpp\n'}
[7.193325] (my_interfaces) StdoutLine: {'line': b'-- Installing: /home/alex/Diplomatiki/install/my_interfaces/include/my_interfaces/my_interfaces/msg/detail/agent_data__traits.hpp\n'}
[7.193425] (my_interfaces) StdoutLine: {'line': b'-- Installing: /home/alex/Diplomatiki/install/my_interfaces/include/my_interfaces/my_interfaces/msg/detail/single_obstacle__type_support.hpp\n'}
[7.193520] (my_interfaces) StdoutLine: {'line': b'-- Installing: /home/alex/Diplomatiki/install/my_interfaces/include/my_interfaces/my_interfaces/msg/detail/agent_data__builder.hpp\n'}
[7.193616] (my_interfaces) StdoutLine: {'line': b'-- Installing: /home/alex/Diplomatiki/install/my_interfaces/include/my_interfaces/my_interfaces/msg/single_target_estimate.hpp\n'}
[7.193711] (my_interfaces) StdoutLine: {'line': b'-- Up-to-date: /home/alex/Diplomatiki/install/my_interfaces/include/my_interfaces/my_interfaces\n'}
[7.193816] (my_interfaces) StdoutLine: {'line': b'-- Up-to-date: /home/alex/Diplomatiki/install/my_interfaces/include/my_interfaces/my_interfaces/msg\n'}
[7.193911] (my_interfaces) StdoutLine: {'line': b'-- Installing: /home/alex/Diplomatiki/install/my_interfaces/include/my_interfaces/my_interfaces/msg/rosidl_typesupport_fastrtps_cpp__visibility_control.h\n'}
[7.194006] (my_interfaces) StdoutLine: {'line': b'-- Up-to-date: /home/alex/Diplomatiki/install/my_interfaces/include/my_interfaces/my_interfaces/msg/detail\n'}
[7.194104] (my_interfaces) StdoutLine: {'line': b'-- Installing: /home/alex/Diplomatiki/install/my_interfaces/include/my_interfaces/my_interfaces/msg/detail/dds_fastrtps\n'}
[7.194218] (my_interfaces) StdoutLine: {'line': b'-- Installing: /home/alex/Diplomatiki/install/my_interfaces/include/my_interfaces/my_interfaces/msg/detail/single_obstacle__rosidl_typesupport_fastrtps_cpp.hpp\n'}
[7.194328] (my_interfaces) StdoutLine: {'line': b'-- Installing: /home/alex/Diplomatiki/install/my_interfaces/include/my_interfaces/my_interfaces/msg/detail/agent_data__rosidl_typesupport_fastrtps_cpp.hpp\n'}
[7.194428] (my_interfaces) StdoutLine: {'line': b'-- Installing: /home/alex/Diplomatiki/install/my_interfaces/include/my_interfaces/my_interfaces/msg/detail/multiple_obstacles__rosidl_typesupport_fastrtps_cpp.hpp\n'}
[7.194565] (my_interfaces) StdoutLine: {'line': b'-- Installing: /home/alex/Diplomatiki/install/my_interfaces/include/my_interfaces/my_interfaces/msg/detail/single_target_estimate__rosidl_typesupport_fastrtps_cpp.hpp\n'}
[7.194664] (my_interfaces) StdoutLine: {'line': b'-- Installing: /home/alex/Diplomatiki/install/my_interfaces/include/my_interfaces/my_interfaces/msg/detail/multiple_target_estimates__rosidl_typesupport_fastrtps_cpp.hpp\n'}
[7.194758] (my_interfaces) StdoutLine: {'line': b'-- Installing: /home/alex/Diplomatiki/install/my_interfaces/include/my_interfaces/my_interfaces/msg/detail/ck_table__rosidl_typesupport_fastrtps_cpp.hpp\n'}
[7.194852] (my_interfaces) StdoutLine: {'line': b'-- Installing: /home/alex/Diplomatiki/install/my_interfaces/lib/libmy_interfaces__rosidl_typesupport_fastrtps_cpp.so\n'}
[7.194947] (my_interfaces) StdoutLine: {'line': b'-- Set runtime path of "/home/alex/Diplomatiki/install/my_interfaces/lib/libmy_interfaces__rosidl_typesupport_fastrtps_cpp.so" to ""\n'}
[7.195042] (my_interfaces) StdoutLine: {'line': b'-- Up-to-date: /home/alex/Diplomatiki/install/my_interfaces/include/my_interfaces/my_interfaces\n'}
[7.195137] (my_interfaces) StdoutLine: {'line': b'-- Up-to-date: /home/alex/Diplomatiki/install/my_interfaces/include/my_interfaces/my_interfaces/msg\n'}
[7.195251] (my_interfaces) StdoutLine: {'line': b'-- Up-to-date: /home/alex/Diplomatiki/install/my_interfaces/include/my_interfaces/my_interfaces/msg/detail\n'}
[7.195361] (my_interfaces) StdoutLine: {'line': b'-- Installing: /home/alex/Diplomatiki/install/my_interfaces/include/my_interfaces/my_interfaces/msg/detail/agent_data__rosidl_typesupport_introspection_cpp.hpp\n'}
[7.195465] (my_interfaces) StdoutLine: {'line': b'-- Installing: /home/alex/Diplomatiki/install/my_interfaces/include/my_interfaces/my_interfaces/msg/detail/single_target_estimate__type_support.cpp\n'}
[7.195581] (my_interfaces) StdoutLine: {'line': b'-- Installing: /home/alex/Diplomatiki/install/my_interfaces/include/my_interfaces/my_interfaces/msg/detail/multiple_target_estimates__type_support.cpp\n'}
[7.195681] (my_interfaces) StdoutLine: {'line': b'-- Installing: /home/alex/Diplomatiki/install/my_interfaces/include/my_interfaces/my_interfaces/msg/detail/single_obstacle__rosidl_typesupport_introspection_cpp.hpp\n'}
[7.195780] (my_interfaces) StdoutLine: {'line': b'-- Installing: /home/alex/Diplomatiki/install/my_interfaces/include/my_interfaces/my_interfaces/msg/detail/multiple_target_estimates__rosidl_typesupport_introspection_cpp.hpp\n'}
[7.195879] (my_interfaces) StdoutLine: {'line': b'-- Installing: /home/alex/Diplomatiki/install/my_interfaces/include/my_interfaces/my_interfaces/msg/detail/single_target_estimate__rosidl_typesupport_introspection_cpp.hpp\n'}
[7.195977] (my_interfaces) StdoutLine: {'line': b'-- Installing: /home/alex/Diplomatiki/install/my_interfaces/include/my_interfaces/my_interfaces/msg/detail/ck_table__rosidl_typesupport_introspection_cpp.hpp\n'}
[7.196075] (my_interfaces) StdoutLine: {'line': b'-- Installing: /home/alex/Diplomatiki/install/my_interfaces/include/my_interfaces/my_interfaces/msg/detail/single_obstacle__type_support.cpp\n'}
[7.196337] (my_interfaces) StdoutLine: {'line': b'-- Installing: /home/alex/Diplomatiki/install/my_interfaces/include/my_interfaces/my_interfaces/msg/detail/ck_table__type_support.cpp\n'}
[7.196445] (my_interfaces) StdoutLine: {'line': b'-- Installing: /home/alex/Diplomatiki/install/my_interfaces/include/my_interfaces/my_interfaces/msg/detail/multiple_obstacles__type_support.cpp\n'}
[7.196542] (my_interfaces) StdoutLine: {'line': b'-- Installing: /home/alex/Diplomatiki/install/my_interfaces/include/my_interfaces/my_interfaces/msg/detail/multiple_obstacles__rosidl_typesupport_introspection_cpp.hpp\n'}
[7.196638] (my_interfaces) StdoutLine: {'line': b'-- Installing: /home/alex/Diplomatiki/install/my_interfaces/include/my_interfaces/my_interfaces/msg/detail/agent_data__type_support.cpp\n'}
[7.196732] (my_interfaces) StdoutLine: {'line': b'-- Installing: /home/alex/Diplomatiki/install/my_interfaces/lib/libmy_interfaces__rosidl_typesupport_introspection_cpp.so\n'}
[7.196827] (my_interfaces) StdoutLine: {'line': b'-- Set runtime path of "/home/alex/Diplomatiki/install/my_interfaces/lib/libmy_interfaces__rosidl_typesupport_introspection_cpp.so" to ""\n'}
[7.196938] (my_interfaces) StdoutLine: {'line': b'-- Installing: /home/alex/Diplomatiki/install/my_interfaces/lib/libmy_interfaces__rosidl_typesupport_cpp.so\n'}
[7.197034] (my_interfaces) StdoutLine: {'line': b'-- Set runtime path of "/home/alex/Diplomatiki/install/my_interfaces/lib/libmy_interfaces__rosidl_typesupport_cpp.so" to ""\n'}
[7.197129] (my_interfaces) StdoutLine: {'line': b'-- Installing: /home/alex/Diplomatiki/install/my_interfaces/share/my_interfaces/environment/pythonpath.sh\n'}
[7.197247] (my_interfaces) StdoutLine: {'line': b'-- Installing: /home/alex/Diplomatiki/install/my_interfaces/share/my_interfaces/environment/pythonpath.dsv\n'}
[7.197348] (my_interfaces) StdoutLine: {'line': b'-- Installing: /home/alex/Diplomatiki/install/my_interfaces/local/lib/python3.10/dist-packages/my_interfaces-0.0.0-py3.10.egg-info\n'}
[7.197451] (my_interfaces) StdoutLine: {'line': b'-- Installing: /home/alex/Diplomatiki/install/my_interfaces/local/lib/python3.10/dist-packages/my_interfaces-0.0.0-py3.10.egg-info/SOURCES.txt\n'}
[7.197547] (my_interfaces) StdoutLine: {'line': b'-- Installing: /home/alex/Diplomatiki/install/my_interfaces/local/lib/python3.10/dist-packages/my_interfaces-0.0.0-py3.10.egg-info/dependency_links.txt\n'}
[7.197642] (my_interfaces) StdoutLine: {'line': b'-- Installing: /home/alex/Diplomatiki/install/my_interfaces/local/lib/python3.10/dist-packages/my_interfaces-0.0.0-py3.10.egg-info/PKG-INFO\n'}
[7.197736] (my_interfaces) StdoutLine: {'line': b'-- Installing: /home/alex/Diplomatiki/install/my_interfaces/local/lib/python3.10/dist-packages/my_interfaces-0.0.0-py3.10.egg-info/top_level.txt\n'}
[7.197838] (my_interfaces) StdoutLine: {'line': b'-- Installing: /home/alex/Diplomatiki/install/my_interfaces/local/lib/python3.10/dist-packages/my_interfaces\n'}
[7.197933] (my_interfaces) StdoutLine: {'line': b'-- Installing: /home/alex/Diplomatiki/install/my_interfaces/local/lib/python3.10/dist-packages/my_interfaces/msg\n'}
[7.198027] (my_interfaces) StdoutLine: {'line': b'-- Installing: /home/alex/Diplomatiki/install/my_interfaces/local/lib/python3.10/dist-packages/my_interfaces/msg/_multiple_obstacles.py\n'}
[7.198121] (my_interfaces) StdoutLine: {'line': b'-- Installing: /home/alex/Diplomatiki/install/my_interfaces/local/lib/python3.10/dist-packages/my_interfaces/msg/__init__.py\n'}
[7.198231] (my_interfaces) StdoutLine: {'line': b'-- Installing: /home/alex/Diplomatiki/install/my_interfaces/local/lib/python3.10/dist-packages/my_interfaces/msg/_agent_data.py\n'}
[7.198332] (my_interfaces) StdoutLine: {'line': b'-- Installing: /home/alex/Diplomatiki/install/my_interfaces/local/lib/python3.10/dist-packages/my_interfaces/msg/_agent_data_s.c\n'}
[7.198430] (my_interfaces) StdoutLine: {'line': b'-- Installing: /home/alex/Diplomatiki/install/my_interfaces/local/lib/python3.10/dist-packages/my_interfaces/msg/_ck_table.py\n'}
[7.198525] (my_interfaces) StdoutLine: {'line': b'-- Installing: /home/alex/Diplomatiki/install/my_interfaces/local/lib/python3.10/dist-packages/my_interfaces/msg/_ck_table_s.c\n'}
[7.198620] (my_interfaces) StdoutLine: {'line': b'-- Installing: /home/alex/Diplomatiki/install/my_interfaces/local/lib/python3.10/dist-packages/my_interfaces/msg/_multiple_obstacles_s.c\n'}
[7.198713] (my_interfaces) StdoutLine: {'line': b'-- Installing: /home/alex/Diplomatiki/install/my_interfaces/local/lib/python3.10/dist-packages/my_interfaces/msg/_single_target_estimate_s.c\n'}
[7.198808] (my_interfaces) StdoutLine: {'line': b'-- Installing: /home/alex/Diplomatiki/install/my_interfaces/local/lib/python3.10/dist-packages/my_interfaces/msg/_single_obstacle_s.c\n'}
[7.198902] (my_interfaces) StdoutLine: {'line': b'-- Installing: /home/alex/Diplomatiki/install/my_interfaces/local/lib/python3.10/dist-packages/my_interfaces/msg/_single_target_estimate.py\n'}
[7.198996] (my_interfaces) StdoutLine: {'line': b'-- Installing: /home/alex/Diplomatiki/install/my_interfaces/local/lib/python3.10/dist-packages/my_interfaces/msg/_single_obstacle.py\n'}
[7.199089] (my_interfaces) StdoutLine: {'line': b'-- Installing: /home/alex/Diplomatiki/install/my_interfaces/local/lib/python3.10/dist-packages/my_interfaces/msg/_multiple_target_estimates.py\n'}
[7.199200] (my_interfaces) StdoutLine: {'line': b'-- Installing: /home/alex/Diplomatiki/install/my_interfaces/local/lib/python3.10/dist-packages/my_interfaces/msg/_multiple_target_estimates_s.c\n'}
[7.199305] (my_interfaces) StdoutLine: {'line': b'-- Installing: /home/alex/Diplomatiki/install/my_interfaces/local/lib/python3.10/dist-packages/my_interfaces/__init__.py\n'}
[7.199399] (my_interfaces) StdoutLine: {'line': b'-- Installing: /home/alex/Diplomatiki/install/my_interfaces/local/lib/python3.10/dist-packages/my_interfaces/libmy_interfaces__rosidl_generator_py.so\n'}
[7.199493] (my_interfaces) StdoutLine: {'line': b'-- Installing: /home/alex/Diplomatiki/install/my_interfaces/local/lib/python3.10/dist-packages/my_interfaces/_my_interfaces_s.ep.rosidl_typesupport_c.c\n'}
[7.199586] (my_interfaces) StdoutLine: {'line': b'-- Installing: /home/alex/Diplomatiki/install/my_interfaces/local/lib/python3.10/dist-packages/my_interfaces/my_interfaces_s__rosidl_typesupport_fastrtps_c.cpython-310-x86_64-linux-gnu.so\n'}
[7.199680] (my_interfaces) StdoutLine: {'line': b'-- Installing: /home/alex/Diplomatiki/install/my_interfaces/local/lib/python3.10/dist-packages/my_interfaces/_my_interfaces_s.ep.rosidl_typesupport_introspection_c.c\n'}
[7.199775] (my_interfaces) StdoutLine: {'line': b'-- Installing: /home/alex/Diplomatiki/install/my_interfaces/local/lib/python3.10/dist-packages/my_interfaces/my_interfaces_s__rosidl_typesupport_c.cpython-310-x86_64-linux-gnu.so\n'}
[7.199888] (my_interfaces) StdoutLine: {'line': b'-- Installing: /home/alex/Diplomatiki/install/my_interfaces/local/lib/python3.10/dist-packages/my_interfaces/_my_interfaces_s.ep.rosidl_typesupport_fastrtps_c.c\n'}
[7.199983] (my_interfaces) StdoutLine: {'line': b'-- Installing: /home/alex/Diplomatiki/install/my_interfaces/local/lib/python3.10/dist-packages/my_interfaces/my_interfaces_s__rosidl_typesupport_introspection_c.cpython-310-x86_64-linux-gnu.so\n'}
[7.228722] (my_interfaces) StdoutLine: {'line': b"Listing '/home/alex/Diplomatiki/install/my_interfaces/local/lib/python3.10/dist-packages/my_interfaces'...\n"}
[7.228987] (my_interfaces) StdoutLine: {'line': b"Compiling '/home/alex/Diplomatiki/install/my_interfaces/local/lib/python3.10/dist-packages/my_interfaces/__init__.py'...\n"}
[7.229100] (my_interfaces) StdoutLine: {'line': b"Listing '/home/alex/Diplomatiki/install/my_interfaces/local/lib/python3.10/dist-packages/my_interfaces/msg'...\n"}
[7.229223] (my_interfaces) StdoutLine: {'line': b"Compiling '/home/alex/Diplomatiki/install/my_interfaces/local/lib/python3.10/dist-packages/my_interfaces/msg/__init__.py'...\n"}
[7.229339] (my_interfaces) StdoutLine: {'line': b"Compiling '/home/alex/Diplomatiki/install/my_interfaces/local/lib/python3.10/dist-packages/my_interfaces/msg/_agent_data.py'...\n"}
[7.229437] (my_interfaces) StdoutLine: {'line': b"Compiling '/home/alex/Diplomatiki/install/my_interfaces/local/lib/python3.10/dist-packages/my_interfaces/msg/_ck_table.py'...\n"}
[7.229533] (my_interfaces) StdoutLine: {'line': b"Compiling '/home/alex/Diplomatiki/install/my_interfaces/local/lib/python3.10/dist-packages/my_interfaces/msg/_multiple_obstacles.py'...\n"}
[7.229628] (my_interfaces) StdoutLine: {'line': b"Compiling '/home/alex/Diplomatiki/install/my_interfaces/local/lib/python3.10/dist-packages/my_interfaces/msg/_multiple_target_estimates.py'...\n"}
[7.229724] (my_interfaces) StdoutLine: {'line': b"Compiling '/home/alex/Diplomatiki/install/my_interfaces/local/lib/python3.10/dist-packages/my_interfaces/msg/_single_obstacle.py'...\n"}
[7.229818] (my_interfaces) StdoutLine: {'line': b"Compiling '/home/alex/Diplomatiki/install/my_interfaces/local/lib/python3.10/dist-packages/my_interfaces/msg/_single_target_estimate.py'...\n"}
[7.232630] (-) TimerEvent: {}
[7.233565] (my_interfaces) StdoutLine: {'line': b'-- Installing: /home/alex/Diplomatiki/install/my_interfaces/local/lib/python3.10/dist-packages/my_interfaces/my_interfaces_s__rosidl_typesupport_fastrtps_c.cpython-310-x86_64-linux-gnu.so\n'}
[7.234045] (my_interfaces) StdoutLine: {'line': b'-- Set runtime path of "/home/alex/Diplomatiki/install/my_interfaces/local/lib/python3.10/dist-packages/my_interfaces/my_interfaces_s__rosidl_typesupport_fastrtps_c.cpython-310-x86_64-linux-gnu.so" to ""\n'}
[7.234298] (my_interfaces) StdoutLine: {'line': b'-- Installing: /home/alex/Diplomatiki/install/my_interfaces/local/lib/python3.10/dist-packages/my_interfaces/my_interfaces_s__rosidl_typesupport_introspection_c.cpython-310-x86_64-linux-gnu.so\n'}
[7.234724] (my_interfaces) StdoutLine: {'line': b'-- Set runtime path of "/home/alex/Diplomatiki/install/my_interfaces/local/lib/python3.10/dist-packages/my_interfaces/my_interfaces_s__rosidl_typesupport_introspection_c.cpython-310-x86_64-linux-gnu.so" to ""\n'}
[7.234986] (my_interfaces) StdoutLine: {'line': b'-- Installing: /home/alex/Diplomatiki/install/my_interfaces/local/lib/python3.10/dist-packages/my_interfaces/my_interfaces_s__rosidl_typesupport_c.cpython-310-x86_64-linux-gnu.so\n'}
[7.235409] (my_interfaces) StdoutLine: {'line': b'-- Set runtime path of "/home/alex/Diplomatiki/install/my_interfaces/local/lib/python3.10/dist-packages/my_interfaces/my_interfaces_s__rosidl_typesupport_c.cpython-310-x86_64-linux-gnu.so" to ""\n'}
[7.235476] (my_interfaces) StdoutLine: {'line': b'-- Installing: /home/alex/Diplomatiki/install/my_interfaces/lib/libmy_interfaces__rosidl_generator_py.so\n'}
[7.235705] (my_interfaces) StdoutLine: {'line': b'-- Set runtime path of "/home/alex/Diplomatiki/install/my_interfaces/lib/libmy_interfaces__rosidl_generator_py.so" to ""\n'}
[7.235825] (my_interfaces) StdoutLine: {'line': b'-- Installing: /home/alex/Diplomatiki/install/my_interfaces/share/my_interfaces/msg/CkTable.idl\n'}
[7.235884] (my_interfaces) StdoutLine: {'line': b'-- Installing: /home/alex/Diplomatiki/install/my_interfaces/share/my_interfaces/msg/AgentData.idl\n'}
[7.235976] (my_interfaces) StdoutLine: {'line': b'-- Installing: /home/alex/Diplomatiki/install/my_interfaces/share/my_interfaces/msg/SingleObstacle.idl\n'}
[7.236057] (my_interfaces) StdoutLine: {'line': b'-- Installing: /home/alex/Diplomatiki/install/my_interfaces/share/my_interfaces/msg/MultipleObstacles.idl\n'}
[7.236154] (my_interfaces) StdoutLine: {'line': b'-- Installing: /home/alex/Diplomatiki/install/my_interfaces/share/my_interfaces/msg/SingleTargetEstimate.idl\n'}
[7.236273] (my_interfaces) StdoutLine: {'line': b'-- Installing: /home/alex/Diplomatiki/install/my_interfaces/share/my_interfaces/msg/MultipleTargetEstimates.idl\n'}
[7.236327] (my_interfaces) StdoutLine: {'line': b'-- Installing: /home/alex/Diplomatiki/install/my_interfaces/share/my_interfaces/msg/CkTable.msg\n'}
[7.236403] (my_interfaces) StdoutLine: {'line': b'-- Installing: /home/alex/Diplomatiki/install/my_interfaces/share/my_interfaces/msg/AgentData.msg\n'}
[7.236480] (my_interfaces) StdoutLine: {'line': b'-- Installing: /home/alex/Diplomatiki/install/my_interfaces/share/my_interfaces/msg/SingleObstacle.msg\n'}
[7.236563] (my_interfaces) StdoutLine: {'line': b'-- Installing: /home/alex/Diplomatiki/install/my_interfaces/share/my_interfaces/msg/MultipleObstacles.msg\n'}
[7.236627] (my_interfaces) StdoutLine: {'line': b'-- Installing: /home/alex/Diplomatiki/install/my_interfaces/share/my_interfaces/msg/SingleTargetEstimate.msg\n'}
[7.236700] (my_interfaces) StdoutLine: {'line': b'-- Installing: /home/alex/Diplomatiki/install/my_interfaces/share/my_interfaces/msg/MultipleTargetEstimates.msg\n'}
[7.236807] (my_interfaces) StdoutLine: {'line': b'-- Installing: /home/alex/Diplomatiki/install/my_interfaces/share/ament_index/resource_index/package_run_dependencies/my_interfaces\n'}
[7.237017] (my_interfaces) StdoutLine: {'line': b'-- Installing: /home/alex/Diplomatiki/install/my_interfaces/share/ament_index/resource_index/parent_prefix_path/my_interfaces\n'}
[7.237176] (my_interfaces) StdoutLine: {'line': b'-- Installing: /home/alex/Diplomatiki/install/my_interfaces/share/my_interfaces/environment/ament_prefix_path.sh\n'}
[7.237307] (my_interfaces) StdoutLine: {'line': b'-- Installing: /home/alex/Diplomatiki/install/my_interfaces/share/my_interfaces/environment/ament_prefix_path.dsv\n'}
[7.237436] (my_interfaces) StdoutLine: {'line': b'-- Installing: /home/alex/Diplomatiki/install/my_interfaces/share/my_interfaces/environment/path.sh\n'}
[7.237537] (my_interfaces) StdoutLine: {'line': b'-- Installing: /home/alex/Diplomatiki/install/my_interfaces/share/my_interfaces/environment/path.dsv\n'}
[7.237641] (my_interfaces) StdoutLine: {'line': b'-- Installing: /home/alex/Diplomatiki/install/my_interfaces/share/my_interfaces/local_setup.bash\n'}
[7.237789] (my_interfaces) StdoutLine: {'line': b'-- Installing: /home/alex/Diplomatiki/install/my_interfaces/share/my_interfaces/local_setup.sh\n'}
[7.237894] (my_interfaces) StdoutLine: {'line': b'-- Installing: /home/alex/Diplomatiki/install/my_interfaces/share/my_interfaces/local_setup.zsh\n'}
[7.237993] (my_interfaces) StdoutLine: {'line': b'-- Installing: /home/alex/Diplomatiki/install/my_interfaces/share/my_interfaces/local_setup.dsv\n'}
[7.238093] (my_interfaces) StdoutLine: {'line': b'-- Installing: /home/alex/Diplomatiki/install/my_interfaces/share/my_interfaces/package.dsv\n'}
[7.238255] (my_interfaces) StdoutLine: {'line': b'-- Installing: /home/alex/Diplomatiki/install/my_interfaces/share/ament_index/resource_index/packages/my_interfaces\n'}
[7.238398] (my_interfaces) StdoutLine: {'line': b'-- Installing: /home/alex/Diplomatiki/install/my_interfaces/share/my_interfaces/cmake/export_my_interfaces__rosidl_generator_cExport.cmake\n'}
[7.238514] (my_interfaces) StdoutLine: {'line': b'-- Installing: /home/alex/Diplomatiki/install/my_interfaces/share/my_interfaces/cmake/export_my_interfaces__rosidl_generator_cExport-noconfig.cmake\n'}
[7.238614] (my_interfaces) StdoutLine: {'line': b'-- Installing: /home/alex/Diplomatiki/install/my_interfaces/share/my_interfaces/cmake/export_my_interfaces__rosidl_typesupport_fastrtps_cExport.cmake\n'}
[7.238714] (my_interfaces) StdoutLine: {'line': b'-- Installing: /home/alex/Diplomatiki/install/my_interfaces/share/my_interfaces/cmake/export_my_interfaces__rosidl_typesupport_fastrtps_cExport-noconfig.cmake\n'}
[7.238811] (my_interfaces) StdoutLine: {'line': b'-- Installing: /home/alex/Diplomatiki/install/my_interfaces/share/my_interfaces/cmake/my_interfaces__rosidl_typesupport_introspection_cExport.cmake\n'}
[7.238958] (my_interfaces) StdoutLine: {'line': b'-- Installing: /home/alex/Diplomatiki/install/my_interfaces/share/my_interfaces/cmake/my_interfaces__rosidl_typesupport_introspection_cExport-noconfig.cmake\n'}
[7.239062] (my_interfaces) StdoutLine: {'line': b'-- Installing: /home/alex/Diplomatiki/install/my_interfaces/share/my_interfaces/cmake/my_interfaces__rosidl_typesupport_cExport.cmake\n'}
[7.239162] (my_interfaces) StdoutLine: {'line': b'-- Installing: /home/alex/Diplomatiki/install/my_interfaces/share/my_interfaces/cmake/my_interfaces__rosidl_typesupport_cExport-noconfig.cmake\n'}
[7.239284] (my_interfaces) StdoutLine: {'line': b'-- Installing: /home/alex/Diplomatiki/install/my_interfaces/share/my_interfaces/cmake/export_my_interfaces__rosidl_generator_cppExport.cmake\n'}
[7.239386] (my_interfaces) StdoutLine: {'line': b'-- Installing: /home/alex/Diplomatiki/install/my_interfaces/share/my_interfaces/cmake/export_my_interfaces__rosidl_typesupport_fastrtps_cppExport.cmake\n'}
[7.239486] (my_interfaces) StdoutLine: {'line': b'-- Installing: /home/alex/Diplomatiki/install/my_interfaces/share/my_interfaces/cmake/export_my_interfaces__rosidl_typesupport_fastrtps_cppExport-noconfig.cmake\n'}
[7.239627] (my_interfaces) StdoutLine: {'line': b'-- Installing: /home/alex/Diplomatiki/install/my_interfaces/share/my_interfaces/cmake/my_interfaces__rosidl_typesupport_introspection_cppExport.cmake\n'}
[7.239731] (my_interfaces) StdoutLine: {'line': b'-- Installing: /home/alex/Diplomatiki/install/my_interfaces/share/my_interfaces/cmake/my_interfaces__rosidl_typesupport_introspection_cppExport-noconfig.cmake\n'}
[7.239830] (my_interfaces) StdoutLine: {'line': b'-- Installing: /home/alex/Diplomatiki/install/my_interfaces/share/my_interfaces/cmake/my_interfaces__rosidl_typesupport_cppExport.cmake\n'}
[7.239928] (my_interfaces) StdoutLine: {'line': b'-- Installing: /home/alex/Diplomatiki/install/my_interfaces/share/my_interfaces/cmake/my_interfaces__rosidl_typesupport_cppExport-noconfig.cmake\n'}
[7.240028] (my_interfaces) StdoutLine: {'line': b'-- Installing: /home/alex/Diplomatiki/install/my_interfaces/share/my_interfaces/cmake/export_my_interfaces__rosidl_generator_pyExport.cmake\n'}
[7.240126] (my_interfaces) StdoutLine: {'line': b'-- Installing: /home/alex/Diplomatiki/install/my_interfaces/share/my_interfaces/cmake/export_my_interfaces__rosidl_generator_pyExport-noconfig.cmake\n'}
[7.240274] (my_interfaces) StdoutLine: {'line': b'-- Installing: /home/alex/Diplomatiki/install/my_interfaces/share/my_interfaces/cmake/rosidl_cmake-extras.cmake\n'}
[7.240339] (my_interfaces) StdoutLine: {'line': b'-- Installing: /home/alex/Diplomatiki/install/my_interfaces/share/my_interfaces/cmake/ament_cmake_export_dependencies-extras.cmake\n'}
[7.240387] (my_interfaces) StdoutLine: {'line': b'-- Installing: /home/alex/Diplomatiki/install/my_interfaces/share/my_interfaces/cmake/ament_cmake_export_include_directories-extras.cmake\n'}
[7.240434] (my_interfaces) StdoutLine: {'line': b'-- Installing: /home/alex/Diplomatiki/install/my_interfaces/share/my_interfaces/cmake/ament_cmake_export_libraries-extras.cmake\n'}
[7.240479] (my_interfaces) StdoutLine: {'line': b'-- Installing: /home/alex/Diplomatiki/install/my_interfaces/share/my_interfaces/cmake/ament_cmake_export_targets-extras.cmake\n'}
[7.240528] (my_interfaces) StdoutLine: {'line': b'-- Installing: /home/alex/Diplomatiki/install/my_interfaces/share/my_interfaces/cmake/rosidl_cmake_export_typesupport_targets-extras.cmake\n'}
[7.240574] (my_interfaces) StdoutLine: {'line': b'-- Installing: /home/alex/Diplomatiki/install/my_interfaces/share/my_interfaces/cmake/rosidl_cmake_export_typesupport_libraries-extras.cmake\n'}
[7.240619] (my_interfaces) StdoutLine: {'line': b'-- Installing: /home/alex/Diplomatiki/install/my_interfaces/share/my_interfaces/cmake/my_interfacesConfig.cmake\n'}
[7.240704] (my_interfaces) StdoutLine: {'line': b'-- Installing: /home/alex/Diplomatiki/install/my_interfaces/share/my_interfaces/cmake/my_interfacesConfig-version.cmake\n'}
[7.240809] (my_interfaces) StdoutLine: {'line': b'-- Installing: /home/alex/Diplomatiki/install/my_interfaces/share/my_interfaces/package.xml\n'}
[7.242842] (my_interfaces) CommandEnded: {'returncode': 0}
[7.271658] (my_interfaces) JobEnded: {'identifier': 'my_interfaces', 'rc': 0}
[7.272600] (ergodic_exploration) JobStarted: {'identifier': 'ergodic_exploration'}
[7.332813] (-) TimerEvent: {}
[7.433410] (-) TimerEvent: {}
[7.533838] (-) TimerEvent: {}
[7.634179] (-) TimerEvent: {}
[7.734665] (-) TimerEvent: {}
[7.835011] (-) TimerEvent: {}
[7.855272] (ergodic_exploration) Command: {'cmd': ['/usr/bin/python3', '-W', 'ignore:setup.py install is deprecated', '-W', 'ignore:easy_install command is deprecated', 'setup.py', 'egg_info', '--egg-base', '../../build/ergodic_exploration', 'build', '--build-base', '/home/alex/Diplomatiki/build/ergodic_exploration/build', 'install', '--record', '/home/alex/Diplomatiki/build/ergodic_exploration/install.log', '--single-version-externally-managed', 'install_data'], 'cwd': '/home/alex/Diplomatiki/src/ergodic_exploration', 'env': {'LESSOPEN': '| /usr/bin/lesspipe %s', 'PYTHONWARNINGS': 'ignore::UserWarning:google.protobuf', 'USER': 'alex', 'LC_TIME': 'el_GR.UTF-8', 'XDG_SESSION_TYPE': 'x11', 'SHLVL': '2', 'LD_LIBRARY_PATH': '/home/alex/Diplomatiki/install/my_interfaces/lib:/opt/ros/humble/opt/rviz_ogre_vendor/lib:/opt/ros/humble/lib/x86_64-linux-gnu:/opt/ros/humble/lib', 'HOME': '/home/alex', 'OLDPWD': '/home/alex/backupDiplomatiki', 'DESKTOP_SESSION': 'ubuntu', 'ROS_PYTHON_VERSION': '3', 'GNOME_SHELL_SESSION_MODE': 'ubuntu', 'GTK_MODULES': 'gail:atk-bridge', 'LC_MONETARY': 'el_GR.UTF-8', 'MANAGERPID': '1488', 'SYSTEMD_EXEC_PID': '1943', 'DBUS_SESSION_BUS_ADDRESS': 'unix:path=/run/user/1000/bus', 'COLORTERM': 'truecolor', 'GIO_LAUNCHED_DESKTOP_FILE_PID': '6261', 'ROS_DISTRO': 'humble', 'GTK_IM_MODULE': 'ibus', 'LOGNAME': 'alex', '_': '/usr/bin/colcon', 'JOURNAL_STREAM': '8:13093', 'ROS_VERSION': '2', 'XDG_SESSION_CLASS': 'user', 'USERNAME': 'alex', 'TERM': 'xterm-256color', 'GNOME_DESKTOP_SESSION_ID': 'this-is-deprecated', 'ROS_LOCALHOST_ONLY': '0', 'WINDOWPATH': '2', 'PATH': '/opt/ros/humble/bin:/home/alex/.local/bin:/usr/local/sbin:/usr/local/bin:/usr/sbin:/usr/bin:/sbin:/bin:/usr/games:/usr/local/games:/snap/bin:/snap/bin', 'SESSION_MANAGER': 'local/alexlinux:@/tmp/.ICE-unix/1722,unix/alexlinux:/tmp/.ICE-unix/1722', 'INVOCATION_ID': '0a29c4dbad4e41ccb37a37f5d7ab25bd', 'PAPERSIZE': 'a4', 'XDG_MENU_PREFIX': 'gnome-', 'LC_ADDRESS': 'el_GR.UTF-8', 'XDG_RUNTIME_DIR': '/run/user/1000', 'DISPLAY': ':1', 'LANG': 'en_US.UTF-8', 'XDG_CURRENT_DESKTOP': 'ubuntu:GNOME', 'LC_TELEPHONE': 'el_GR.UTF-8', 'TILIX_ID': '753cd72e-c15a-4f4f-b541-875373d07348', 'XMODIFIERS': '@im=ibus', 'XDG_SESSION_DESKTOP': 'ubuntu', 'XAUTHORITY': '/run/user/1000/gdm/Xauthority', 'LS_COLORS': 'rs=0:di=01;34:ln=01;36:mh=00:pi=40;33:so=01;35:do=01;35:bd=40;33;01:cd=40;33;01:or=40;31;01:mi=00:su=37;41:sg=30;43:ca=30;41:tw=30;42:ow=34;42:st=37;44:ex=01;32:*.tar=01;31:*.tgz=01;31:*.arc=01;31:*.arj=01;31:*.taz=01;31:*.lha=01;31:*.lz4=01;31:*.lzh=01;31:*.lzma=01;31:*.tlz=01;31:*.txz=01;31:*.tzo=01;31:*.t7z=01;31:*.zip=01;31:*.z=01;31:*.dz=01;31:*.gz=01;31:*.lrz=01;31:*.lz=01;31:*.lzo=01;31:*.xz=01;31:*.zst=01;31:*.tzst=01;31:*.bz2=01;31:*.bz=01;31:*.tbz=01;31:*.tbz2=01;31:*.tz=01;31:*.deb=01;31:*.rpm=01;31:*.jar=01;31:*.war=01;31:*.ear=01;31:*.sar=01;31:*.rar=01;31:*.alz=01;31:*.ace=01;31:*.zoo=01;31:*.cpio=01;31:*.7z=01;31:*.rz=01;31:*.cab=01;31:*.wim=01;31:*.swm=01;31:*.dwm=01;31:*.esd=01;31:*.jpg=01;35:*.jpeg=01;35:*.mjpg=01;35:*.mjpeg=01;35:*.gif=01;35:*.bmp=01;35:*.pbm=01;35:*.pgm=01;35:*.ppm=01;35:*.tga=01;35:*.xbm=01;35:*.xpm=01;35:*.tif=01;35:*.tiff=01;35:*.png=01;35:*.svg=01;35:*.svgz=01;35:*.mng=01;35:*.pcx=01;35:*.mov=01;35:*.mpg=01;35:*.mpeg=01;35:*.m2v=01;35:*.mkv=01;35:*.webm=01;35:*.webp=01;35:*.ogm=01;35:*.mp4=01;35:*.m4v=01;35:*.mp4v=01;35:*.vob=01;35:*.qt=01;35:*.nuv=01;35:*.wmv=01;35:*.asf=01;35:*.rm=01;35:*.rmvb=01;35:*.flc=01;35:*.avi=01;35:*.fli=01;35:*.flv=01;35:*.gl=01;35:*.dl=01;35:*.xcf=01;35:*.xwd=01;35:*.yuv=01;35:*.cgm=01;35:*.emf=01;35:*.ogv=01;35:*.ogx=01;35:*.aac=00;36:*.au=00;36:*.flac=00;36:*.m4a=00;36:*.mid=00;36:*.midi=00;36:*.mka=00;36:*.mp3=00;36:*.mpc=00;36:*.ogg=00;36:*.ra=00;36:*.wav=00;36:*.oga=00;36:*.opus=00;36:*.spx=00;36:*.xspf=00;36:', 'SSH_AGENT_LAUNCHER': 'gnome-keyring', 'SSH_AUTH_SOCK': '/run/user/1000/keyring/ssh', 'AMENT_PREFIX_PATH': '/home/alex/Diplomatiki/install/my_interfaces:/opt/ros/humble', 'SHELL': '/bin/bash', 'LC_NAME': 'el_GR.UTF-8', 'QT_ACCESSIBILITY': '1', 'GDMSESSION': 'ubuntu', 'LESSCLOSE': '/usr/bin/lesspipe %s %s', 'LC_MEASUREMENT': 'el_GR.UTF-8', 'GPG_AGENT_INFO': '/run/user/1000/gnupg/S.gpg-agent:0:1', 'LC_IDENTIFICATION': 'el_GR.UTF-8', 'QT_IM_MODULE': 'ibus', 'PWD': '/home/alex/Diplomatiki/build/ergodic_exploration', 'XDG_CONFIG_DIRS': '/etc/xdg/xdg-ubuntu:/etc/xdg', 'XDG_DATA_DIRS': '/usr/share/ubuntu:/usr/share/gnome:/usr/local/share/:/usr/share/:/var/lib/snapd/desktop', 'PYTHONPATH': '/home/alex/Diplomatiki/build/ergodic_exploration/prefix_override:/usr/lib/python3/dist-packages/colcon_core/task/python/colcon_distutils_commands:/home/alex/Diplomatiki/install/ergodic_exploration/lib/python3.10/site-packages:/home/alex/Diplomatiki/install/my_interfaces/local/lib/python3.10/dist-packages:/opt/ros/humble/lib/python3.10/site-packages:/opt/ros/humble/local/lib/python3.10/dist-packages', 'LC_NUMERIC': 'el_GR.UTF-8', 'LC_PAPER': 'el_GR.UTF-8', 'COLCON': '1', 'VTE_VERSION': '6800', 'CMAKE_PREFIX_PATH': '/home/alex/Diplomatiki/install/my_interfaces'}, 'shell': False}
[7.935114] (-) TimerEvent: {}
[8.035442] (-) TimerEvent: {}
[8.056406] (ergodic_exploration) StdoutLine: {'line': b'running egg_info\n'}
[8.068735] (ergodic_exploration) StdoutLine: {'line': b'creating ../../build/ergodic_exploration/ergodic_exploration.egg-info\n'}
[8.069127] (ergodic_exploration) StdoutLine: {'line': b'writing ../../build/ergodic_exploration/ergodic_exploration.egg-info/PKG-INFO\n'}
[8.069398] (ergodic_exploration) StdoutLine: {'line': b'writing dependency_links to ../../build/ergodic_exploration/ergodic_exploration.egg-info/dependency_links.txt\n'}
[8.069684] (ergodic_exploration) StdoutLine: {'line': b'writing entry points to ../../build/ergodic_exploration/ergodic_exploration.egg-info/entry_points.txt\n'}
[8.069944] (ergodic_exploration) StdoutLine: {'line': b'writing requirements to ../../build/ergodic_exploration/ergodic_exploration.egg-info/requires.txt\n'}
[8.070062] (ergodic_exploration) StdoutLine: {'line': b'writing top-level names to ../../build/ergodic_exploration/ergodic_exploration.egg-info/top_level.txt\n'}
[8.070159] (ergodic_exploration) StdoutLine: {'line': b"writing manifest file '../../build/ergodic_exploration/ergodic_exploration.egg-info/SOURCES.txt'\n"}
[8.096329] (ergodic_exploration) StdoutLine: {'line': b"reading manifest file '../../build/ergodic_exploration/ergodic_exploration.egg-info/SOURCES.txt'\n"}
[8.096607] (ergodic_exploration) StdoutLine: {'line': b"adding license file 'LICENSE'\n"}
[8.097415] (ergodic_exploration) StdoutLine: {'line': b"writing manifest file '../../build/ergodic_exploration/ergodic_exploration.egg-info/SOURCES.txt'\n"}
[8.097670] (ergodic_exploration) StdoutLine: {'line': b'running build\n'}
[8.097823] (ergodic_exploration) StdoutLine: {'line': b'running build_py\n'}
[8.097952] (ergodic_exploration) StdoutLine: {'line': b'creating /home/alex/Diplomatiki/build/ergodic_exploration/build/lib/ergodic_exploration\n'}
[8.098098] (ergodic_exploration) StdoutLine: {'line': b'copying ergodic_exploration/__init__.py -> /home/alex/Diplomatiki/build/ergodic_exploration/build/lib/ergodic_exploration\n'}
[8.098219] (ergodic_exploration) StdoutLine: {'line': b'copying ergodic_exploration/environment.py -> /home/alex/Diplomatiki/build/ergodic_exploration/build/lib/ergodic_exploration\n'}
[8.098369] (ergodic_exploration) StdoutLine: {'line': b'copying ergodic_exploration/agent_node.py -> /home/alex/Diplomatiki/build/ergodic_exploration/build/lib/ergodic_exploration\n'}
[8.098467] (ergodic_exploration) StdoutLine: {'line': b'copying ergodic_exploration/dummy_agent.py -> /home/alex/Diplomatiki/build/ergodic_exploration/build/lib/ergodic_exploration\n'}
[8.098602] (ergodic_exploration) StdoutLine: {'line': b'creating /home/alex/Diplomatiki/build/ergodic_exploration/build/lib/my_erg_lib\n'}
[8.098699] (ergodic_exploration) StdoutLine: {'line': b'copying my_erg_lib/vis.py -> /home/alex/Diplomatiki/build/ergodic_exploration/build/lib/my_erg_lib\n'}
[8.098830] (ergodic_exploration) StdoutLine: {'line': b'copying my_erg_lib/model_dynamics.py -> /home/alex/Diplomatiki/build/ergodic_exploration/build/lib/my_erg_lib\n'}
[8.098985] (ergodic_exploration) StdoutLine: {'line': b'copying my_erg_lib/__init__.py -> /home/alex/Diplomatiki/build/ergodic_exploration/build/lib/my_erg_lib\n'}
[8.099086] (ergodic_exploration) StdoutLine: {'line': b'copying my_erg_lib/eid.py -> /home/alex/Diplomatiki/build/ergodic_exploration/build/lib/my_erg_lib\n'}
[8.099254] (ergodic_exploration) StdoutLine: {'line': b'copying my_erg_lib/basis.py -> /home/alex/Diplomatiki/build/ergodic_exploration/build/lib/my_erg_lib\n'}
[8.099380] (ergodic_exploration) StdoutLine: {'line': b'copying my_erg_lib/agent.py -> /home/alex/Diplomatiki/build/ergodic_exploration/build/lib/my_erg_lib\n'}
[8.099479] (ergodic_exploration) StdoutLine: {'line': b'copying my_erg_lib/replay_buffer.py -> /home/alex/Diplomatiki/build/ergodic_exploration/build/lib/my_erg_lib\n'}
[8.099627] (ergodic_exploration) StdoutLine: {'line': b'copying my_erg_lib/Utilities.py -> /home/alex/Diplomatiki/build/ergodic_exploration/build/lib/my_erg_lib\n'}
[8.099729] (ergodic_exploration) StdoutLine: {'line': b'copying my_erg_lib/obstacles.py -> /home/alex/Diplomatiki/build/ergodic_exploration/build/lib/my_erg_lib\n'}
[8.099862] (ergodic_exploration) StdoutLine: {'line': b'copying my_erg_lib/ergodic_controllers.py -> /home/alex/Diplomatiki/build/ergodic_exploration/build/lib/my_erg_lib\n'}
[8.099998] (ergodic_exploration) StdoutLine: {'line': b'copying my_erg_lib/vis.py -> /home/alex/Diplomatiki/build/ergodic_exploration/build/lib/my_erg_lib\n'}
[8.100134] (ergodic_exploration) StdoutLine: {'line': b'copying my_erg_lib/model_dynamics.py -> /home/alex/Diplomatiki/build/ergodic_exploration/build/lib/my_erg_lib\n'}
[8.100281] (ergodic_exploration) StdoutLine: {'line': b'copying my_erg_lib/__init__.py -> /home/alex/Diplomatiki/build/ergodic_exploration/build/lib/my_erg_lib\n'}
[8.100417] (ergodic_exploration) StdoutLine: {'line': b'copying my_erg_lib/eid.py -> /home/alex/Diplomatiki/build/ergodic_exploration/build/lib/my_erg_lib\n'}
[8.100554] (ergodic_exploration) StdoutLine: {'line': b'copying my_erg_lib/basis.py -> /home/alex/Diplomatiki/build/ergodic_exploration/build/lib/my_erg_lib\n'}
[8.100690] (ergodic_exploration) StdoutLine: {'line': b'copying my_erg_lib/agent.py -> /home/alex/Diplomatiki/build/ergodic_exploration/build/lib/my_erg_lib\n'}
[8.100827] (ergodic_exploration) StdoutLine: {'line': b'copying my_erg_lib/replay_buffer.py -> /home/alex/Diplomatiki/build/ergodic_exploration/build/lib/my_erg_lib\n'}
[8.100961] (ergodic_exploration) StdoutLine: {'line': b'copying my_erg_lib/Utilities.py -> /home/alex/Diplomatiki/build/ergodic_exploration/build/lib/my_erg_lib\n'}
[8.101126] (ergodic_exploration) StdoutLine: {'line': b'copying my_erg_lib/obstacles.py -> /home/alex/Diplomatiki/build/ergodic_exploration/build/lib/my_erg_lib\n'}
[8.101259] (ergodic_exploration) StdoutLine: {'line': b'copying my_erg_lib/ergodic_controllers.py -> /home/alex/Diplomatiki/build/ergodic_exploration/build/lib/my_erg_lib\n'}
[8.101847] (ergodic_exploration) StdoutLine: {'line': b'running install\n'}
[8.105555] (ergodic_exploration) StdoutLine: {'line': b'running install_lib\n'}
[8.117939] (ergodic_exploration) StdoutLine: {'line': b'creating /home/alex/Diplomatiki/install/ergodic_exploration/lib/python3.10/site-packages/ergodic_exploration\n'}
[8.118257] (ergodic_exploration) StdoutLine: {'line': b'copying /home/alex/Diplomatiki/build/ergodic_exploration/build/lib/ergodic_exploration/__init__.py -> /home/alex/Diplomatiki/install/ergodic_exploration/lib/python3.10/site-packages/ergodic_exploration\n'}
[8.118396] (ergodic_exploration) StdoutLine: {'line': b'copying /home/alex/Diplomatiki/build/ergodic_exploration/build/lib/ergodic_exploration/environment.py -> /home/alex/Diplomatiki/install/ergodic_exploration/lib/python3.10/site-packages/ergodic_exploration\n'}
[8.118636] (ergodic_exploration) StdoutLine: {'line': b'copying /home/alex/Diplomatiki/build/ergodic_exploration/build/lib/ergodic_exploration/agent_node.py -> /home/alex/Diplomatiki/install/ergodic_exploration/lib/python3.10/site-packages/ergodic_exploration\n'}
[8.118776] (ergodic_exploration) StdoutLine: {'line': b'copying /home/alex/Diplomatiki/build/ergodic_exploration/build/lib/ergodic_exploration/dummy_agent.py -> /home/alex/Diplomatiki/install/ergodic_exploration/lib/python3.10/site-packages/ergodic_exploration\n'}
[8.118881] (ergodic_exploration) StdoutLine: {'line': b'creating /home/alex/Diplomatiki/install/ergodic_exploration/lib/python3.10/site-packages/my_erg_lib\n'}
[8.119035] (ergodic_exploration) StdoutLine: {'line': b'copying /home/alex/Diplomatiki/build/ergodic_exploration/build/lib/my_erg_lib/vis.py -> /home/alex/Diplomatiki/install/ergodic_exploration/lib/python3.10/site-packages/my_erg_lib\n'}
[8.119168] (ergodic_exploration) StdoutLine: {'line': b'copying /home/alex/Diplomatiki/build/ergodic_exploration/build/lib/my_erg_lib/model_dynamics.py -> /home/alex/Diplomatiki/install/ergodic_exploration/lib/python3.10/site-packages/my_erg_lib\n'}
[8.119299] (ergodic_exploration) StdoutLine: {'line': b'copying /home/alex/Diplomatiki/build/ergodic_exploration/build/lib/my_erg_lib/__init__.py -> /home/alex/Diplomatiki/install/ergodic_exploration/lib/python3.10/site-packages/my_erg_lib\n'}
[8.119405] (ergodic_exploration) StdoutLine: {'line': b'copying /home/alex/Diplomatiki/build/ergodic_exploration/build/lib/my_erg_lib/eid.py -> /home/alex/Diplomatiki/install/ergodic_exploration/lib/python3.10/site-packages/my_erg_lib\n'}
[8.119558] (ergodic_exploration) StdoutLine: {'line': b'copying /home/alex/Diplomatiki/build/ergodic_exploration/build/lib/my_erg_lib/basis.py -> /home/alex/Diplomatiki/install/ergodic_exploration/lib/python3.10/site-packages/my_erg_lib\n'}
[8.119655] (ergodic_exploration) StdoutLine: {'line': b'copying /home/alex/Diplomatiki/build/ergodic_exploration/build/lib/my_erg_lib/agent.py -> /home/alex/Diplomatiki/install/ergodic_exploration/lib/python3.10/site-packages/my_erg_lib\n'}
[8.119748] (ergodic_exploration) StdoutLine: {'line': b'copying /home/alex/Diplomatiki/build/ergodic_exploration/build/lib/my_erg_lib/replay_buffer.py -> /home/alex/Diplomatiki/install/ergodic_exploration/lib/python3.10/site-packages/my_erg_lib\n'}
[8.119843] (ergodic_exploration) StdoutLine: {'line': b'copying /home/alex/Diplomatiki/build/ergodic_exploration/build/lib/my_erg_lib/Utilities.py -> /home/alex/Diplomatiki/install/ergodic_exploration/lib/python3.10/site-packages/my_erg_lib\n'}
[8.119978] (ergodic_exploration) StdoutLine: {'line': b'copying /home/alex/Diplomatiki/build/ergodic_exploration/build/lib/my_erg_lib/obstacles.py -> /home/alex/Diplomatiki/install/ergodic_exploration/lib/python3.10/site-packages/my_erg_lib\n'}
[8.120107] (ergodic_exploration) StdoutLine: {'line': b'copying /home/alex/Diplomatiki/build/ergodic_exploration/build/lib/my_erg_lib/ergodic_controllers.py -> /home/alex/Diplomatiki/install/ergodic_exploration/lib/python3.10/site-packages/my_erg_lib\n'}
[8.120231] (ergodic_exploration) StdoutLine: {'line': b'byte-compiling /home/alex/Diplomatiki/install/ergodic_exploration/lib/python3.10/site-packages/ergodic_exploration/__init__.py to __init__.cpython-310.pyc\n'}
[8.120354] (ergodic_exploration) StdoutLine: {'line': b'byte-compiling /home/alex/Diplomatiki/install/ergodic_exploration/lib/python3.10/site-packages/ergodic_exploration/environment.py to environment.cpython-310.pyc\n'}
[8.125069] (ergodic_exploration) StdoutLine: {'line': b'byte-compiling /home/alex/Diplomatiki/install/ergodic_exploration/lib/python3.10/site-packages/ergodic_exploration/agent_node.py to agent_node.cpython-310.pyc\n'}
[8.129114] (ergodic_exploration) StdoutLine: {'line': b'byte-compiling /home/alex/Diplomatiki/install/ergodic_exploration/lib/python3.10/site-packages/ergodic_exploration/dummy_agent.py to dummy_agent.cpython-310.pyc\n'}
[8.129824] (ergodic_exploration) StdoutLine: {'line': b'byte-compiling /home/alex/Diplomatiki/install/ergodic_exploration/lib/python3.10/site-packages/my_erg_lib/vis.py to vis.cpython-310.pyc\n'}
[8.135578] (-) TimerEvent: {}
[8.138272] (ergodic_exploration) StdoutLine: {'line': b'byte-compiling /home/alex/Diplomatiki/install/ergodic_exploration/lib/python3.10/site-packages/my_erg_lib/model_dynamics.py to model_dynamics.cpython-310.pyc\n'}
[8.143426] (ergodic_exploration) StdoutLine: {'line': b'byte-compiling /home/alex/Diplomatiki/install/ergodic_exploration/lib/python3.10/site-packages/my_erg_lib/__init__.py to __init__.cpython-310.pyc\n'}
[8.143716] (ergodic_exploration) StdoutLine: {'line': b'byte-compiling /home/alex/Diplomatiki/install/ergodic_exploration/lib/python3.10/site-packages/my_erg_lib/eid.py to eid.cpython-310.pyc\n'}
[8.145848] (ergodic_exploration) StdoutLine: {'line': b'byte-compiling /home/alex/Diplomatiki/install/ergodic_exploration/lib/python3.10/site-packages/my_erg_lib/basis.py to basis.cpython-310.pyc\n'}
[8.147377] (ergodic_exploration) StdoutLine: {'line': b'byte-compiling /home/alex/Diplomatiki/install/ergodic_exploration/lib/python3.10/site-packages/my_erg_lib/agent.py to agent.cpython-310.pyc\n'}
[8.152250] (ergodic_exploration) StdoutLine: {'line': b'byte-compiling /home/alex/Diplomatiki/install/ergodic_exploration/lib/python3.10/site-packages/my_erg_lib/replay_buffer.py to replay_buffer.cpython-310.pyc\n'}
[8.153044] (ergodic_exploration) StdoutLine: {'line': b'byte-compiling /home/alex/Diplomatiki/install/ergodic_exploration/lib/python3.10/site-packages/my_erg_lib/Utilities.py to Utilities.cpython-310.pyc\n'}
[8.154647] (ergodic_exploration) StdoutLine: {'line': b'byte-compiling /home/alex/Diplomatiki/install/ergodic_exploration/lib/python3.10/site-packages/my_erg_lib/obstacles.py to obstacles.cpython-310.pyc\n'}
[8.155946] (ergodic_exploration) StdoutLine: {'line': b'byte-compiling /home/alex/Diplomatiki/install/ergodic_exploration/lib/python3.10/site-packages/my_erg_lib/ergodic_controllers.py to ergodic_controllers.cpython-310.pyc\n'}
[8.157695] (ergodic_exploration) StdoutLine: {'line': b'running install_data\n'}
[8.158015] (ergodic_exploration) StdoutLine: {'line': b'creating /home/alex/Diplomatiki/install/ergodic_exploration/share/ament_index/resource_index/packages\n'}
[8.158147] (ergodic_exploration) StdoutLine: {'line': b'copying resource/ergodic_exploration -> /home/alex/Diplomatiki/install/ergodic_exploration/share/ament_index/resource_index/packages\n'}
[8.158381] (ergodic_exploration) StdoutLine: {'line': b'copying package.xml -> /home/alex/Diplomatiki/install/ergodic_exploration/share/ergodic_exploration\n'}
[8.158491] (ergodic_exploration) StdoutLine: {'line': b'creating /home/alex/Diplomatiki/install/ergodic_exploration/share/ergodic_exploration/launch\n'}
[8.158597] (ergodic_exploration) StdoutLine: {'line': b'copying launch/big_environment_1.launch.py -> /home/alex/Diplomatiki/install/ergodic_exploration/share/ergodic_exploration/launch\n'}
[8.158776] (ergodic_exploration) StdoutLine: {'line': b'copying launch/fixed_wing_free_fly.launch.py -> /home/alex/Diplomatiki/install/ergodic_exploration/share/ergodic_exploration/launch\n'}
[8.158925] (ergodic_exploration) StdoutLine: {'line': b'copying launch/drones_in_small_space.launch.py -> /home/alex/Diplomatiki/install/ergodic_exploration/share/ergodic_exploration/launch\n'}
[8.159028] (ergodic_exploration) StdoutLine: {'line': b'copying launch/boats_simple.launch.py -> /home/alex/Diplomatiki/install/ergodic_exploration/share/ergodic_exploration/launch\n'}
[8.159150] (ergodic_exploration) StdoutLine: {'line': b'copying launch/multi_agent.launch.py -> /home/alex/Diplomatiki/install/ergodic_exploration/share/ergodic_exploration/launch\n'}
[8.159313] (ergodic_exploration) StdoutLine: {'line': b'creating /home/alex/Diplomatiki/install/ergodic_exploration/share/ergodic_exploration/meshes\n'}
[8.159438] (ergodic_exploration) StdoutLine: {'line': b'copying meshes/car.stl -> /home/alex/Diplomatiki/install/ergodic_exploration/share/ergodic_exploration/meshes\n'}
[8.160235] (ergodic_exploration) StdoutLine: {'line': b'copying meshes/hermes.stl -> /home/alex/Diplomatiki/install/ergodic_exploration/share/ergodic_exploration/meshes\n'}
[8.160755] (ergodic_exploration) StdoutLine: {'line': b'copying meshes/hermes_original.stl -> /home/alex/Diplomatiki/install/ergodic_exploration/share/ergodic_exploration/meshes\n'}
[8.161281] (ergodic_exploration) StdoutLine: {'line': b'copying meshes/boat.stl -> /home/alex/Diplomatiki/install/ergodic_exploration/share/ergodic_exploration/meshes\n'}
[8.161715] (ergodic_exploration) StdoutLine: {'line': b'copying meshes/drone_small.stl -> /home/alex/Diplomatiki/install/ergodic_exploration/share/ergodic_exploration/meshes\n'}
[8.161967] (ergodic_exploration) StdoutLine: {'line': b'copying meshes/drone_big.stl -> /home/alex/Diplomatiki/install/ergodic_exploration/share/ergodic_exploration/meshes\n'}
[8.163272] (ergodic_exploration) StdoutLine: {'line': b'running install_egg_info\n'}
[8.176848] (ergodic_exploration) StdoutLine: {'line': b'Copying ../../build/ergodic_exploration/ergodic_exploration.egg-info to /home/alex/Diplomatiki/install/ergodic_exploration/lib/python3.10/site-packages/ergodic_exploration-0.0.0-py3.10.egg-info\n'}
[8.177364] (ergodic_exploration) StdoutLine: {'line': b'running install_scripts\n'}
[8.203694] (ergodic_exploration) StdoutLine: {'line': b'Installing agent_node script to /home/alex/Diplomatiki/install/ergodic_exploration/lib/ergodic_exploration\n'}
[8.204033] (ergodic_exploration) StdoutLine: {'line': b'Installing environment_node script to /home/alex/Diplomatiki/install/ergodic_exploration/lib/ergodic_exploration\n'}
[8.204512] (ergodic_exploration) StdoutLine: {'line': b"writing list of installed files to '/home/alex/Diplomatiki/build/ergodic_exploration/install.log'\n"}
[8.234588] (ergodic_exploration) CommandEnded: {'returncode': 0}
[8.235682] (-) TimerEvent: {}
[8.242687] (ergodic_exploration) JobEnded: {'identifier': 'ergodic_exploration', 'rc': 0}
[8.243256] (-) EventReactorShutdown: {}
